paddle_left_x,paddle_left_y,ball_x,ball_y,paddle_right_x,paddle_right_y,frame
0,0,1,0,23,0,1
0,0,2,0,23,0,4
0,0,3,0,23,0,7
0,0,4,0,23,0,10
0,0,5,0,23,0,13
0,0,6,0,23,0,16
0,0,7,0,23,0,19
0,0,8,0,23,0,22
0,0,9,0,23,0,25
0,0,10,0,23,0,28
0,0,11,0,23,0,31
0,0,12,0,23,0,34
0,0,13,0,23,0,37
0,0,14,0,23,0,40
0,0,15,0,23,0,43
0,0,16,0,23,0,46
0,0,17,0,23,0,49
0,0,18,0,23,0,52
0,0,19,0,23,0,55
0,0,20,0,23,0,58
0,0,21,0,23,0,61
0,0,22,0,23,0,64
0,0,1,1,23,0,67
0,0,2,1,23,0,70
0,0,3,1,23,0,73
0,0,4,1,23,0,76
0,0,5,1,23,0,79
0,0,6,1,23,0,82
0,0,7,1,23,0,85
0,0,8,1,23,0,88
0,0,9,1,23,0,91
0,0,10,1,23,0,94
0,0,11,1,23,0,97
0,0,12,1,23,0,100
0,0,13,1,23,0,103
0,0,14,1,23,0,106
0,0,15,1,23,0,109
0,0,16,1,23,0,112
0,0,17,1,23,0,115
0,0,18,1,23,0,118
0,0,19,1,23,0,121
0,0,20,1,23,0,124
0,0,21,1,23,0,127
0,0,22,1,23,0,130
0,0,1,2,23,0,133
0,0,2,2,23,0,136
0,0,3,2,23,0,139
0,0,4,2,23,0,142
0,0,5,2,23,0,145
0,0,6,2,23,0,148
0,0,7,2,23,0,151
0,0,8,2,23,0,154
0,0,9,2,23,0,157
0,0,10,2,23,0,160
0,0,11,2,23,0,163
0,0,12,2,23,0,166
0,0,13,2,23,0,169
0,0,14,2,23,0,172
0,0,15,2,23,0,175
0,0,16,2,23,0,178
0,0,17,2,23,0,181
0,0,18,2,23,0,184
0,0,19,2,23,0,187
0,0,20,2,23,0,190
0,0,21,2,23,0,193
0,0,22,2,23,0,196
0,0,1,3,23,0,199
0,0,2,3,23,0,202
0,0,3,3,23,0,205
0,0,4,3,23,0,208
0,0,5,3,23,0,211
0,0,6,3,23,0,214
0,0,7,3,23,0,217
0,0,8,3,23,0,220
0,0,9,3,23,0,223
0,0,10,3,23,0,226
0,0,11,3,23,0,229
0,0,12,3,23,0,232
0,0,13,3,23,0,235
0,0,14,3,23,0,238
0,0,15,3,23,0,241
0,0,16,3,23,0,244
0,0,17,3,23,0,247
0,0,18,3,23,0,250
0,0,19,3,23,0,253
0,0,20,3,23,0,256
0,0,21,3,23,0,259
0,0,22,3,23,0,262
0,0,1,4,23,0,265
0,0,2,4,23,0,268
0,0,3,4,23,0,271
0,0,4,4,23,0,274
0,0,5,4,23,0,277
0,0,6,4,23,0,280
0,0,7,4,23,0,283
0,0,8,4,23,0,286
0,0,9,4,23,0,289
0,0,10,4,23,0,292
0,0,11,4,23,0,295
0,0,12,4,23,0,298
0,0,13,4,23,0,301
0,0,14,4,23,0,304
0,0,15,4,23,0,307
0,0,16,4,23,0,310
0,0,17,4,23,0,313
0,0,18,4,23,0,316
0,0,19,4,23,0,319
0,0,20,4,23,0,322
0,0,21,4,23,0,325
0,0,22,4,23,0,328
0,0,1,5,23,0,331
0,0,2,5,23,0,334
0,0,3,5,23,0,337
0,0,4,5,23,0,340
0,0,5,5,23,0,343
0,0,6,5,23,0,346
0,0,7,5,23,0,349
0,0,8,5,23,0,352
0,0,9,5,23,0,355
0,0,10,5,23,0,358
0,0,11,5,23,0,361
0,0,12,5,23,0,364
0,0,13,5,23,0,367
0,0,14,5,23,0,370
0,0,15,5,23,0,373
0,0,16,5,23,0,376
0,0,17,5,23,0,379
0,0,18,5,23,0,382
0,0,19,5,23,0,385
0,0,20,5,23,0,388
0,0,21,5,23,0,391
0,0,22,5,23,0,394
0,0,0,6,23,0,397
0,0,1,6,23,0,400
0,0,2,6,23,0,403
0,0,3,6,23,0,406
0,0,4,6,23,0,409
0,0,5,6,23,0,412
0,0,6,6,23,0,415
0,0,7,6,23,0,418
0,0,8,6,23,0,421
0,0,9,6,23,0,424
0,0,10,6,23,0,427
0,0,11,6,23,0,430
0,0,12,6,23,0,433
0,0,13,6,23,0,436
0,0,14,6,23,0,439
0,0,15,6,23,0,442
0,0,16,6,23,0,445
0,0,17,6,23,0,448
0,0,18,6,23,0,451
0,0,19,6,23,0,454
0,0,20,6,23,0,457
0,0,21,6,23,0,460
0,0,22,6,23,0,463
0,0,23,6,23,0,466
0,0,0,7,23,0,469
0,0,1,7,23,0,472
0,0,2,7,23,0,475
0,0,3,7,23,0,478
0,0,4,7,23,0,481
0,0,5,7,23,0,484
0,0,6,7,23,0,487
0,0,7,7,23,0,490
0,0,8,7,23,0,493
0,0,9,7,23,0,496
0,0,10,7,23,0,499
0,0,11,7,23,0,502
0,0,12,7,23,0,505
0,0,13,7,23,0,508
0,0,14,7,23,0,511
0,0,15,7,23,0,514
0,0,16,7,23,0,517
0,0,17,7,23,0,520
0,0,18,7,23,0,523
0,0,19,7,23,0,526
0,0,20,7,23,0,529
0,0,21,7,23,0,532
0,0,22,7,23,0,535
0,0,23,7,23,0,538
0,0,0,8,23,0,541
0,0,1,8,23,0,544
0,0,2,8,23,0,547
0,0,3,8,23,0,550
0,0,4,8,23,0,553
0,0,5,8,23,0,556
0,0,6,8,23,0,559
0,0,7,8,23,0,562
0,0,8,8,23,0,565
0,0,9,8,23,0,568
0,0,10,8,23,0,571
0,0,11,8,23,0,574
0,0,12,8,23,0,577
0,0,13,8,23,0,580
0,0,14,8,23,0,583
0,0,15,8,23,0,586
0,0,16,8,23,0,589
0,0,17,8,23,0,592
0,0,18,8,23,0,595
0,0,19,8,23,0,598
0,0,20,8,23,0,601
0,0,21,8,23,0,604
0,0,22,8,23,0,607
0,0,23,8,23,0,610
0,0,0,9,23,0,613
0,0,1,9,23,0,616
0,0,2,9,23,0,619
0,0,3,9,23,0,622
0,0,4,9,23,0,625
0,0,5,9,23,0,628
0,0,6,9,23,0,631
0,0,7,9,23,0,634
0,0,8,9,23,0,637
0,0,9,9,23,0,640
0,0,10,9,23,0,643
0,0,11,9,23,0,646
0,0,12,9,23,0,649
0,0,13,9,23,0,652
0,0,14,9,23,0,655
0,0,15,9,23,0,658
0,0,16,9,23,0,661
0,0,17,9,23,0,664
0,0,18,9,23,0,667
0,0,19,9,23,0,670
0,0,20,9,23,0,673
0,0,21,9,23,0,676
0,0,22,9,23,0,679
0,0,23,9,23,0,682
0,0,0,10,23,0,685
0,0,1,10,23,0,688
0,0,2,10,23,0,691
0,0,3,10,23,0,694
0,0,4,10,23,0,697
0,0,5,10,23,0,700
0,0,6,10,23,0,703
0,0,7,10,23,0,706
0,0,8,10,23,0,709
0,0,9,10,23,0,712
0,0,10,10,23,0,715
0,0,11,10,23,0,718
0,0,12,10,23,0,721
0,0,13,10,23,0,724
0,0,14,10,23,0,727
0,0,15,10,23,0,730
0,0,16,10,23,0,733
0,0,17,10,23,0,736
0,0,18,10,23,0,739
0,0,19,10,23,0,742
0,0,20,10,23,0,745
0,0,21,10,23,0,748
0,0,22,10,23,0,751
0,0,23,10,23,0,754
0,0,0,11,23,0,757
0,0,1,11,23,0,760
0,0,2,11,23,0,763
0,0,3,11,23,0,766
0,0,4,11,23,0,769
0,0,5,11,23,0,772
0,0,6,11,23,0,775
0,0,7,11,23,0,778
0,0,8,11,23,0,781
0,0,9,11,23,0,784
0,0,10,11,23,0,787
0,0,11,11,23,0,790
0,0,12,11,23,0,793
0,0,13,11,23,0,796
0,0,14,11,23,0,799
0,0,15,11,23,0,802
0,0,16,11,23,0,805
0,0,17,11,23,0,808
0,0,18,11,23,0,811
0,0,19,11,23,0,814
0,0,20,11,23,0,817
0,0,21,11,23,0,820
0,0,22,11,23,0,823
0,0,23,11,23,0,826
0,0,0,12,23,0,829
0,0,1,12,23,0,832
0,0,2,12,23,0,835
0,0,3,12,23,0,838
0,0,4,12,23,0,841
0,0,5,12,23,0,844
0,0,6,12,23,0,847
0,0,7,12,23,0,850
0,0,8,12,23,0,853
0,0,9,12,23,0,856
0,0,10,12,23,0,859
0,0,11,12,23,0,862
0,0,12,12,23,0,865
0,0,13,12,23,0,868
0,0,14,12,23,0,871
0,0,15,12,23,0,874
0,0,16,12,23,0,877
0,0,17,12,23,0,880
0,0,18,12,23,0,883
0,0,19,12,23,0,886
0,0,20,12,23,0,889
0,0,21,12,23,0,892
0,0,22,12,23,0,895
0,0,23,12,23,0,898
0,0,0,13,23,0,901
0,0,1,13,23,0,904
0,0,2,13,23,0,907
0,0,3,13,23,0,910
0,0,4,13,23,0,913
0,0,5,13,23,0,916
0,0,6,13,23,0,919
0,0,7,13,23,0,922
0,0,8,13,23,0,925
0,0,9,13,23,0,928
0,0,10,13,23,0,931
0,0,11,13,23,0,934
0,0,12,13,23,0,937
0,0,13,13,23,0,940
0,0,14,13,23,0,943
0,0,15,13,23,0,946
0,0,16,13,23,0,949
0,0,17,13,23,0,952
0,0,18,13,23,0,955
0,0,19,13,23,0,958
0,0,20,13,23,0,961
0,0,21,13,23,0,964
0,0,22,13,23,0,967
0,0,23,13,23,0,970
0,0,1,0,23,1,973
0,0,2,0,23,1,976
0,0,3,0,23,1,979
0,0,4,0,23,1,982
0,0,5,0,23,1,985
0,0,6,0,23,1,988
0,0,7,0,23,1,991
0,0,8,0,23,1,994
0,0,9,0,23,1,997
0,0,10,0,23,1,1000
0,0,11,0,23,1,1003
0,0,12,0,23,1,1006
0,0,13,0,23,1,1009
0,0,14,0,23,1,1012
0,0,15,0,23,1,1015
0,0,16,0,23,1,1018
0,0,17,0,23,1,1021
0,0,18,0,23,1,1024
0,0,19,0,23,1,1027
0,0,20,0,23,1,1030
0,0,21,0,23,1,1033
0,0,22,0,23,1,1036
0,0,23,0,23,1,1039
0,0,1,1,23,1,1042
0,0,2,1,23,1,1045
0,0,3,1,23,1,1048
0,0,4,1,23,1,1051
0,0,5,1,23,1,1054
0,0,6,1,23,1,1057
0,0,7,1,23,1,1060
0,0,8,1,23,1,1063
0,0,9,1,23,1,1066
0,0,10,1,23,1,1069
0,0,11,1,23,1,1072
0,0,12,1,23,1,1075
0,0,13,1,23,1,1078
0,0,14,1,23,1,1081
0,0,15,1,23,1,1084
0,0,16,1,23,1,1087
0,0,17,1,23,1,1090
0,0,18,1,23,1,1093
0,0,19,1,23,1,1096
0,0,20,1,23,1,1099
0,0,21,1,23,1,1102
0,0,22,1,23,1,1105
0,0,1,2,23,1,1108
0,0,2,2,23,1,1111
0,0,3,2,23,1,1114
0,0,4,2,23,1,1117
0,0,5,2,23,1,1120
0,0,6,2,23,1,1123
0,0,7,2,23,1,1126
0,0,8,2,23,1,1129
0,0,9,2,23,1,1132
0,0,10,2,23,1,1135
0,0,11,2,23,1,1138
0,0,12,2,23,1,1141
0,0,13,2,23,1,1144
0,0,14,2,23,1,1147
0,0,15,2,23,1,1150
0,0,16,2,23,1,1153
0,0,17,2,23,1,1156
0,0,18,2,23,1,1159
0,0,19,2,23,1,1162
0,0,20,2,23,1,1165
0,0,21,2,23,1,1168
0,0,22,2,23,1,1171
0,0,1,3,23,1,1174
0,0,2,3,23,1,1177
0,0,3,3,23,1,1180
0,0,4,3,23,1,1183
0,0,5,3,23,1,1186
0,0,6,3,23,1,1189
0,0,7,3,23,1,1192
0,0,8,3,23,1,1195
0,0,9,3,23,1,1198
0,0,10,3,23,1,1201
0,0,11,3,23,1,1204
0,0,12,3,23,1,1207
0,0,13,3,23,1,1210
0,0,14,3,23,1,1213
0,0,15,3,23,1,1216
0,0,16,3,23,1,1219
0,0,17,3,23,1,1222
0,0,18,3,23,1,1225
0,0,19,3,23,1,1228
0,0,20,3,23,1,1231
0,0,21,3,23,1,1234
0,0,22,3,23,1,1237
0,0,1,4,23,1,1240
0,0,2,4,23,1,1243
0,0,3,4,23,1,1246
0,0,4,4,23,1,1249
0,0,5,4,23,1,1252
0,0,6,4,23,1,1255
0,0,7,4,23,1,1258
0,0,8,4,23,1,1261
0,0,9,4,23,1,1264
0,0,10,4,23,1,1267
0,0,11,4,23,1,1270
0,0,12,4,23,1,1273
0,0,13,4,23,1,1276
0,0,14,4,23,1,1279
0,0,15,4,23,1,1282
0,0,16,4,23,1,1285
0,0,17,4,23,1,1288
0,0,18,4,23,1,1291
0,0,19,4,23,1,1294
0,0,20,4,23,1,1297
0,0,21,4,23,1,1300
0,0,22,4,23,1,1303
0,0,1,5,23,1,1306
0,0,2,5,23,1,1309
0,0,3,5,23,1,1312
0,0,4,5,23,1,1315
0,0,5,5,23,1,1318
0,0,6,5,23,1,1321
0,0,7,5,23,1,1324
0,0,8,5,23,1,1327
0,0,9,5,23,1,1330
0,0,10,5,23,1,1333
0,0,11,5,23,1,1336
0,0,12,5,23,1,1339
0,0,13,5,23,1,1342
0,0,14,5,23,1,1345
0,0,15,5,23,1,1348
0,0,16,5,23,1,1351
0,0,17,5,23,1,1354
0,0,18,5,23,1,1357
0,0,19,5,23,1,1360
0,0,20,5,23,1,1363
0,0,21,5,23,1,1366
0,0,22,5,23,1,1369
0,0,0,6,23,1,1372
0,0,1,6,23,1,1375
0,0,2,6,23,1,1378
0,0,3,6,23,1,1381
0,0,4,6,23,1,1384
0,0,5,6,23,1,1387
0,0,6,6,23,1,1390
0,0,7,6,23,1,1393
0,0,8,6,23,1,1396
0,0,9,6,23,1,1399
0,0,10,6,23,1,1402
0,0,11,6,23,1,1405
0,0,12,6,23,1,1408
0,0,13,6,23,1,1411
0,0,14,6,23,1,1414
0,0,15,6,23,1,1417
0,0,16,6,23,1,1420
0,0,17,6,23,1,1423
0,0,18,6,23,1,1426
0,0,19,6,23,1,1429
0,0,20,6,23,1,1432
0,0,21,6,23,1,1435
0,0,22,6,23,1,1438
0,0,0,7,23,1,1441
0,0,1,7,23,1,1444
0,0,2,7,23,1,1447
0,0,3,7,23,1,1450
0,0,4,7,23,1,1453
0,0,5,7,23,1,1456
0,0,6,7,23,1,1459
0,0,7,7,23,1,1462
0,0,8,7,23,1,1465
0,0,9,7,23,1,1468
0,0,10,7,23,1,1471
0,0,11,7,23,1,1474
0,0,12,7,23,1,1477
0,0,13,7,23,1,1480
0,0,14,7,23,1,1483
0,0,15,7,23,1,1486
0,0,16,7,23,1,1489
0,0,17,7,23,1,1492
0,0,18,7,23,1,1495
0,0,19,7,23,1,1498
0,0,20,7,23,1,1501
0,0,21,7,23,1,1504
0,0,22,7,23,1,1507
0,0,23,7,23,1,1510
0,0,0,8,23,1,1513
0,0,1,8,23,1,1516
0,0,2,8,23,1,1519
0,0,3,8,23,1,1522
0,0,4,8,23,1,1525
0,0,5,8,23,1,1528
0,0,6,8,23,1,1531
0,0,7,8,23,1,1534
0,0,8,8,23,1,1537
0,0,9,8,23,1,1540
0,0,10,8,23,1,1543
0,0,11,8,23,1,1546
0,0,12,8,23,1,1549
0,0,13,8,23,1,1552
0,0,14,8,23,1,1555
0,0,15,8,23,1,1558
0,0,16,8,23,1,1561
0,0,17,8,23,1,1564
0,0,18,8,23,1,1567
0,0,19,8,23,1,1570
0,0,20,8,23,1,1573
0,0,21,8,23,1,1576
0,0,22,8,23,1,1579
0,0,23,8,23,1,1582
0,0,0,9,23,1,1585
0,0,1,9,23,1,1588
0,0,2,9,23,1,1591
0,0,3,9,23,1,1594
0,0,4,9,23,1,1597
0,0,5,9,23,1,1600
0,0,6,9,23,1,1603
0,0,7,9,23,1,1606
0,0,8,9,23,1,1609
0,0,9,9,23,1,1612
0,0,10,9,23,1,1615
0,0,11,9,23,1,1618
0,0,12,9,23,1,1621
0,0,13,9,23,1,1624
0,0,14,9,23,1,1627
0,0,15,9,23,1,1630
0,0,16,9,23,1,1633
0,0,17,9,23,1,1636
0,0,18,9,23,1,1639
0,0,19,9,23,1,1642
0,0,20,9,23,1,1645
0,0,21,9,23,1,1648
0,0,22,9,23,1,1651
0,0,23,9,23,1,1654
0,0,0,10,23,1,1657
0,0,1,10,23,1,1660
0,0,2,10,23,1,1663
0,0,3,10,23,1,1666
0,0,4,10,23,1,1669
0,0,5,10,23,1,1672
0,0,6,10,23,1,1675
0,0,7,10,23,1,1678
0,0,8,10,23,1,1681
0,0,9,10,23,1,1684
0,0,10,10,23,1,1687
0,0,11,10,23,1,1690
0,0,12,10,23,1,1693
0,0,13,10,23,1,1696
0,0,14,10,23,1,1699
0,0,15,10,23,1,1702
0,0,16,10,23,1,1705
0,0,17,10,23,1,1708
0,0,18,10,23,1,1711
0,0,19,10,23,1,1714
0,0,20,10,23,1,1717
0,0,21,10,23,1,1720
0,0,22,10,23,1,1723
0,0,23,10,23,1,1726
0,0,0,11,23,1,1729
0,0,1,11,23,1,1732
0,0,2,11,23,1,1735
0,0,3,11,23,1,1738
0,0,4,11,23,1,1741
0,0,5,11,23,1,1744
0,0,6,11,23,1,1747
0,0,7,11,23,1,1750
0,0,8,11,23,1,1753
0,0,9,11,23,1,1756
0,0,10,11,23,1,1759
0,0,11,11,23,1,1762
0,0,12,11,23,1,1765
0,0,13,11,23,1,1768
0,0,14,11,23,1,1771
0,0,15,11,23,1,1774
0,0,16,11,23,1,1777
0,0,17,11,23,1,1780
0,0,18,11,23,1,1783
0,0,19,11,23,1,1786
0,0,20,11,23,1,1789
0,0,21,11,23,1,1792
0,0,22,11,23,1,1795
0,0,23,11,23,1,1798
0,0,0,12,23,1,1801
0,0,1,12,23,1,1804
0,0,2,12,23,1,1807
0,0,3,12,23,1,1810
0,0,4,12,23,1,1813
0,0,5,12,23,1,1816
0,0,6,12,23,1,1819
0,0,7,12,23,1,1822
0,0,8,12,23,1,1825
0,0,9,12,23,1,1828
0,0,10,12,23,1,1831
0,0,11,12,23,1,1834
0,0,12,12,23,1,1837
0,0,13,12,23,1,1840
0,0,14,12,23,1,1843
0,0,15,12,23,1,1846
0,0,16,12,23,1,1849
0,0,17,12,23,1,1852
0,0,18,12,23,1,1855
0,0,19,12,23,1,1858
0,0,20,12,23,1,1861
0,0,21,12,23,1,1864
0,0,22,12,23,1,1867
0,0,23,12,23,1,1870
0,0,0,13,23,1,1873
0,0,1,13,23,1,1876
0,0,2,13,23,1,1879
0,0,3,13,23,1,1882
0,0,4,13,23,1,1885
0,0,5,13,23,1,1888
0,0,6,13,23,1,1891
0,0,7,13,23,1,1894
0,0,8,13,23,1,1897
0,0,9,13,23,1,1900
0,0,10,13,23,1,1903
0,0,11,13,23,1,1906
0,0,12,13,23,1,1909
0,0,13,13,23,1,1912
0,0,14,13,23,1,1915
0,0,15,13,23,1,1918
0,0,16,13,23,1,1921
0,0,17,13,23,1,1924
0,0,18,13,23,1,1927
0,0,19,13,23,1,1930
0,0,20,13,23,1,1933
0,0,21,13,23,1,1936
0,0,22,13,23,1,1939
0,0,23,13,23,1,1942
0,0,1,0,23,2,1945
0,0,2,0,23,2,1948
0,0,3,0,23,2,1951
0,0,4,0,23,2,1954
0,0,5,0,23,2,1957
0,0,6,0,23,2,1960
0,0,7,0,23,2,1963
0,0,8,0,23,2,1966
0,0,9,0,23,2,1969
0,0,10,0,23,2,1972
0,0,11,0,23,2,1975
0,0,12,0,23,2,1978
0,0,13,0,23,2,1981
0,0,14,0,23,2,1984
0,0,15,0,23,2,1987
0,0,16,0,23,2,1990
0,0,17,0,23,2,1993
0,0,18,0,23,2,1996
0,0,19,0,23,2,1999
0,0,20,0,23,2,2002
0,0,21,0,23,2,2005
0,0,22,0,23,2,2008
0,0,23,0,23,2,2011
0,0,1,1,23,2,2014
0,0,2,1,23,2,2017
0,0,3,1,23,2,2020
0,0,4,1,23,2,2023
0,0,5,1,23,2,2026
0,0,6,1,23,2,2029
0,0,7,1,23,2,2032
0,0,8,1,23,2,2035
0,0,9,1,23,2,2038
0,0,10,1,23,2,2041
0,0,11,1,23,2,2044
0,0,12,1,23,2,2047
0,0,13,1,23,2,2050
0,0,14,1,23,2,2053
0,0,15,1,23,2,2056
0,0,16,1,23,2,2059
0,0,17,1,23,2,2062
0,0,18,1,23,2,2065
0,0,19,1,23,2,2068
0,0,20,1,23,2,2071
0,0,21,1,23,2,2074
0,0,22,1,23,2,2077
0,0,23,1,23,2,2080
0,0,1,2,23,2,2083
0,0,2,2,23,2,2086
0,0,3,2,23,2,2089
0,0,4,2,23,2,2092
0,0,5,2,23,2,2095
0,0,6,2,23,2,2098
0,0,7,2,23,2,2101
0,0,8,2,23,2,2104
0,0,9,2,23,2,2107
0,0,10,2,23,2,2110
0,0,11,2,23,2,2113
0,0,12,2,23,2,2116
0,0,13,2,23,2,2119
0,0,14,2,23,2,2122
0,0,15,2,23,2,2125
0,0,16,2,23,2,2128
0,0,17,2,23,2,2131
0,0,18,2,23,2,2134
0,0,19,2,23,2,2137
0,0,20,2,23,2,2140
0,0,21,2,23,2,2143
0,0,22,2,23,2,2146
0,0,1,3,23,2,2149
0,0,2,3,23,2,2152
0,0,3,3,23,2,2155
0,0,4,3,23,2,2158
0,0,5,3,23,2,2161
0,0,6,3,23,2,2164
0,0,7,3,23,2,2167
0,0,8,3,23,2,2170
0,0,9,3,23,2,2173
0,0,10,3,23,2,2176
0,0,11,3,23,2,2179
0,0,12,3,23,2,2182
0,0,13,3,23,2,2185
0,0,14,3,23,2,2188
0,0,15,3,23,2,2191
0,0,16,3,23,2,2194
0,0,17,3,23,2,2197
0,0,18,3,23,2,2200
0,0,19,3,23,2,2203
0,0,20,3,23,2,2206
0,0,21,3,23,2,2209
0,0,22,3,23,2,2212
0,0,1,4,23,2,2215
0,0,2,4,23,2,2218
0,0,3,4,23,2,2221
0,0,4,4,23,2,2224
0,0,5,4,23,2,2227
0,0,6,4,23,2,2230
0,0,7,4,23,2,2233
0,0,8,4,23,2,2236
0,0,9,4,23,2,2239
0,0,10,4,23,2,2242
0,0,11,4,23,2,2245
0,0,12,4,23,2,2248
0,0,13,4,23,2,2251
0,0,14,4,23,2,2254
0,0,15,4,23,2,2257
0,0,16,4,23,2,2260
0,0,17,4,23,2,2263
0,0,18,4,23,2,2266
0,0,19,4,23,2,2269
0,0,20,4,23,2,2272
0,0,21,4,23,2,2275
0,0,22,4,23,2,2278
0,0,1,5,23,2,2281
0,0,2,5,23,2,2284
0,0,3,5,23,2,2287
0,0,4,5,23,2,2290
0,0,5,5,23,2,2293
0,0,6,5,23,2,2296
0,0,7,5,23,2,2299
0,0,8,5,23,2,2302
0,0,9,5,23,2,2305
0,0,10,5,23,2,2308
0,0,11,5,23,2,2311
0,0,12,5,23,2,2314
0,0,13,5,23,2,2317
0,0,14,5,23,2,2320
0,0,15,5,23,2,2323
0,0,16,5,23,2,2326
0,0,17,5,23,2,2329
0,0,18,5,23,2,2332
0,0,19,5,23,2,2335
0,0,20,5,23,2,2338
0,0,21,5,23,2,2341
0,0,22,5,23,2,2344
0,0,0,6,23,2,2347
0,0,1,6,23,2,2350
0,0,2,6,23,2,2353
0,0,3,6,23,2,2356
0,0,4,6,23,2,2359
0,0,5,6,23,2,2362
0,0,6,6,23,2,2365
0,0,7,6,23,2,2368
0,0,8,6,23,2,2371
0,0,9,6,23,2,2374
0,0,10,6,23,2,2377
0,0,11,6,23,2,2380
0,0,12,6,23,2,2383
0,0,13,6,23,2,2386
0,0,14,6,23,2,2389
0,0,15,6,23,2,2392
0,0,16,6,23,2,2395
0,0,17,6,23,2,2398
0,0,18,6,23,2,2401
0,0,19,6,23,2,2404
0,0,20,6,23,2,2407
0,0,21,6,23,2,2410
0,0,22,6,23,2,2413
0,0,0,7,23,2,2416
0,0,1,7,23,2,2419
0,0,2,7,23,2,2422
0,0,3,7,23,2,2425
0,0,4,7,23,2,2428
0,0,5,7,23,2,2431
0,0,6,7,23,2,2434
0,0,7,7,23,2,2437
0,0,8,7,23,2,2440
0,0,9,7,23,2,2443
0,0,10,7,23,2,2446
0,0,11,7,23,2,2449
0,0,12,7,23,2,2452
0,0,13,7,23,2,2455
0,0,14,7,23,2,2458
0,0,15,7,23,2,2461
0,0,16,7,23,2,2464
0,0,17,7,23,2,2467
0,0,18,7,23,2,2470
0,0,19,7,23,2,2473
0,0,20,7,23,2,2476
0,0,21,7,23,2,2479
0,0,22,7,23,2,2482
0,0,0,8,23,2,2485
0,0,1,8,23,2,2488
0,0,2,8,23,2,2491
0,0,3,8,23,2,2494
0,0,4,8,23,2,2497
0,0,5,8,23,2,2500
0,0,6,8,23,2,2503
0,0,7,8,23,2,2506
0,0,8,8,23,2,2509
0,0,9,8,23,2,2512
0,0,10,8,23,2,2515
0,0,11,8,23,2,2518
0,0,12,8,23,2,2521
0,0,13,8,23,2,2524
0,0,14,8,23,2,2527
0,0,15,8,23,2,2530
0,0,16,8,23,2,2533
0,0,17,8,23,2,2536
0,0,18,8,23,2,2539
0,0,19,8,23,2,2542
0,0,20,8,23,2,2545
0,0,21,8,23,2,2548
0,0,22,8,23,2,2551
0,0,23,8,23,2,2554
0,0,0,9,23,2,2557
0,0,1,9,23,2,2560
0,0,2,9,23,2,2563
0,0,3,9,23,2,2566
0,0,4,9,23,2,2569
0,0,5,9,23,2,2572
0,0,6,9,23,2,2575
0,0,7,9,23,2,2578
0,0,8,9,23,2,2581
0,0,9,9,23,2,2584
0,0,10,9,23,2,2587
0,0,11,9,23,2,2590
0,0,12,9,23,2,2593
0,0,13,9,23,2,2596
0,0,14,9,23,2,2599
0,0,15,9,23,2,2602
0,0,16,9,23,2,2605
0,0,17,9,23,2,2608
0,0,18,9,23,2,2611
0,0,19,9,23,2,2614
0,0,20,9,23,2,2617
0,0,21,9,23,2,2620
0,0,22,9,23,2,2623
0,0,23,9,23,2,2626
0,0,0,10,23,2,2629
0,0,1,10,23,2,2632
0,0,2,10,23,2,2635
0,0,3,10,23,2,2638
0,0,4,10,23,2,2641
0,0,5,10,23,2,2644
0,0,6,10,23,2,2647
0,0,7,10,23,2,2650
0,0,8,10,23,2,2653
0,0,9,10,23,2,2656
0,0,10,10,23,2,2659
0,0,11,10,23,2,2662
0,0,12,10,23,2,2665
0,0,13,10,23,2,2668
0,0,14,10,23,2,2671
0,0,15,10,23,2,2674
0,0,16,10,23,2,2677
0,0,17,10,23,2,2680
0,0,18,10,23,2,2683
0,0,19,10,23,2,2686
0,0,20,10,23,2,2689
0,0,21,10,23,2,2692
0,0,22,10,23,2,2695
0,0,23,10,23,2,2698
0,0,0,11,23,2,2701
0,0,1,11,23,2,2704
0,0,2,11,23,2,2707
0,0,3,11,23,2,2710
0,0,4,11,23,2,2713
0,0,5,11,23,2,2716
0,0,6,11,23,2,2719
0,0,7,11,23,2,2722
0,0,8,11,23,2,2725
0,0,9,11,23,2,2728
0,0,10,11,23,2,2731
0,0,11,11,23,2,2734
0,0,12,11,23,2,2737
0,0,13,11,23,2,2740
0,0,14,11,23,2,2743
0,0,15,11,23,2,2746
0,0,16,11,23,2,2749
0,0,17,11,23,2,2752
0,0,18,11,23,2,2755
0,0,19,11,23,2,2758
0,0,20,11,23,2,2761
0,0,21,11,23,2,2764
0,0,22,11,23,2,2767
0,0,23,11,23,2,2770
0,0,0,12,23,2,2773
0,0,1,12,23,2,2776
0,0,2,12,23,2,2779
0,0,3,12,23,2,2782
0,0,4,12,23,2,2785
0,0,5,12,23,2,2788
0,0,6,12,23,2,2791
0,0,7,12,23,2,2794
0,0,8,12,23,2,2797
0,0,9,12,23,2,2800
0,0,10,12,23,2,2803
0,0,11,12,23,2,2806
0,0,12,12,23,2,2809
0,0,13,12,23,2,2812
0,0,14,12,23,2,2815
0,0,15,12,23,2,2818
0,0,16,12,23,2,2821
0,0,17,12,23,2,2824
0,0,18,12,23,2,2827
0,0,19,12,23,2,2830
0,0,20,12,23,2,2833
0,0,21,12,23,2,2836
0,0,22,12,23,2,2839
0,0,23,12,23,2,2842
0,0,0,13,23,2,2845
0,0,1,13,23,2,2848
0,0,2,13,23,2,2851
0,0,3,13,23,2,2854
0,0,4,13,23,2,2857
0,0,5,13,23,2,2860
0,0,6,13,23,2,2863
0,0,7,13,23,2,2866
0,0,8,13,23,2,2869
0,0,9,13,23,2,2872
0,0,10,13,23,2,2875
0,0,11,13,23,2,2878
0,0,12,13,23,2,2881
0,0,13,13,23,2,2884
0,0,14,13,23,2,2887
0,0,15,13,23,2,2890
0,0,16,13,23,2,2893
0,0,17,13,23,2,2896
0,0,18,13,23,2,2899
0,0,19,13,23,2,2902
0,0,20,13,23,2,2905
0,0,21,13,23,2,2908
0,0,22,13,23,2,2911
0,0,23,13,23,2,2914
0,0,1,0,23,3,2917
0,0,2,0,23,3,2920
0,0,3,0,23,3,2923
0,0,4,0,23,3,2926
0,0,5,0,23,3,2929
0,0,6,0,23,3,2932
0,0,7,0,23,3,2935
0,0,8,0,23,3,2938
0,0,9,0,23,3,2941
0,0,10,0,23,3,2944
0,0,11,0,23,3,2947
0,0,12,0,23,3,2950
0,0,13,0,23,3,2953
0,0,14,0,23,3,2956
0,0,15,0,23,3,2959
0,0,16,0,23,3,2962
0,0,17,0,23,3,2965
0,0,18,0,23,3,2968
0,0,19,0,23,3,2971
0,0,20,0,23,3,2974
0,0,21,0,23,3,2977
0,0,22,0,23,3,2980
0,0,23,0,23,3,2983
0,0,1,1,23,3,2986
0,0,2,1,23,3,2989
0,0,3,1,23,3,2992
0,0,4,1,23,3,2995
0,0,5,1,23,3,2998
0,0,6,1,23,3,3001
0,0,7,1,23,3,3004
0,0,8,1,23,3,3007
0,0,9,1,23,3,3010
0,0,10,1,23,3,3013
0,0,11,1,23,3,3016
0,0,12,1,23,3,3019
0,0,13,1,23,3,3022
0,0,14,1,23,3,3025
0,0,15,1,23,3,3028
0,0,16,1,23,3,3031
0,0,17,1,23,3,3034
0,0,18,1,23,3,3037
0,0,19,1,23,3,3040
0,0,20,1,23,3,3043
0,0,21,1,23,3,3046
0,0,22,1,23,3,3049
0,0,23,1,23,3,3052
0,0,1,2,23,3,3055
0,0,2,2,23,3,3058
0,0,3,2,23,3,3061
0,0,4,2,23,3,3064
0,0,5,2,23,3,3067
0,0,6,2,23,3,3070
0,0,7,2,23,3,3073
0,0,8,2,23,3,3076
0,0,9,2,23,3,3079
0,0,10,2,23,3,3082
0,0,11,2,23,3,3085
0,0,12,2,23,3,3088
0,0,13,2,23,3,3091
0,0,14,2,23,3,3094
0,0,15,2,23,3,3097
0,0,16,2,23,3,3100
0,0,17,2,23,3,3103
0,0,18,2,23,3,3106
0,0,19,2,23,3,3109
0,0,20,2,23,3,3112
0,0,21,2,23,3,3115
0,0,22,2,23,3,3118
0,0,23,2,23,3,3121
0,0,1,3,23,3,3124
0,0,2,3,23,3,3127
0,0,3,3,23,3,3130
0,0,4,3,23,3,3133
0,0,5,3,23,3,3136
0,0,6,3,23,3,3139
0,0,7,3,23,3,3142
0,0,8,3,23,3,3145
0,0,9,3,23,3,3148
0,0,10,3,23,3,3151
0,0,11,3,23,3,3154
0,0,12,3,23,3,3157
0,0,13,3,23,3,3160
0,0,14,3,23,3,3163
0,0,15,3,23,3,3166
0,0,16,3,23,3,3169
0,0,17,3,23,3,3172
0,0,18,3,23,3,3175
0,0,19,3,23,3,3178
0,0,20,3,23,3,3181
0,0,21,3,23,3,3184
0,0,22,3,23,3,3187
0,0,1,4,23,3,3190
0,0,2,4,23,3,3193
0,0,3,4,23,3,3196
0,0,4,4,23,3,3199
0,0,5,4,23,3,3202
0,0,6,4,23,3,3205
0,0,7,4,23,3,3208
0,0,8,4,23,3,3211
0,0,9,4,23,3,3214
0,0,10,4,23,3,3217
0,0,11,4,23,3,3220
0,0,12,4,23,3,3223
0,0,13,4,23,3,3226
0,0,14,4,23,3,3229
0,0,15,4,23,3,3232
0,0,16,4,23,3,3235
0,0,17,4,23,3,3238
0,0,18,4,23,3,3241
0,0,19,4,23,3,3244
0,0,20,4,23,3,3247
0,0,21,4,23,3,3250
0,0,22,4,23,3,3253
0,0,1,5,23,3,3256
0,0,2,5,23,3,3259
0,0,3,5,23,3,3262
0,0,4,5,23,3,3265
0,0,5,5,23,3,3268
0,0,6,5,23,3,3271
0,0,7,5,23,3,3274
0,0,8,5,23,3,3277
0,0,9,5,23,3,3280
0,0,10,5,23,3,3283
0,0,11,5,23,3,3286
0,0,12,5,23,3,3289
0,0,13,5,23,3,3292
0,0,14,5,23,3,3295
0,0,15,5,23,3,3298
0,0,16,5,23,3,3301
0,0,17,5,23,3,3304
0,0,18,5,23,3,3307
0,0,19,5,23,3,3310
0,0,20,5,23,3,3313
0,0,21,5,23,3,3316
0,0,22,5,23,3,3319
0,0,0,6,23,3,3322
0,0,1,6,23,3,3325
0,0,2,6,23,3,3328
0,0,3,6,23,3,3331
0,0,4,6,23,3,3334
0,0,5,6,23,3,3337
0,0,6,6,23,3,3340
0,0,7,6,23,3,3343
0,0,8,6,23,3,3346
0,0,9,6,23,3,3349
0,0,10,6,23,3,3352
0,0,11,6,23,3,3355
0,0,12,6,23,3,3358
0,0,13,6,23,3,3361
0,0,14,6,23,3,3364
0,0,15,6,23,3,3367
0,0,16,6,23,3,3370
0,0,17,6,23,3,3373
0,0,18,6,23,3,3376
0,0,19,6,23,3,3379
0,0,20,6,23,3,3382
0,0,21,6,23,3,3385
0,0,22,6,23,3,3388
0,0,0,7,23,3,3391
0,0,1,7,23,3,3394
0,0,2,7,23,3,3397
0,0,3,7,23,3,3400
0,0,4,7,23,3,3403
0,0,5,7,23,3,3406
0,0,6,7,23,3,3409
0,0,7,7,23,3,3412
0,0,8,7,23,3,3415
0,0,9,7,23,3,3418
0,0,10,7,23,3,3421
0,0,11,7,23,3,3424
0,0,12,7,23,3,3427
0,0,13,7,23,3,3430
0,0,14,7,23,3,3433
0,0,15,7,23,3,3436
0,0,16,7,23,3,3439
0,0,17,7,23,3,3442
0,0,18,7,23,3,3445
0,0,19,7,23,3,3448
0,0,20,7,23,3,3451
0,0,21,7,23,3,3454
0,0,22,7,23,3,3457
0,0,0,8,23,3,3460
0,0,1,8,23,3,3463
0,0,2,8,23,3,3466
0,0,3,8,23,3,3469
0,0,4,8,23,3,3472
0,0,5,8,23,3,3475
0,0,6,8,23,3,3478
0,0,7,8,23,3,3481
0,0,8,8,23,3,3484
0,0,9,8,23,3,3487
0,0,10,8,23,3,3490
0,0,11,8,23,3,3493
0,0,12,8,23,3,3496
0,0,13,8,23,3,3499
0,0,14,8,23,3,3502
0,0,15,8,23,3,3505
0,0,16,8,23,3,3508
0,0,17,8,23,3,3511
0,0,18,8,23,3,3514
0,0,19,8,23,3,3517
0,0,20,8,23,3,3520
0,0,21,8,23,3,3523
0,0,22,8,23,3,3526
0,0,0,9,23,3,3529
0,0,1,9,23,3,3532
0,0,2,9,23,3,3535
0,0,3,9,23,3,3538
0,0,4,9,23,3,3541
0,0,5,9,23,3,3544
0,0,6,9,23,3,3547
0,0,7,9,23,3,3550
0,0,8,9,23,3,3553
0,0,9,9,23,3,3556
0,0,10,9,23,3,3559
0,0,11,9,23,3,3562
0,0,12,9,23,3,3565
0,0,13,9,23,3,3568
0,0,14,9,23,3,3571
0,0,15,9,23,3,3574
0,0,16,9,23,3,3577
0,0,17,9,23,3,3580
0,0,18,9,23,3,3583
0,0,19,9,23,3,3586
0,0,20,9,23,3,3589
0,0,21,9,23,3,3592
0,0,22,9,23,3,3595
0,0,23,9,23,3,3598
0,0,0,10,23,3,3601
0,0,1,10,23,3,3604
0,0,2,10,23,3,3607
0,0,3,10,23,3,3610
0,0,4,10,23,3,3613
0,0,5,10,23,3,3616
0,0,6,10,23,3,3619
0,0,7,10,23,3,3622
0,0,8,10,23,3,3625
0,0,9,10,23,3,3628
0,0,10,10,23,3,3631
0,0,11,10,23,3,3634
0,0,12,10,23,3,3637
0,0,13,10,23,3,3640
0,0,14,10,23,3,3643
0,0,15,10,23,3,3646
0,0,16,10,23,3,3649
0,0,17,10,23,3,3652
0,0,18,10,23,3,3655
0,0,19,10,23,3,3658
0,0,20,10,23,3,3661
0,0,21,10,23,3,3664
0,0,22,10,23,3,3667
0,0,23,10,23,3,3670
0,0,0,11,23,3,3673
0,0,1,11,23,3,3676
0,0,2,11,23,3,3679
0,0,3,11,23,3,3682
0,0,4,11,23,3,3685
0,0,5,11,23,3,3688
0,0,6,11,23,3,3691
0,0,7,11,23,3,3694
0,0,8,11,23,3,3697
0,0,9,11,23,3,3700
0,0,10,11,23,3,3703
0,0,11,11,23,3,3706
0,0,12,11,23,3,3709
0,0,13,11,23,3,3712
0,0,14,11,23,3,3715
0,0,15,11,23,3,3718
0,0,16,11,23,3,3721
0,0,17,11,23,3,3724
0,0,18,11,23,3,3727
0,0,19,11,23,3,3730
0,0,20,11,23,3,3733
0,0,21,11,23,3,3736
0,0,22,11,23,3,3739
0,0,23,11,23,3,3742
0,0,0,12,23,3,3745
0,0,1,12,23,3,3748
0,0,2,12,23,3,3751
0,0,3,12,23,3,3754
0,0,4,12,23,3,3757
0,0,5,12,23,3,3760
0,0,6,12,23,3,3763
0,0,7,12,23,3,3766
0,0,8,12,23,3,3769
0,0,9,12,23,3,3772
0,0,10,12,23,3,3775
0,0,11,12,23,3,3778
0,0,12,12,23,3,3781
0,0,13,12,23,3,3784
0,0,14,12,23,3,3787
0,0,15,12,23,3,3790
0,0,16,12,23,3,3793
0,0,17,12,23,3,3796
0,0,18,12,23,3,3799
0,0,19,12,23,3,3802
0,0,20,12,23,3,3805
0,0,21,12,23,3,3808
0,0,22,12,23,3,3811
0,0,23,12,23,3,3814
0,0,0,13,23,3,3817
0,0,1,13,23,3,3820
0,0,2,13,23,3,3823
0,0,3,13,23,3,3826
0,0,4,13,23,3,3829
0,0,5,13,23,3,3832
0,0,6,13,23,3,3835
0,0,7,13,23,3,3838
0,0,8,13,23,3,3841
0,0,9,13,23,3,3844
0,0,10,13,23,3,3847
0,0,11,13,23,3,3850
0,0,12,13,23,3,3853
0,0,13,13,23,3,3856
0,0,14,13,23,3,3859
0,0,15,13,23,3,3862
0,0,16,13,23,3,3865
0,0,17,13,23,3,3868
0,0,18,13,23,3,3871
0,0,19,13,23,3,3874
0,0,20,13,23,3,3877
0,0,21,13,23,3,3880
0,0,22,13,23,3,3883
0,0,23,13,23,3,3886
0,0,1,0,23,4,3889
0,0,2,0,23,4,3892
0,0,3,0,23,4,3895
0,0,4,0,23,4,3898
0,0,5,0,23,4,3901
0,0,6,0,23,4,3904
0,0,7,0,23,4,3907
0,0,8,0,23,4,3910
0,0,9,0,23,4,3913
0,0,10,0,23,4,3916
0,0,11,0,23,4,3919
0,0,12,0,23,4,3922
0,0,13,0,23,4,3925
0,0,14,0,23,4,3928
0,0,15,0,23,4,3931
0,0,16,0,23,4,3934
0,0,17,0,23,4,3937
0,0,18,0,23,4,3940
0,0,19,0,23,4,3943
0,0,20,0,23,4,3946
0,0,21,0,23,4,3949
0,0,22,0,23,4,3952
0,0,23,0,23,4,3955
0,0,1,1,23,4,3958
0,0,2,1,23,4,3961
0,0,3,1,23,4,3964
0,0,4,1,23,4,3967
0,0,5,1,23,4,3970
0,0,6,1,23,4,3973
0,0,7,1,23,4,3976
0,0,8,1,23,4,3979
0,0,9,1,23,4,3982
0,0,10,1,23,4,3985
0,0,11,1,23,4,3988
0,0,12,1,23,4,3991
0,0,13,1,23,4,3994
0,0,14,1,23,4,3997
0,0,15,1,23,4,4000
0,0,16,1,23,4,4003
0,0,17,1,23,4,4006
0,0,18,1,23,4,4009
0,0,19,1,23,4,4012
0,0,20,1,23,4,4015
0,0,21,1,23,4,4018
0,0,22,1,23,4,4021
0,0,23,1,23,4,4024
0,0,1,2,23,4,4027
0,0,2,2,23,4,4030
0,0,3,2,23,4,4033
0,0,4,2,23,4,4036
0,0,5,2,23,4,4039
0,0,6,2,23,4,4042
0,0,7,2,23,4,4045
0,0,8,2,23,4,4048
0,0,9,2,23,4,4051
0,0,10,2,23,4,4054
0,0,11,2,23,4,4057
0,0,12,2,23,4,4060
0,0,13,2,23,4,4063
0,0,14,2,23,4,4066
0,0,15,2,23,4,4069
0,0,16,2,23,4,4072
0,0,17,2,23,4,4075
0,0,18,2,23,4,4078
0,0,19,2,23,4,4081
0,0,20,2,23,4,4084
0,0,21,2,23,4,4087
0,0,22,2,23,4,4090
0,0,23,2,23,4,4093
0,0,1,3,23,4,4096
0,0,2,3,23,4,4099
0,0,3,3,23,4,4102
0,0,4,3,23,4,4105
0,0,5,3,23,4,4108
0,0,6,3,23,4,4111
0,0,7,3,23,4,4114
0,0,8,3,23,4,4117
0,0,9,3,23,4,4120
0,0,10,3,23,4,4123
0,0,11,3,23,4,4126
0,0,12,3,23,4,4129
0,0,13,3,23,4,4132
0,0,14,3,23,4,4135
0,0,15,3,23,4,4138
0,0,16,3,23,4,4141
0,0,17,3,23,4,4144
0,0,18,3,23,4,4147
0,0,19,3,23,4,4150
0,0,20,3,23,4,4153
0,0,21,3,23,4,4156
0,0,22,3,23,4,4159
0,0,23,3,23,4,4162
0,0,1,4,23,4,4165
0,0,2,4,23,4,4168
0,0,3,4,23,4,4171
0,0,4,4,23,4,4174
0,0,5,4,23,4,4177
0,0,6,4,23,4,4180
0,0,7,4,23,4,4183
0,0,8,4,23,4,4186
0,0,9,4,23,4,4189
0,0,10,4,23,4,4192
0,0,11,4,23,4,4195
0,0,12,4,23,4,4198
0,0,13,4,23,4,4201
0,0,14,4,23,4,4204
0,0,15,4,23,4,4207
0,0,16,4,23,4,4210
0,0,17,4,23,4,4213
0,0,18,4,23,4,4216
0,0,19,4,23,4,4219
0,0,20,4,23,4,4222
0,0,21,4,23,4,4225
0,0,22,4,23,4,4228
0,0,1,5,23,4,4231
0,0,2,5,23,4,4234
0,0,3,5,23,4,4237
0,0,4,5,23,4,4240
0,0,5,5,23,4,4243
0,0,6,5,23,4,4246
0,0,7,5,23,4,4249
0,0,8,5,23,4,4252
0,0,9,5,23,4,4255
0,0,10,5,23,4,4258
0,0,11,5,23,4,4261
0,0,12,5,23,4,4264
0,0,13,5,23,4,4267
0,0,14,5,23,4,4270
0,0,15,5,23,4,4273
0,0,16,5,23,4,4276
0,0,17,5,23,4,4279
0,0,18,5,23,4,4282
0,0,19,5,23,4,4285
0,0,20,5,23,4,4288
0,0,21,5,23,4,4291
0,0,22,5,23,4,4294
0,0,0,6,23,4,4297
0,0,1,6,23,4,4300
0,0,2,6,23,4,4303
0,0,3,6,23,4,4306
0,0,4,6,23,4,4309
0,0,5,6,23,4,4312
0,0,6,6,23,4,4315
0,0,7,6,23,4,4318
0,0,8,6,23,4,4321
0,0,9,6,23,4,4324
0,0,10,6,23,4,4327
0,0,11,6,23,4,4330
0,0,12,6,23,4,4333
0,0,13,6,23,4,4336
0,0,14,6,23,4,4339
0,0,15,6,23,4,4342
0,0,16,6,23,4,4345
0,0,17,6,23,4,4348
0,0,18,6,23,4,4351
0,0,19,6,23,4,4354
0,0,20,6,23,4,4357
0,0,21,6,23,4,4360
0,0,22,6,23,4,4363
0,0,0,7,23,4,4366
0,0,1,7,23,4,4369
0,0,2,7,23,4,4372
0,0,3,7,23,4,4375
0,0,4,7,23,4,4378
0,0,5,7,23,4,4381
0,0,6,7,23,4,4384
0,0,7,7,23,4,4387
0,0,8,7,23,4,4390
0,0,9,7,23,4,4393
0,0,10,7,23,4,4396
0,0,11,7,23,4,4399
0,0,12,7,23,4,4402
0,0,13,7,23,4,4405
0,0,14,7,23,4,4408
0,0,15,7,23,4,4411
0,0,16,7,23,4,4414
0,0,17,7,23,4,4417
0,0,18,7,23,4,4420
0,0,19,7,23,4,4423
0,0,20,7,23,4,4426
0,0,21,7,23,4,4429
0,0,22,7,23,4,4432
0,0,0,8,23,4,4435
0,0,1,8,23,4,4438
0,0,2,8,23,4,4441
0,0,3,8,23,4,4444
0,0,4,8,23,4,4447
0,0,5,8,23,4,4450
0,0,6,8,23,4,4453
0,0,7,8,23,4,4456
0,0,8,8,23,4,4459
0,0,9,8,23,4,4462
0,0,10,8,23,4,4465
0,0,11,8,23,4,4468
0,0,12,8,23,4,4471
0,0,13,8,23,4,4474
0,0,14,8,23,4,4477
0,0,15,8,23,4,4480
0,0,16,8,23,4,4483
0,0,17,8,23,4,4486
0,0,18,8,23,4,4489
0,0,19,8,23,4,4492
0,0,20,8,23,4,4495
0,0,21,8,23,4,4498
0,0,22,8,23,4,4501
0,0,0,9,23,4,4504
0,0,1,9,23,4,4507
0,0,2,9,23,4,4510
0,0,3,9,23,4,4513
0,0,4,9,23,4,4516
0,0,5,9,23,4,4519
0,0,6,9,23,4,4522
0,0,7,9,23,4,4525
0,0,8,9,23,4,4528
0,0,9,9,23,4,4531
0,0,10,9,23,4,4534
0,0,11,9,23,4,4537
0,0,12,9,23,4,4540
0,0,13,9,23,4,4543
0,0,14,9,23,4,4546
0,0,15,9,23,4,4549
0,0,16,9,23,4,4552
0,0,17,9,23,4,4555
0,0,18,9,23,4,4558
0,0,19,9,23,4,4561
0,0,20,9,23,4,4564
0,0,21,9,23,4,4567
0,0,22,9,23,4,4570
0,0,0,10,23,4,4573
0,0,1,10,23,4,4576
0,0,2,10,23,4,4579
0,0,3,10,23,4,4582
0,0,4,10,23,4,4585
0,0,5,10,23,4,4588
0,0,6,10,23,4,4591
0,0,7,10,23,4,4594
0,0,8,10,23,4,4597
0,0,9,10,23,4,4600
0,0,10,10,23,4,4603
0,0,11,10,23,4,4606
0,0,12,10,23,4,4609
0,0,13,10,23,4,4612
0,0,14,10,23,4,4615
0,0,15,10,23,4,4618
0,0,16,10,23,4,4621
0,0,17,10,23,4,4624
0,0,18,10,23,4,4627
0,0,19,10,23,4,4630
0,0,20,10,23,4,4633
0,0,21,10,23,4,4636
0,0,22,10,23,4,4639
0,0,23,10,23,4,4642
0,0,0,11,23,4,4645
0,0,1,11,23,4,4648
0,0,2,11,23,4,4651
0,0,3,11,23,4,4654
0,0,4,11,23,4,4657
0,0,5,11,23,4,4660
0,0,6,11,23,4,4663
0,0,7,11,23,4,4666
0,0,8,11,23,4,4669
0,0,9,11,23,4,4672
0,0,10,11,23,4,4675
0,0,11,11,23,4,4678
0,0,12,11,23,4,4681
0,0,13,11,23,4,4684
0,0,14,11,23,4,4687
0,0,15,11,23,4,4690
0,0,16,11,23,4,4693
0,0,17,11,23,4,4696
0,0,18,11,23,4,4699
0,0,19,11,23,4,4702
0,0,20,11,23,4,4705
0,0,21,11,23,4,4708
0,0,22,11,23,4,4711
0,0,23,11,23,4,4714
0,0,0,12,23,4,4717
0,0,1,12,23,4,4720
0,0,2,12,23,4,4723
0,0,3,12,23,4,4726
0,0,4,12,23,4,4729
0,0,5,12,23,4,4732
0,0,6,12,23,4,4735
0,0,7,12,23,4,4738
0,0,8,12,23,4,4741
0,0,9,12,23,4,4744
0,0,10,12,23,4,4747
0,0,11,12,23,4,4750
0,0,12,12,23,4,4753
0,0,13,12,23,4,4756
0,0,14,12,23,4,4759
0,0,15,12,23,4,4762
0,0,16,12,23,4,4765
0,0,17,12,23,4,4768
0,0,18,12,23,4,4771
0,0,19,12,23,4,4774
0,0,20,12,23,4,4777
0,0,21,12,23,4,4780
0,0,22,12,23,4,4783
0,0,23,12,23,4,4786
0,0,0,13,23,4,4789
0,0,1,13,23,4,4792
0,0,2,13,23,4,4795
0,0,3,13,23,4,4798
0,0,4,13,23,4,4801
0,0,5,13,23,4,4804
0,0,6,13,23,4,4807
0,0,7,13,23,4,4810
0,0,8,13,23,4,4813
0,0,9,13,23,4,4816
0,0,10,13,23,4,4819
0,0,11,13,23,4,4822
0,0,12,13,23,4,4825
0,0,13,13,23,4,4828
0,0,14,13,23,4,4831
0,0,15,13,23,4,4834
0,0,16,13,23,4,4837
0,0,17,13,23,4,4840
0,0,18,13,23,4,4843
0,0,19,13,23,4,4846
0,0,20,13,23,4,4849
0,0,21,13,23,4,4852
0,0,22,13,23,4,4855
0,0,23,13,23,4,4858
0,0,1,0,23,5,4861
0,0,2,0,23,5,4864
0,0,3,0,23,5,4867
0,0,4,0,23,5,4870
0,0,5,0,23,5,4873
0,0,6,0,23,5,4876
0,0,7,0,23,5,4879
0,0,8,0,23,5,4882
0,0,9,0,23,5,4885
0,0,10,0,23,5,4888
0,0,11,0,23,5,4891
0,0,12,0,23,5,4894
0,0,13,0,23,5,4897
0,0,14,0,23,5,4900
0,0,15,0,23,5,4903
0,0,16,0,23,5,4906
0,0,17,0,23,5,4909
0,0,18,0,23,5,4912
0,0,19,0,23,5,4915
0,0,20,0,23,5,4918
0,0,21,0,23,5,4921
0,0,22,0,23,5,4924
0,0,23,0,23,5,4927
0,0,1,1,23,5,4930
0,0,2,1,23,5,4933
0,0,3,1,23,5,4936
0,0,4,1,23,5,4939
0,0,5,1,23,5,4942
0,0,6,1,23,5,4945
0,0,7,1,23,5,4948
0,0,8,1,23,5,4951
0,0,9,1,23,5,4954
0,0,10,1,23,5,4957
0,0,11,1,23,5,4960
0,0,12,1,23,5,4963
0,0,13,1,23,5,4966
0,0,14,1,23,5,4969
0,0,15,1,23,5,4972
0,0,16,1,23,5,4975
0,0,17,1,23,5,4978
0,0,18,1,23,5,4981
0,0,19,1,23,5,4984
0,0,20,1,23,5,4987
0,0,21,1,23,5,4990
0,0,22,1,23,5,4993
0,0,23,1,23,5,4996
0,0,1,2,23,5,4999
0,0,2,2,23,5,5002
0,0,3,2,23,5,5005
0,0,4,2,23,5,5008
0,0,5,2,23,5,5011
0,0,6,2,23,5,5014
0,0,7,2,23,5,5017
0,0,8,2,23,5,5020
0,0,9,2,23,5,5023
0,0,10,2,23,5,5026
0,0,11,2,23,5,5029
0,0,12,2,23,5,5032
0,0,13,2,23,5,5035
0,0,14,2,23,5,5038
0,0,15,2,23,5,5041
0,0,16,2,23,5,5044
0,0,17,2,23,5,5047
0,0,18,2,23,5,5050
0,0,19,2,23,5,5053
0,0,20,2,23,5,5056
0,0,21,2,23,5,5059
0,0,22,2,23,5,5062
0,0,23,2,23,5,5065
0,0,1,3,23,5,5068
0,0,2,3,23,5,5071
0,0,3,3,23,5,5074
0,0,4,3,23,5,5077
0,0,5,3,23,5,5080
0,0,6,3,23,5,5083
0,0,7,3,23,5,5086
0,0,8,3,23,5,5089
0,0,9,3,23,5,5092
0,0,10,3,23,5,5095
0,0,11,3,23,5,5098
0,0,12,3,23,5,5101
0,0,13,3,23,5,5104
0,0,14,3,23,5,5107
0,0,15,3,23,5,5110
0,0,16,3,23,5,5113
0,0,17,3,23,5,5116
0,0,18,3,23,5,5119
0,0,19,3,23,5,5122
0,0,20,3,23,5,5125
0,0,21,3,23,5,5128
0,0,22,3,23,5,5131
0,0,23,3,23,5,5134
0,0,1,4,23,5,5137
0,0,2,4,23,5,5140
0,0,3,4,23,5,5143
0,0,4,4,23,5,5146
0,0,5,4,23,5,5149
0,0,6,4,23,5,5152
0,0,7,4,23,5,5155
0,0,8,4,23,5,5158
0,0,9,4,23,5,5161
0,0,10,4,23,5,5164
0,0,11,4,23,5,5167
0,0,12,4,23,5,5170
0,0,13,4,23,5,5173
0,0,14,4,23,5,5176
0,0,15,4,23,5,5179
0,0,16,4,23,5,5182
0,0,17,4,23,5,5185
0,0,18,4,23,5,5188
0,0,19,4,23,5,5191
0,0,20,4,23,5,5194
0,0,21,4,23,5,5197
0,0,22,4,23,5,5200
0,0,23,4,23,5,5203
0,0,1,5,23,5,5206
0,0,2,5,23,5,5209
0,0,3,5,23,5,5212
0,0,4,5,23,5,5215
0,0,5,5,23,5,5218
0,0,6,5,23,5,5221
0,0,7,5,23,5,5224
0,0,8,5,23,5,5227
0,0,9,5,23,5,5230
0,0,10,5,23,5,5233
0,0,11,5,23,5,5236
0,0,12,5,23,5,5239
0,0,13,5,23,5,5242
0,0,14,5,23,5,5245
0,0,15,5,23,5,5248
0,0,16,5,23,5,5251
0,0,17,5,23,5,5254
0,0,18,5,23,5,5257
0,0,19,5,23,5,5260
0,0,20,5,23,5,5263
0,0,21,5,23,5,5266
0,0,22,5,23,5,5269
0,0,0,6,23,5,5272
0,0,1,6,23,5,5275
0,0,2,6,23,5,5278
0,0,3,6,23,5,5281
0,0,4,6,23,5,5284
0,0,5,6,23,5,5287
0,0,6,6,23,5,5290
0,0,7,6,23,5,5293
0,0,8,6,23,5,5296
0,0,9,6,23,5,5299
0,0,10,6,23,5,5302
0,0,11,6,23,5,5305
0,0,12,6,23,5,5308
0,0,13,6,23,5,5311
0,0,14,6,23,5,5314
0,0,15,6,23,5,5317
0,0,16,6,23,5,5320
0,0,17,6,23,5,5323
0,0,18,6,23,5,5326
0,0,19,6,23,5,5329
0,0,20,6,23,5,5332
0,0,21,6,23,5,5335
0,0,22,6,23,5,5338
0,0,0,7,23,5,5341
0,0,1,7,23,5,5344
0,0,2,7,23,5,5347
0,0,3,7,23,5,5350
0,0,4,7,23,5,5353
0,0,5,7,23,5,5356
0,0,6,7,23,5,5359
0,0,7,7,23,5,5362
0,0,8,7,23,5,5365
0,0,9,7,23,5,5368
0,0,10,7,23,5,5371
0,0,11,7,23,5,5374
0,0,12,7,23,5,5377
0,0,13,7,23,5,5380
0,0,14,7,23,5,5383
0,0,15,7,23,5,5386
0,0,16,7,23,5,5389
0,0,17,7,23,5,5392
0,0,18,7,23,5,5395
0,0,19,7,23,5,5398
0,0,20,7,23,5,5401
0,0,21,7,23,5,5404
0,0,22,7,23,5,5407
0,0,0,8,23,5,5410
0,0,1,8,23,5,5413
0,0,2,8,23,5,5416
0,0,3,8,23,5,5419
0,0,4,8,23,5,5422
0,0,5,8,23,5,5425
0,0,6,8,23,5,5428
0,0,7,8,23,5,5431
0,0,8,8,23,5,5434
0,0,9,8,23,5,5437
0,0,10,8,23,5,5440
0,0,11,8,23,5,5443
0,0,12,8,23,5,5446
0,0,13,8,23,5,5449
0,0,14,8,23,5,5452
0,0,15,8,23,5,5455
0,0,16,8,23,5,5458
0,0,17,8,23,5,5461
0,0,18,8,23,5,5464
0,0,19,8,23,5,5467
0,0,20,8,23,5,5470
0,0,21,8,23,5,5473
0,0,22,8,23,5,5476
0,0,0,9,23,5,5479
0,0,1,9,23,5,5482
0,0,2,9,23,5,5485
0,0,3,9,23,5,5488
0,0,4,9,23,5,5491
0,0,5,9,23,5,5494
0,0,6,9,23,5,5497
0,0,7,9,23,5,5500
0,0,8,9,23,5,5503
0,0,9,9,23,5,5506
0,0,10,9,23,5,5509
0,0,11,9,23,5,5512
0,0,12,9,23,5,5515
0,0,13,9,23,5,5518
0,0,14,9,23,5,5521
0,0,15,9,23,5,5524
0,0,16,9,23,5,5527
0,0,17,9,23,5,5530
0,0,18,9,23,5,5533
0,0,19,9,23,5,5536
0,0,20,9,23,5,5539
0,0,21,9,23,5,5542
0,0,22,9,23,5,5545
0,0,0,10,23,5,5548
0,0,1,10,23,5,5551
0,0,2,10,23,5,5554
0,0,3,10,23,5,5557
0,0,4,10,23,5,5560
0,0,5,10,23,5,5563
0,0,6,10,23,5,5566
0,0,7,10,23,5,5569
0,0,8,10,23,5,5572
0,0,9,10,23,5,5575
0,0,10,10,23,5,5578
0,0,11,10,23,5,5581
0,0,12,10,23,5,5584
0,0,13,10,23,5,5587
0,0,14,10,23,5,5590
0,0,15,10,23,5,5593
0,0,16,10,23,5,5596
0,0,17,10,23,5,5599
0,0,18,10,23,5,5602
0,0,19,10,23,5,5605
0,0,20,10,23,5,5608
0,0,21,10,23,5,5611
0,0,22,10,23,5,5614
0,0,0,11,23,5,5617
0,0,1,11,23,5,5620
0,0,2,11,23,5,5623
0,0,3,11,23,5,5626
0,0,4,11,23,5,5629
0,0,5,11,23,5,5632
0,0,6,11,23,5,5635
0,0,7,11,23,5,5638
0,0,8,11,23,5,5641
0,0,9,11,23,5,5644
0,0,10,11,23,5,5647
0,0,11,11,23,5,5650
0,0,12,11,23,5,5653
0,0,13,11,23,5,5656
0,0,14,11,23,5,5659
0,0,15,11,23,5,5662
0,0,16,11,23,5,5665
0,0,17,11,23,5,5668
0,0,18,11,23,5,5671
0,0,19,11,23,5,5674
0,0,20,11,23,5,5677
0,0,21,11,23,5,5680
0,0,22,11,23,5,5683
0,0,23,11,23,5,5686
0,0,0,12,23,5,5689
0,0,1,12,23,5,5692
0,0,2,12,23,5,5695
0,0,3,12,23,5,5698
0,0,4,12,23,5,5701
0,0,5,12,23,5,5704
0,0,6,12,23,5,5707
0,0,7,12,23,5,5710
0,0,8,12,23,5,5713
0,0,9,12,23,5,5716
0,0,10,12,23,5,5719
0,0,11,12,23,5,5722
0,0,12,12,23,5,5725
0,0,13,12,23,5,5728
0,0,14,12,23,5,5731
0,0,15,12,23,5,5734
0,0,16,12,23,5,5737
0,0,17,12,23,5,5740
0,0,18,12,23,5,5743
0,0,19,12,23,5,5746
0,0,20,12,23,5,5749
0,0,21,12,23,5,5752
0,0,22,12,23,5,5755
0,0,23,12,23,5,5758
0,0,0,13,23,5,5761
0,0,1,13,23,5,5764
0,0,2,13,23,5,5767
0,0,3,13,23,5,5770
0,0,4,13,23,5,5773
0,0,5,13,23,5,5776
0,0,6,13,23,5,5779
0,0,7,13,23,5,5782
0,0,8,13,23,5,5785
0,0,9,13,23,5,5788
0,0,10,13,23,5,5791
0,0,11,13,23,5,5794
0,0,12,13,23,5,5797
0,0,13,13,23,5,5800
0,0,14,13,23,5,5803
0,0,15,13,23,5,5806
0,0,16,13,23,5,5809
0,0,17,13,23,5,5812
0,0,18,13,23,5,5815
0,0,19,13,23,5,5818
0,0,20,13,23,5,5821
0,0,21,13,23,5,5824
0,0,22,13,23,5,5827
0,0,23,13,23,5,5830
0,0,1,0,23,6,5833
0,0,2,0,23,6,5836
0,0,3,0,23,6,5839
0,0,4,0,23,6,5842
0,0,5,0,23,6,5845
0,0,6,0,23,6,5848
0,0,7,0,23,6,5851
0,0,8,0,23,6,5854
0,0,9,0,23,6,5857
0,0,10,0,23,6,5860
0,0,11,0,23,6,5863
0,0,12,0,23,6,5866
0,0,13,0,23,6,5869
0,0,14,0,23,6,5872
0,0,15,0,23,6,5875
0,0,16,0,23,6,5878
0,0,17,0,23,6,5881
0,0,18,0,23,6,5884
0,0,19,0,23,6,5887
0,0,20,0,23,6,5890
0,0,21,0,23,6,5893
0,0,22,0,23,6,5896
0,0,23,0,23,6,5899
0,0,1,1,23,6,5902
0,0,2,1,23,6,5905
0,0,3,1,23,6,5908
0,0,4,1,23,6,5911
0,0,5,1,23,6,5914
0,0,6,1,23,6,5917
0,0,7,1,23,6,5920
0,0,8,1,23,6,5923
0,0,9,1,23,6,5926
0,0,10,1,23,6,5929
0,0,11,1,23,6,5932
0,0,12,1,23,6,5935
0,0,13,1,23,6,5938
0,0,14,1,23,6,5941
0,0,15,1,23,6,5944
0,0,16,1,23,6,5947
0,0,17,1,23,6,5950
0,0,18,1,23,6,5953
0,0,19,1,23,6,5956
0,0,20,1,23,6,5959
0,0,21,1,23,6,5962
0,0,22,1,23,6,5965
0,0,23,1,23,6,5968
0,0,1,2,23,6,5971
0,0,2,2,23,6,5974
0,0,3,2,23,6,5977
0,0,4,2,23,6,5980
0,0,5,2,23,6,5983
0,0,6,2,23,6,5986
0,0,7,2,23,6,5989
0,0,8,2,23,6,5992
0,0,9,2,23,6,5995
0,0,10,2,23,6,5998
0,0,11,2,23,6,6001
0,0,12,2,23,6,6004
0,0,13,2,23,6,6007
0,0,14,2,23,6,6010
0,0,15,2,23,6,6013
0,0,16,2,23,6,6016
0,0,17,2,23,6,6019
0,0,18,2,23,6,6022
0,0,19,2,23,6,6025
0,0,20,2,23,6,6028
0,0,21,2,23,6,6031
0,0,22,2,23,6,6034
0,0,23,2,23,6,6037
0,0,1,3,23,6,6040
0,0,2,3,23,6,6043
0,0,3,3,23,6,6046
0,0,4,3,23,6,6049
0,0,5,3,23,6,6052
0,0,6,3,23,6,6055
0,0,7,3,23,6,6058
0,0,8,3,23,6,6061
0,0,9,3,23,6,6064
0,0,10,3,23,6,6067
0,0,11,3,23,6,6070
0,0,12,3,23,6,6073
0,0,13,3,23,6,6076
0,0,14,3,23,6,6079
0,0,15,3,23,6,6082
0,0,16,3,23,6,6085
0,0,17,3,23,6,6088
0,0,18,3,23,6,6091
0,0,19,3,23,6,6094
0,0,20,3,23,6,6097
0,0,21,3,23,6,6100
0,0,22,3,23,6,6103
0,0,23,3,23,6,6106
0,0,1,4,23,6,6109
0,0,2,4,23,6,6112
0,0,3,4,23,6,6115
0,0,4,4,23,6,6118
0,0,5,4,23,6,6121
0,0,6,4,23,6,6124
0,0,7,4,23,6,6127
0,0,8,4,23,6,6130
0,0,9,4,23,6,6133
0,0,10,4,23,6,6136
0,0,11,4,23,6,6139
0,0,12,4,23,6,6142
0,0,13,4,23,6,6145
0,0,14,4,23,6,6148
0,0,15,4,23,6,6151
0,0,16,4,23,6,6154
0,0,17,4,23,6,6157
0,0,18,4,23,6,6160
0,0,19,4,23,6,6163
0,0,20,4,23,6,6166
0,0,21,4,23,6,6169
0,0,22,4,23,6,6172
0,0,23,4,23,6,6175
0,0,1,5,23,6,6178
0,0,2,5,23,6,6181
0,0,3,5,23,6,6184
0,0,4,5,23,6,6187
0,0,5,5,23,6,6190
0,0,6,5,23,6,6193
0,0,7,5,23,6,6196
0,0,8,5,23,6,6199
0,0,9,5,23,6,6202
0,0,10,5,23,6,6205
0,0,11,5,23,6,6208
0,0,12,5,23,6,6211
0,0,13,5,23,6,6214
0,0,14,5,23,6,6217
0,0,15,5,23,6,6220
0,0,16,5,23,6,6223
0,0,17,5,23,6,6226
0,0,18,5,23,6,6229
0,0,19,5,23,6,6232
0,0,20,5,23,6,6235
0,0,21,5,23,6,6238
0,0,22,5,23,6,6241
0,0,23,5,23,6,6244
0,0,0,6,23,6,6247
0,0,1,6,23,6,6250
0,0,2,6,23,6,6253
0,0,3,6,23,6,6256
0,0,4,6,23,6,6259
0,0,5,6,23,6,6262
0,0,6,6,23,6,6265
0,0,7,6,23,6,6268
0,0,8,6,23,6,6271
0,0,9,6,23,6,6274
0,0,10,6,23,6,6277
0,0,11,6,23,6,6280
0,0,12,6,23,6,6283
0,0,13,6,23,6,6286
0,0,14,6,23,6,6289
0,0,15,6,23,6,6292
0,0,16,6,23,6,6295
0,0,17,6,23,6,6298
0,0,18,6,23,6,6301
0,0,19,6,23,6,6304
0,0,20,6,23,6,6307
0,0,21,6,23,6,6310
0,0,22,6,23,6,6313
0,0,0,7,23,6,6316
0,0,1,7,23,6,6319
0,0,2,7,23,6,6322
0,0,3,7,23,6,6325
0,0,4,7,23,6,6328
0,0,5,7,23,6,6331
0,0,6,7,23,6,6334
0,0,7,7,23,6,6337
0,0,8,7,23,6,6340
0,0,9,7,23,6,6343
0,0,10,7,23,6,6346
0,0,11,7,23,6,6349
0,0,12,7,23,6,6352
0,0,13,7,23,6,6355
0,0,14,7,23,6,6358
0,0,15,7,23,6,6361
0,0,16,7,23,6,6364
0,0,17,7,23,6,6367
0,0,18,7,23,6,6370
0,0,19,7,23,6,6373
0,0,20,7,23,6,6376
0,0,21,7,23,6,6379
0,0,22,7,23,6,6382
0,0,0,8,23,6,6385
0,0,1,8,23,6,6388
0,0,2,8,23,6,6391
0,0,3,8,23,6,6394
0,0,4,8,23,6,6397
0,0,5,8,23,6,6400
0,0,6,8,23,6,6403
0,0,7,8,23,6,6406
0,0,8,8,23,6,6409
0,0,9,8,23,6,6412
0,0,10,8,23,6,6415
0,0,11,8,23,6,6418
0,0,12,8,23,6,6421
0,0,13,8,23,6,6424
0,0,14,8,23,6,6427
0,0,15,8,23,6,6430
0,0,16,8,23,6,6433
0,0,17,8,23,6,6436
0,0,18,8,23,6,6439
0,0,19,8,23,6,6442
0,0,20,8,23,6,6445
0,0,21,8,23,6,6448
0,0,22,8,23,6,6451
0,0,0,9,23,6,6454
0,0,1,9,23,6,6457
0,0,2,9,23,6,6460
0,0,3,9,23,6,6463
0,0,4,9,23,6,6466
0,0,5,9,23,6,6469
0,0,6,9,23,6,6472
0,0,7,9,23,6,6475
0,0,8,9,23,6,6478
0,0,9,9,23,6,6481
0,0,10,9,23,6,6484
0,0,11,9,23,6,6487
0,0,12,9,23,6,6490
0,0,13,9,23,6,6493
0,0,14,9,23,6,6496
0,0,15,9,23,6,6499
0,0,16,9,23,6,6502
0,0,17,9,23,6,6505
0,0,18,9,23,6,6508
0,0,19,9,23,6,6511
0,0,20,9,23,6,6514
0,0,21,9,23,6,6517
0,0,22,9,23,6,6520
0,0,0,10,23,6,6523
0,0,1,10,23,6,6526
0,0,2,10,23,6,6529
0,0,3,10,23,6,6532
0,0,4,10,23,6,6535
0,0,5,10,23,6,6538
0,0,6,10,23,6,6541
0,0,7,10,23,6,6544
0,0,8,10,23,6,6547
0,0,9,10,23,6,6550
0,0,10,10,23,6,6553
0,0,11,10,23,6,6556
0,0,12,10,23,6,6559
0,0,13,10,23,6,6562
0,0,14,10,23,6,6565
0,0,15,10,23,6,6568
0,0,16,10,23,6,6571
0,0,17,10,23,6,6574
0,0,18,10,23,6,6577
0,0,19,10,23,6,6580
0,0,20,10,23,6,6583
0,0,21,10,23,6,6586
0,0,22,10,23,6,6589
0,0,0,11,23,6,6592
0,0,1,11,23,6,6595
0,0,2,11,23,6,6598
0,0,3,11,23,6,6601
0,0,4,11,23,6,6604
0,0,5,11,23,6,6607
0,0,6,11,23,6,6610
0,0,7,11,23,6,6613
0,0,8,11,23,6,6616
0,0,9,11,23,6,6619
0,0,10,11,23,6,6622
0,0,11,11,23,6,6625
0,0,12,11,23,6,6628
0,0,13,11,23,6,6631
0,0,14,11,23,6,6634
0,0,15,11,23,6,6637
0,0,16,11,23,6,6640
0,0,17,11,23,6,6643
0,0,18,11,23,6,6646
0,0,19,11,23,6,6649
0,0,20,11,23,6,6652
0,0,21,11,23,6,6655
0,0,22,11,23,6,6658
0,0,0,12,23,6,6661
0,0,1,12,23,6,6664
0,0,2,12,23,6,6667
0,0,3,12,23,6,6670
0,0,4,12,23,6,6673
0,0,5,12,23,6,6676
0,0,6,12,23,6,6679
0,0,7,12,23,6,6682
0,0,8,12,23,6,6685
0,0,9,12,23,6,6688
0,0,10,12,23,6,6691
0,0,11,12,23,6,6694
0,0,12,12,23,6,6697
0,0,13,12,23,6,6700
0,0,14,12,23,6,6703
0,0,15,12,23,6,6706
0,0,16,12,23,6,6709
0,0,17,12,23,6,6712
0,0,18,12,23,6,6715
0,0,19,12,23,6,6718
0,0,20,12,23,6,6721
0,0,21,12,23,6,6724
0,0,22,12,23,6,6727
0,0,23,12,23,6,6730
0,0,0,13,23,6,6733
0,0,1,13,23,6,6736
0,0,2,13,23,6,6739
0,0,3,13,23,6,6742
0,0,4,13,23,6,6745
0,0,5,13,23,6,6748
0,0,6,13,23,6,6751
0,0,7,13,23,6,6754
0,0,8,13,23,6,6757
0,0,9,13,23,6,6760
0,0,10,13,23,6,6763
0,0,11,13,23,6,6766
0,0,12,13,23,6,6769
0,0,13,13,23,6,6772
0,0,14,13,23,6,6775
0,0,15,13,23,6,6778
0,0,16,13,23,6,6781
0,0,17,13,23,6,6784
0,0,18,13,23,6,6787
0,0,19,13,23,6,6790
0,0,20,13,23,6,6793
0,0,21,13,23,6,6796
0,0,22,13,23,6,6799
0,0,23,13,23,6,6802
0,0,1,0,23,7,6805
0,0,2,0,23,7,6808
0,0,3,0,23,7,6811
0,0,4,0,23,7,6814
0,0,5,0,23,7,6817
0,0,6,0,23,7,6820
0,0,7,0,23,7,6823
0,0,8,0,23,7,6826
0,0,9,0,23,7,6829
0,0,10,0,23,7,6832
0,0,11,0,23,7,6835
0,0,12,0,23,7,6838
0,0,13,0,23,7,6841
0,0,14,0,23,7,6844
0,0,15,0,23,7,6847
0,0,16,0,23,7,6850
0,0,17,0,23,7,6853
0,0,18,0,23,7,6856
0,0,19,0,23,7,6859
0,0,20,0,23,7,6862
0,0,21,0,23,7,6865
0,0,22,0,23,7,6868
0,0,23,0,23,7,6871
0,0,1,1,23,7,6874
0,0,2,1,23,7,6877
0,0,3,1,23,7,6880
0,0,4,1,23,7,6883
0,0,5,1,23,7,6886
0,0,6,1,23,7,6889
0,0,7,1,23,7,6892
0,0,8,1,23,7,6895
0,0,9,1,23,7,6898
0,0,10,1,23,7,6901
0,0,11,1,23,7,6904
0,0,12,1,23,7,6907
0,0,13,1,23,7,6910
0,0,14,1,23,7,6913
0,0,15,1,23,7,6916
0,0,16,1,23,7,6919
0,0,17,1,23,7,6922
0,0,18,1,23,7,6925
0,0,19,1,23,7,6928
0,0,20,1,23,7,6931
0,0,21,1,23,7,6934
0,0,22,1,23,7,6937
0,0,23,1,23,7,6940
0,0,1,2,23,7,6943
0,0,2,2,23,7,6946
0,0,3,2,23,7,6949
0,0,4,2,23,7,6952
0,0,5,2,23,7,6955
0,0,6,2,23,7,6958
0,0,7,2,23,7,6961
0,0,8,2,23,7,6964
0,0,9,2,23,7,6967
0,0,10,2,23,7,6970
0,0,11,2,23,7,6973
0,0,12,2,23,7,6976
0,0,13,2,23,7,6979
0,0,14,2,23,7,6982
0,0,15,2,23,7,6985
0,0,16,2,23,7,6988
0,0,17,2,23,7,6991
0,0,18,2,23,7,6994
0,0,19,2,23,7,6997
0,0,20,2,23,7,7000
0,0,21,2,23,7,7003
0,0,22,2,23,7,7006
0,0,23,2,23,7,7009
0,0,1,3,23,7,7012
0,0,2,3,23,7,7015
0,0,3,3,23,7,7018
0,0,4,3,23,7,7021
0,0,5,3,23,7,7024
0,0,6,3,23,7,7027
0,0,7,3,23,7,7030
0,0,8,3,23,7,7033
0,0,9,3,23,7,7036
0,0,10,3,23,7,7039
0,0,11,3,23,7,7042
0,0,12,3,23,7,7045
0,0,13,3,23,7,7048
0,0,14,3,23,7,7051
0,0,15,3,23,7,7054
0,0,16,3,23,7,7057
0,0,17,3,23,7,7060
0,0,18,3,23,7,7063
0,0,19,3,23,7,7066
0,0,20,3,23,7,7069
0,0,21,3,23,7,7072
0,0,22,3,23,7,7075
0,0,23,3,23,7,7078
0,0,1,4,23,7,7081
0,0,2,4,23,7,7084
0,0,3,4,23,7,7087
0,0,4,4,23,7,7090
0,0,5,4,23,7,7093
0,0,6,4,23,7,7096
0,0,7,4,23,7,7099
0,0,8,4,23,7,7102
0,0,9,4,23,7,7105
0,0,10,4,23,7,7108
0,0,11,4,23,7,7111
0,0,12,4,23,7,7114
0,0,13,4,23,7,7117
0,0,14,4,23,7,7120
0,0,15,4,23,7,7123
0,0,16,4,23,7,7126
0,0,17,4,23,7,7129
0,0,18,4,23,7,7132
0,0,19,4,23,7,7135
0,0,20,4,23,7,7138
0,0,21,4,23,7,7141
0,0,22,4,23,7,7144
0,0,23,4,23,7,7147
0,0,1,5,23,7,7150
0,0,2,5,23,7,7153
0,0,3,5,23,7,7156
0,0,4,5,23,7,7159
0,0,5,5,23,7,7162
0,0,6,5,23,7,7165
0,0,7,5,23,7,7168
0,0,8,5,23,7,7171
0,0,9,5,23,7,7174
0,0,10,5,23,7,7177
0,0,11,5,23,7,7180
0,0,12,5,23,7,7183
0,0,13,5,23,7,7186
0,0,14,5,23,7,7189
0,0,15,5,23,7,7192
0,0,16,5,23,7,7195
0,0,17,5,23,7,7198
0,0,18,5,23,7,7201
0,0,19,5,23,7,7204
0,0,20,5,23,7,7207
0,0,21,5,23,7,7210
0,0,22,5,23,7,7213
0,0,23,5,23,7,7216
0,0,0,6,23,7,7219
0,0,1,6,23,7,7222
0,0,2,6,23,7,7225
0,0,3,6,23,7,7228
0,0,4,6,23,7,7231
0,0,5,6,23,7,7234
0,0,6,6,23,7,7237
0,0,7,6,23,7,7240
0,0,8,6,23,7,7243
0,0,9,6,23,7,7246
0,0,10,6,23,7,7249
0,0,11,6,23,7,7252
0,0,12,6,23,7,7255
0,0,13,6,23,7,7258
0,0,14,6,23,7,7261
0,0,15,6,23,7,7264
0,0,16,6,23,7,7267
0,0,17,6,23,7,7270
0,0,18,6,23,7,7273
0,0,19,6,23,7,7276
0,0,20,6,23,7,7279
0,0,21,6,23,7,7282
0,0,22,6,23,7,7285
0,0,23,6,23,7,7288
0,0,0,7,23,7,7291
0,0,1,7,23,7,7294
0,0,2,7,23,7,7297
0,0,3,7,23,7,7300
0,0,4,7,23,7,7303
0,0,5,7,23,7,7306
0,0,6,7,23,7,7309
0,0,7,7,23,7,7312
0,0,8,7,23,7,7315
0,0,9,7,23,7,7318
0,0,10,7,23,7,7321
0,0,11,7,23,7,7324
0,0,12,7,23,7,7327
0,0,13,7,23,7,7330
0,0,14,7,23,7,7333
0,0,15,7,23,7,7336
0,0,16,7,23,7,7339
0,0,17,7,23,7,7342
0,0,18,7,23,7,7345
0,0,19,7,23,7,7348
0,0,20,7,23,7,7351
0,0,21,7,23,7,7354
0,0,22,7,23,7,7357
0,0,0,8,23,7,7360
0,0,1,8,23,7,7363
0,0,2,8,23,7,7366
0,0,3,8,23,7,7369
0,0,4,8,23,7,7372
0,0,5,8,23,7,7375
0,0,6,8,23,7,7378
0,0,7,8,23,7,7381
0,0,8,8,23,7,7384
0,0,9,8,23,7,7387
0,0,10,8,23,7,7390
0,0,11,8,23,7,7393
0,0,12,8,23,7,7396
0,0,13,8,23,7,7399
0,0,14,8,23,7,7402
0,0,15,8,23,7,7405
0,0,16,8,23,7,7408
0,0,17,8,23,7,7411
0,0,18,8,23,7,7414
0,0,19,8,23,7,7417
0,0,20,8,23,7,7420
0,0,21,8,23,7,7423
0,0,22,8,23,7,7426
0,0,0,9,23,7,7429
0,0,1,9,23,7,7432
0,0,2,9,23,7,7435
0,0,3,9,23,7,7438
0,0,4,9,23,7,7441
0,0,5,9,23,7,7444
0,0,6,9,23,7,7447
0,0,7,9,23,7,7450
0,0,8,9,23,7,7453
0,0,9,9,23,7,7456
0,0,10,9,23,7,7459
0,0,11,9,23,7,7462
0,0,12,9,23,7,7465
0,0,13,9,23,7,7468
0,0,14,9,23,7,7471
0,0,15,9,23,7,7474
0,0,16,9,23,7,7477
0,0,17,9,23,7,7480
0,0,18,9,23,7,7483
0,0,19,9,23,7,7486
0,0,20,9,23,7,7489
0,0,21,9,23,7,7492
0,0,22,9,23,7,7495
0,0,0,10,23,7,7498
0,0,1,10,23,7,7501
0,0,2,10,23,7,7504
0,0,3,10,23,7,7507
0,0,4,10,23,7,7510
0,0,5,10,23,7,7513
0,0,6,10,23,7,7516
0,0,7,10,23,7,7519
0,0,8,10,23,7,7522
0,0,9,10,23,7,7525
0,0,10,10,23,7,7528
0,0,11,10,23,7,7531
0,0,12,10,23,7,7534
0,0,13,10,23,7,7537
0,0,14,10,23,7,7540
0,0,15,10,23,7,7543
0,0,16,10,23,7,7546
0,0,17,10,23,7,7549
0,0,18,10,23,7,7552
0,0,19,10,23,7,7555
0,0,20,10,23,7,7558
0,0,21,10,23,7,7561
0,0,22,10,23,7,7564
0,0,0,11,23,7,7567
0,0,1,11,23,7,7570
0,0,2,11,23,7,7573
0,0,3,11,23,7,7576
0,0,4,11,23,7,7579
0,0,5,11,23,7,7582
0,0,6,11,23,7,7585
0,0,7,11,23,7,7588
0,0,8,11,23,7,7591
0,0,9,11,23,7,7594
0,0,10,11,23,7,7597
0,0,11,11,23,7,7600
0,0,12,11,23,7,7603
0,0,13,11,23,7,7606
0,0,14,11,23,7,7609
0,0,15,11,23,7,7612
0,0,16,11,23,7,7615
0,0,17,11,23,7,7618
0,0,18,11,23,7,7621
0,0,19,11,23,7,7624
0,0,20,11,23,7,7627
0,0,21,11,23,7,7630
0,0,22,11,23,7,7633
0,0,0,12,23,7,7636
0,0,1,12,23,7,7639
0,0,2,12,23,7,7642
0,0,3,12,23,7,7645
0,0,4,12,23,7,7648
0,0,5,12,23,7,7651
0,0,6,12,23,7,7654
0,0,7,12,23,7,7657
0,0,8,12,23,7,7660
0,0,9,12,23,7,7663
0,0,10,12,23,7,7666
0,0,11,12,23,7,7669
0,0,12,12,23,7,7672
0,0,13,12,23,7,7675
0,0,14,12,23,7,7678
0,0,15,12,23,7,7681
0,0,16,12,23,7,7684
0,0,17,12,23,7,7687
0,0,18,12,23,7,7690
0,0,19,12,23,7,7693
0,0,20,12,23,7,7696
0,0,21,12,23,7,7699
0,0,22,12,23,7,7702
0,0,0,13,23,7,7705
0,0,1,13,23,7,7708
0,0,2,13,23,7,7711
0,0,3,13,23,7,7714
0,0,4,13,23,7,7717
0,0,5,13,23,7,7720
0,0,6,13,23,7,7723
0,0,7,13,23,7,7726
0,0,8,13,23,7,7729
0,0,9,13,23,7,7732
0,0,10,13,23,7,7735
0,0,11,13,23,7,7738
0,0,12,13,23,7,7741
0,0,13,13,23,7,7744
0,0,14,13,23,7,7747
0,0,15,13,23,7,7750
0,0,16,13,23,7,7753
0,0,17,13,23,7,7756
0,0,18,13,23,7,7759
0,0,19,13,23,7,7762
0,0,20,13,23,7,7765
0,0,21,13,23,7,7768
0,0,22,13,23,7,7771
0,0,23,13,23,7,7774
0,0,1,0,23,8,7777
0,0,2,0,23,8,7780
0,0,3,0,23,8,7783
0,0,4,0,23,8,7786
0,0,5,0,23,8,7789
0,0,6,0,23,8,7792
0,0,7,0,23,8,7795
0,0,8,0,23,8,7798
0,0,9,0,23,8,7801
0,0,10,0,23,8,7804
0,0,11,0,23,8,7807
0,0,12,0,23,8,7810
0,0,13,0,23,8,7813
0,0,14,0,23,8,7816
0,0,15,0,23,8,7819
0,0,16,0,23,8,7822
0,0,17,0,23,8,7825
0,0,18,0,23,8,7828
0,0,19,0,23,8,7831
0,0,20,0,23,8,7834
0,0,21,0,23,8,7837
0,0,22,0,23,8,7840
0,0,23,0,23,8,7843
0,0,1,1,23,8,7846
0,0,2,1,23,8,7849
0,0,3,1,23,8,7852
0,0,4,1,23,8,7855
0,0,5,1,23,8,7858
0,0,6,1,23,8,7861
0,0,7,1,23,8,7864
0,0,8,1,23,8,7867
0,0,9,1,23,8,7870
0,0,10,1,23,8,7873
0,0,11,1,23,8,7876
0,0,12,1,23,8,7879
0,0,13,1,23,8,7882
0,0,14,1,23,8,7885
0,0,15,1,23,8,7888
0,0,16,1,23,8,7891
0,0,17,1,23,8,7894
0,0,18,1,23,8,7897
0,0,19,1,23,8,7900
0,0,20,1,23,8,7903
0,0,21,1,23,8,7906
0,0,22,1,23,8,7909
0,0,23,1,23,8,7912
0,0,1,2,23,8,7915
0,0,2,2,23,8,7918
0,0,3,2,23,8,7921
0,0,4,2,23,8,7924
0,0,5,2,23,8,7927
0,0,6,2,23,8,7930
0,0,7,2,23,8,7933
0,0,8,2,23,8,7936
0,0,9,2,23,8,7939
0,0,10,2,23,8,7942
0,0,11,2,23,8,7945
0,0,12,2,23,8,7948
0,0,13,2,23,8,7951
0,0,14,2,23,8,7954
0,0,15,2,23,8,7957
0,0,16,2,23,8,7960
0,0,17,2,23,8,7963
0,0,18,2,23,8,7966
0,0,19,2,23,8,7969
0,0,20,2,23,8,7972
0,0,21,2,23,8,7975
0,0,22,2,23,8,7978
0,0,23,2,23,8,7981
0,0,1,3,23,8,7984
0,0,2,3,23,8,7987
0,0,3,3,23,8,7990
0,0,4,3,23,8,7993
0,0,5,3,23,8,7996
0,0,6,3,23,8,7999
0,0,7,3,23,8,8002
0,0,8,3,23,8,8005
0,0,9,3,23,8,8008
0,0,10,3,23,8,8011
0,0,11,3,23,8,8014
0,0,12,3,23,8,8017
0,0,13,3,23,8,8020
0,0,14,3,23,8,8023
0,0,15,3,23,8,8026
0,0,16,3,23,8,8029
0,0,17,3,23,8,8032
0,0,18,3,23,8,8035
0,0,19,3,23,8,8038
0,0,20,3,23,8,8041
0,0,21,3,23,8,8044
0,0,22,3,23,8,8047
0,0,23,3,23,8,8050
0,0,1,4,23,8,8053
0,0,2,4,23,8,8056
0,0,3,4,23,8,8059
0,0,4,4,23,8,8062
0,0,5,4,23,8,8065
0,0,6,4,23,8,8068
0,0,7,4,23,8,8071
0,0,8,4,23,8,8074
0,0,9,4,23,8,8077
0,0,10,4,23,8,8080
0,0,11,4,23,8,8083
0,0,12,4,23,8,8086
0,0,13,4,23,8,8089
0,0,14,4,23,8,8092
0,0,15,4,23,8,8095
0,0,16,4,23,8,8098
0,0,17,4,23,8,8101
0,0,18,4,23,8,8104
0,0,19,4,23,8,8107
0,0,20,4,23,8,8110
0,0,21,4,23,8,8113
0,0,22,4,23,8,8116
0,0,23,4,23,8,8119
0,0,1,5,23,8,8122
0,0,2,5,23,8,8125
0,0,3,5,23,8,8128
0,0,4,5,23,8,8131
0,0,5,5,23,8,8134
0,0,6,5,23,8,8137
0,0,7,5,23,8,8140
0,0,8,5,23,8,8143
0,0,9,5,23,8,8146
0,0,10,5,23,8,8149
0,0,11,5,23,8,8152
0,0,12,5,23,8,8155
0,0,13,5,23,8,8158
0,0,14,5,23,8,8161
0,0,15,5,23,8,8164
0,0,16,5,23,8,8167
0,0,17,5,23,8,8170
0,0,18,5,23,8,8173
0,0,19,5,23,8,8176
0,0,20,5,23,8,8179
0,0,21,5,23,8,8182
0,0,22,5,23,8,8185
0,0,23,5,23,8,8188
0,0,0,6,23,8,8191
0,0,1,6,23,8,8194
0,0,2,6,23,8,8197
0,0,3,6,23,8,8200
0,0,4,6,23,8,8203
0,0,5,6,23,8,8206
0,0,6,6,23,8,8209
0,0,7,6,23,8,8212
0,0,8,6,23,8,8215
0,0,9,6,23,8,8218
0,0,10,6,23,8,8221
0,0,11,6,23,8,8224
0,0,12,6,23,8,8227
0,0,13,6,23,8,8230
0,0,14,6,23,8,8233
0,0,15,6,23,8,8236
0,0,16,6,23,8,8239
0,0,17,6,23,8,8242
0,0,18,6,23,8,8245
0,0,19,6,23,8,8248
0,0,20,6,23,8,8251
0,0,21,6,23,8,8254
0,0,22,6,23,8,8257
0,0,23,6,23,8,8260
0,0,0,7,23,8,8263
0,0,1,7,23,8,8266
0,0,2,7,23,8,8269
0,0,3,7,23,8,8272
0,0,4,7,23,8,8275
0,0,5,7,23,8,8278
0,0,6,7,23,8,8281
0,0,7,7,23,8,8284
0,0,8,7,23,8,8287
0,0,9,7,23,8,8290
0,0,10,7,23,8,8293
0,0,11,7,23,8,8296
0,0,12,7,23,8,8299
0,0,13,7,23,8,8302
0,0,14,7,23,8,8305
0,0,15,7,23,8,8308
0,0,16,7,23,8,8311
0,0,17,7,23,8,8314
0,0,18,7,23,8,8317
0,0,19,7,23,8,8320
0,0,20,7,23,8,8323
0,0,21,7,23,8,8326
0,0,22,7,23,8,8329
0,0,23,7,23,8,8332
0,0,0,8,23,8,8335
0,0,1,8,23,8,8338
0,0,2,8,23,8,8341
0,0,3,8,23,8,8344
0,0,4,8,23,8,8347
0,0,5,8,23,8,8350
0,0,6,8,23,8,8353
0,0,7,8,23,8,8356
0,0,8,8,23,8,8359
0,0,9,8,23,8,8362
0,0,10,8,23,8,8365
0,0,11,8,23,8,8368
0,0,12,8,23,8,8371
0,0,13,8,23,8,8374
0,0,14,8,23,8,8377
0,0,15,8,23,8,8380
0,0,16,8,23,8,8383
0,0,17,8,23,8,8386
0,0,18,8,23,8,8389
0,0,19,8,23,8,8392
0,0,20,8,23,8,8395
0,0,21,8,23,8,8398
0,0,22,8,23,8,8401
0,0,0,9,23,8,8404
0,0,1,9,23,8,8407
0,0,2,9,23,8,8410
0,0,3,9,23,8,8413
0,0,4,9,23,8,8416
0,0,5,9,23,8,8419
0,0,6,9,23,8,8422
0,0,7,9,23,8,8425
0,0,8,9,23,8,8428
0,0,9,9,23,8,8431
0,0,10,9,23,8,8434
0,0,11,9,23,8,8437
0,0,12,9,23,8,8440
0,0,13,9,23,8,8443
0,0,14,9,23,8,8446
0,0,15,9,23,8,8449
0,0,16,9,23,8,8452
0,0,17,9,23,8,8455
0,0,18,9,23,8,8458
0,0,19,9,23,8,8461
0,0,20,9,23,8,8464
0,0,21,9,23,8,8467
0,0,22,9,23,8,8470
0,0,0,10,23,8,8473
0,0,1,10,23,8,8476
0,0,2,10,23,8,8479
0,0,3,10,23,8,8482
0,0,4,10,23,8,8485
0,0,5,10,23,8,8488
0,0,6,10,23,8,8491
0,0,7,10,23,8,8494
0,0,8,10,23,8,8497
0,0,9,10,23,8,8500
0,0,10,10,23,8,8503
0,0,11,10,23,8,8506
0,0,12,10,23,8,8509
0,0,13,10,23,8,8512
0,0,14,10,23,8,8515
0,0,15,10,23,8,8518
0,0,16,10,23,8,8521
0,0,17,10,23,8,8524
0,0,18,10,23,8,8527
0,0,19,10,23,8,8530
0,0,20,10,23,8,8533
0,0,21,10,23,8,8536
0,0,22,10,23,8,8539
0,0,0,11,23,8,8542
0,0,1,11,23,8,8545
0,0,2,11,23,8,8548
0,0,3,11,23,8,8551
0,0,4,11,23,8,8554
0,0,5,11,23,8,8557
0,0,6,11,23,8,8560
0,0,7,11,23,8,8563
0,0,8,11,23,8,8566
0,0,9,11,23,8,8569
0,0,10,11,23,8,8572
0,0,11,11,23,8,8575
0,0,12,11,23,8,8578
0,0,13,11,23,8,8581
0,0,14,11,23,8,8584
0,0,15,11,23,8,8587
0,0,16,11,23,8,8590
0,0,17,11,23,8,8593
0,0,18,11,23,8,8596
0,0,19,11,23,8,8599
0,0,20,11,23,8,8602
0,0,21,11,23,8,8605
0,0,22,11,23,8,8608
0,0,0,12,23,8,8611
0,0,1,12,23,8,8614
0,0,2,12,23,8,8617
0,0,3,12,23,8,8620
0,0,4,12,23,8,8623
0,0,5,12,23,8,8626
0,0,6,12,23,8,8629
0,0,7,12,23,8,8632
0,0,8,12,23,8,8635
0,0,9,12,23,8,8638
0,0,10,12,23,8,8641
0,0,11,12,23,8,8644
0,0,12,12,23,8,8647
0,0,13,12,23,8,8650
0,0,14,12,23,8,8653
0,0,15,12,23,8,8656
0,0,16,12,23,8,8659
0,0,17,12,23,8,8662
0,0,18,12,23,8,8665
0,0,19,12,23,8,8668
0,0,20,12,23,8,8671
0,0,21,12,23,8,8674
0,0,22,12,23,8,8677
0,0,0,13,23,8,8680
0,0,1,13,23,8,8683
0,0,2,13,23,8,8686
0,0,3,13,23,8,8689
0,0,4,13,23,8,8692
0,0,5,13,23,8,8695
0,0,6,13,23,8,8698
0,0,7,13,23,8,8701
0,0,8,13,23,8,8704
0,0,9,13,23,8,8707
0,0,10,13,23,8,8710
0,0,11,13,23,8,8713
0,0,12,13,23,8,8716
0,0,13,13,23,8,8719
0,0,14,13,23,8,8722
0,0,15,13,23,8,8725
0,0,16,13,23,8,8728
0,0,17,13,23,8,8731
0,0,18,13,23,8,8734
0,0,19,13,23,8,8737
0,0,20,13,23,8,8740
0,0,21,13,23,8,8743
0,0,22,13,23,8,8746
0,1,0,0,23,0,8749
0,1,1,0,23,0,8752
0,1,2,0,23,0,8755
0,1,3,0,23,0,8758
0,1,4,0,23,0,8761
0,1,5,0,23,0,8764
0,1,6,0,23,0,8767
0,1,7,0,23,0,8770
0,1,8,0,23,0,8773
0,1,9,0,23,0,8776
0,1,10,0,23,0,8779
0,1,11,0,23,0,8782
0,1,12,0,23,0,8785
0,1,13,0,23,0,8788
0,1,14,0,23,0,8791
0,1,15,0,23,0,8794
0,1,16,0,23,0,8797
0,1,17,0,23,0,8800
0,1,18,0,23,0,8803
0,1,19,0,23,0,8806
0,1,20,0,23,0,8809
0,1,21,0,23,0,8812
0,1,22,0,23,0,8815
0,1,1,1,23,0,8818
0,1,2,1,23,0,8821
0,1,3,1,23,0,8824
0,1,4,1,23,0,8827
0,1,5,1,23,0,8830
0,1,6,1,23,0,8833
0,1,7,1,23,0,8836
0,1,8,1,23,0,8839
0,1,9,1,23,0,8842
0,1,10,1,23,0,8845
0,1,11,1,23,0,8848
0,1,12,1,23,0,8851
0,1,13,1,23,0,8854
0,1,14,1,23,0,8857
0,1,15,1,23,0,8860
0,1,16,1,23,0,8863
0,1,17,1,23,0,8866
0,1,18,1,23,0,8869
0,1,19,1,23,0,8872
0,1,20,1,23,0,8875
0,1,21,1,23,0,8878
0,1,22,1,23,0,8881
0,1,1,2,23,0,8884
0,1,2,2,23,0,8887
0,1,3,2,23,0,8890
0,1,4,2,23,0,8893
0,1,5,2,23,0,8896
0,1,6,2,23,0,8899
0,1,7,2,23,0,8902
0,1,8,2,23,0,8905
0,1,9,2,23,0,8908
0,1,10,2,23,0,8911
0,1,11,2,23,0,8914
0,1,12,2,23,0,8917
0,1,13,2,23,0,8920
0,1,14,2,23,0,8923
0,1,15,2,23,0,8926
0,1,16,2,23,0,8929
0,1,17,2,23,0,8932
0,1,18,2,23,0,8935
0,1,19,2,23,0,8938
0,1,20,2,23,0,8941
0,1,21,2,23,0,8944
0,1,22,2,23,0,8947
0,1,1,3,23,0,8950
0,1,2,3,23,0,8953
0,1,3,3,23,0,8956
0,1,4,3,23,0,8959
0,1,5,3,23,0,8962
0,1,6,3,23,0,8965
0,1,7,3,23,0,8968
0,1,8,3,23,0,8971
0,1,9,3,23,0,8974
0,1,10,3,23,0,8977
0,1,11,3,23,0,8980
0,1,12,3,23,0,8983
0,1,13,3,23,0,8986
0,1,14,3,23,0,8989
0,1,15,3,23,0,8992
0,1,16,3,23,0,8995
0,1,17,3,23,0,8998
0,1,18,3,23,0,9001
0,1,19,3,23,0,9004
0,1,20,3,23,0,9007
0,1,21,3,23,0,9010
0,1,22,3,23,0,9013
0,1,1,4,23,0,9016
0,1,2,4,23,0,9019
0,1,3,4,23,0,9022
0,1,4,4,23,0,9025
0,1,5,4,23,0,9028
0,1,6,4,23,0,9031
0,1,7,4,23,0,9034
0,1,8,4,23,0,9037
0,1,9,4,23,0,9040
0,1,10,4,23,0,9043
0,1,11,4,23,0,9046
0,1,12,4,23,0,9049
0,1,13,4,23,0,9052
0,1,14,4,23,0,9055
0,1,15,4,23,0,9058
0,1,16,4,23,0,9061
0,1,17,4,23,0,9064
0,1,18,4,23,0,9067
0,1,19,4,23,0,9070
0,1,20,4,23,0,9073
0,1,21,4,23,0,9076
0,1,22,4,23,0,9079
0,1,1,5,23,0,9082
0,1,2,5,23,0,9085
0,1,3,5,23,0,9088
0,1,4,5,23,0,9091
0,1,5,5,23,0,9094
0,1,6,5,23,0,9097
0,1,7,5,23,0,9100
0,1,8,5,23,0,9103
0,1,9,5,23,0,9106
0,1,10,5,23,0,9109
0,1,11,5,23,0,9112
0,1,12,5,23,0,9115
0,1,13,5,23,0,9118
0,1,14,5,23,0,9121
0,1,15,5,23,0,9124
0,1,16,5,23,0,9127
0,1,17,5,23,0,9130
0,1,18,5,23,0,9133
0,1,19,5,23,0,9136
0,1,20,5,23,0,9139
0,1,21,5,23,0,9142
0,1,22,5,23,0,9145
0,1,1,6,23,0,9148
0,1,2,6,23,0,9151
0,1,3,6,23,0,9154
0,1,4,6,23,0,9157
0,1,5,6,23,0,9160
0,1,6,6,23,0,9163
0,1,7,6,23,0,9166
0,1,8,6,23,0,9169
0,1,9,6,23,0,9172
0,1,10,6,23,0,9175
0,1,11,6,23,0,9178
0,1,12,6,23,0,9181
0,1,13,6,23,0,9184
0,1,14,6,23,0,9187
0,1,15,6,23,0,9190
0,1,16,6,23,0,9193
0,1,17,6,23,0,9196
0,1,18,6,23,0,9199
0,1,19,6,23,0,9202
0,1,20,6,23,0,9205
0,1,21,6,23,0,9208
0,1,22,6,23,0,9211
0,1,23,6,23,0,9214
0,1,0,7,23,0,9217
0,1,1,7,23,0,9220
0,1,2,7,23,0,9223
0,1,3,7,23,0,9226
0,1,4,7,23,0,9229
0,1,5,7,23,0,9232
0,1,6,7,23,0,9235
0,1,7,7,23,0,9238
0,1,8,7,23,0,9241
0,1,9,7,23,0,9244
0,1,10,7,23,0,9247
0,1,11,7,23,0,9250
0,1,12,7,23,0,9253
0,1,13,7,23,0,9256
0,1,14,7,23,0,9259
0,1,15,7,23,0,9262
0,1,16,7,23,0,9265
0,1,17,7,23,0,9268
0,1,18,7,23,0,9271
0,1,19,7,23,0,9274
0,1,20,7,23,0,9277
0,1,21,7,23,0,9280
0,1,22,7,23,0,9283
0,1,23,7,23,0,9286
0,1,0,8,23,0,9289
0,1,1,8,23,0,9292
0,1,2,8,23,0,9295
0,1,3,8,23,0,9298
0,1,4,8,23,0,9301
0,1,5,8,23,0,9304
0,1,6,8,23,0,9307
0,1,7,8,23,0,9310
0,1,8,8,23,0,9313
0,1,9,8,23,0,9316
0,1,10,8,23,0,9319
0,1,11,8,23,0,9322
0,1,12,8,23,0,9325
0,1,13,8,23,0,9328
0,1,14,8,23,0,9331
0,1,15,8,23,0,9334
0,1,16,8,23,0,9337
0,1,17,8,23,0,9340
0,1,18,8,23,0,9343
0,1,19,8,23,0,9346
0,1,20,8,23,0,9349
0,1,21,8,23,0,9352
0,1,22,8,23,0,9355
0,1,23,8,23,0,9358
0,1,0,9,23,0,9361
0,1,1,9,23,0,9364
0,1,2,9,23,0,9367
0,1,3,9,23,0,9370
0,1,4,9,23,0,9373
0,1,5,9,23,0,9376
0,1,6,9,23,0,9379
0,1,7,9,23,0,9382
0,1,8,9,23,0,9385
0,1,9,9,23,0,9388
0,1,10,9,23,0,9391
0,1,11,9,23,0,9394
0,1,12,9,23,0,9397
0,1,13,9,23,0,9400
0,1,14,9,23,0,9403
0,1,15,9,23,0,9406
0,1,16,9,23,0,9409
0,1,17,9,23,0,9412
0,1,18,9,23,0,9415
0,1,19,9,23,0,9418
0,1,20,9,23,0,9421
0,1,21,9,23,0,9424
0,1,22,9,23,0,9427
0,1,23,9,23,0,9430
0,1,0,10,23,0,9433
0,1,1,10,23,0,9436
0,1,2,10,23,0,9439
0,1,3,10,23,0,9442
0,1,4,10,23,0,9445
0,1,5,10,23,0,9448
0,1,6,10,23,0,9451
0,1,7,10,23,0,9454
0,1,8,10,23,0,9457
0,1,9,10,23,0,9460
0,1,10,10,23,0,9463
0,1,11,10,23,0,9466
0,1,12,10,23,0,9469
0,1,13,10,23,0,9472
0,1,14,10,23,0,9475
0,1,15,10,23,0,9478
0,1,16,10,23,0,9481
0,1,17,10,23,0,9484
0,1,18,10,23,0,9487
0,1,19,10,23,0,9490
0,1,20,10,23,0,9493
0,1,21,10,23,0,9496
0,1,22,10,23,0,9499
0,1,23,10,23,0,9502
0,1,0,11,23,0,9505
0,1,1,11,23,0,9508
0,1,2,11,23,0,9511
0,1,3,11,23,0,9514
0,1,4,11,23,0,9517
0,1,5,11,23,0,9520
0,1,6,11,23,0,9523
0,1,7,11,23,0,9526
0,1,8,11,23,0,9529
0,1,9,11,23,0,9532
0,1,10,11,23,0,9535
0,1,11,11,23,0,9538
0,1,12,11,23,0,9541
0,1,13,11,23,0,9544
0,1,14,11,23,0,9547
0,1,15,11,23,0,9550
0,1,16,11,23,0,9553
0,1,17,11,23,0,9556
0,1,18,11,23,0,9559
0,1,19,11,23,0,9562
0,1,20,11,23,0,9565
0,1,21,11,23,0,9568
0,1,22,11,23,0,9571
0,1,23,11,23,0,9574
0,1,0,12,23,0,9577
0,1,1,12,23,0,9580
0,1,2,12,23,0,9583
0,1,3,12,23,0,9586
0,1,4,12,23,0,9589
0,1,5,12,23,0,9592
0,1,6,12,23,0,9595
0,1,7,12,23,0,9598
0,1,8,12,23,0,9601
0,1,9,12,23,0,9604
0,1,10,12,23,0,9607
0,1,11,12,23,0,9610
0,1,12,12,23,0,9613
0,1,13,12,23,0,9616
0,1,14,12,23,0,9619
0,1,15,12,23,0,9622
0,1,16,12,23,0,9625
0,1,17,12,23,0,9628
0,1,18,12,23,0,9631
0,1,19,12,23,0,9634
0,1,20,12,23,0,9637
0,1,21,12,23,0,9640
0,1,22,12,23,0,9643
0,1,23,12,23,0,9646
0,1,0,13,23,0,9649
0,1,1,13,23,0,9652
0,1,2,13,23,0,9655
0,1,3,13,23,0,9658
0,1,4,13,23,0,9661
0,1,5,13,23,0,9664
0,1,6,13,23,0,9667
0,1,7,13,23,0,9670
0,1,8,13,23,0,9673
0,1,9,13,23,0,9676
0,1,10,13,23,0,9679
0,1,11,13,23,0,9682
0,1,12,13,23,0,9685
0,1,13,13,23,0,9688
0,1,14,13,23,0,9691
0,1,15,13,23,0,9694
0,1,16,13,23,0,9697
0,1,17,13,23,0,9700
0,1,18,13,23,0,9703
0,1,19,13,23,0,9706
0,1,20,13,23,0,9709
0,1,21,13,23,0,9712
0,1,22,13,23,0,9715
0,1,23,13,23,0,9718
0,1,0,0,23,1,9721
0,1,1,0,23,1,9724
0,1,2,0,23,1,9727
0,1,3,0,23,1,9730
0,1,4,0,23,1,9733
0,1,5,0,23,1,9736
0,1,6,0,23,1,9739
0,1,7,0,23,1,9742
0,1,8,0,23,1,9745
0,1,9,0,23,1,9748
0,1,10,0,23,1,9751
0,1,11,0,23,1,9754
0,1,12,0,23,1,9757
0,1,13,0,23,1,9760
0,1,14,0,23,1,9763
0,1,15,0,23,1,9766
0,1,16,0,23,1,9769
0,1,17,0,23,1,9772
0,1,18,0,23,1,9775
0,1,19,0,23,1,9778
0,1,20,0,23,1,9781
0,1,21,0,23,1,9784
0,1,22,0,23,1,9787
0,1,23,0,23,1,9790
0,1,1,1,23,1,9793
0,1,2,1,23,1,9796
0,1,3,1,23,1,9799
0,1,4,1,23,1,9802
0,1,5,1,23,1,9805
0,1,6,1,23,1,9808
0,1,7,1,23,1,9811
0,1,8,1,23,1,9814
0,1,9,1,23,1,9817
0,1,10,1,23,1,9820
0,1,11,1,23,1,9823
0,1,12,1,23,1,9826
0,1,13,1,23,1,9829
0,1,14,1,23,1,9832
0,1,15,1,23,1,9835
0,1,16,1,23,1,9838
0,1,17,1,23,1,9841
0,1,18,1,23,1,9844
0,1,19,1,23,1,9847
0,1,20,1,23,1,9850
0,1,21,1,23,1,9853
0,1,22,1,23,1,9856
0,1,1,2,23,1,9859
0,1,2,2,23,1,9862
0,1,3,2,23,1,9865
0,1,4,2,23,1,9868
0,1,5,2,23,1,9871
0,1,6,2,23,1,9874
0,1,7,2,23,1,9877
0,1,8,2,23,1,9880
0,1,9,2,23,1,9883
0,1,10,2,23,1,9886
0,1,11,2,23,1,9889
0,1,12,2,23,1,9892
0,1,13,2,23,1,9895
0,1,14,2,23,1,9898
0,1,15,2,23,1,9901
0,1,16,2,23,1,9904
0,1,17,2,23,1,9907
0,1,18,2,23,1,9910
0,1,19,2,23,1,9913
0,1,20,2,23,1,9916
0,1,21,2,23,1,9919
0,1,22,2,23,1,9922
0,1,1,3,23,1,9925
0,1,2,3,23,1,9928
0,1,3,3,23,1,9931
0,1,4,3,23,1,9934
0,1,5,3,23,1,9937
0,1,6,3,23,1,9940
0,1,7,3,23,1,9943
0,1,8,3,23,1,9946
0,1,9,3,23,1,9949
0,1,10,3,23,1,9952
0,1,11,3,23,1,9955
0,1,12,3,23,1,9958
0,1,13,3,23,1,9961
0,1,14,3,23,1,9964
0,1,15,3,23,1,9967
0,1,16,3,23,1,9970
0,1,17,3,23,1,9973
0,1,18,3,23,1,9976
0,1,19,3,23,1,9979
0,1,20,3,23,1,9982
0,1,21,3,23,1,9985
0,1,22,3,23,1,9988
0,1,1,4,23,1,9991
0,1,2,4,23,1,9994
0,1,3,4,23,1,9997
0,1,4,4,23,1,10000
0,1,5,4,23,1,10003
0,1,6,4,23,1,10006
0,1,7,4,23,1,10009
0,1,8,4,23,1,10012
0,1,9,4,23,1,10015
0,1,10,4,23,1,10018
0,1,11,4,23,1,10021
0,1,12,4,23,1,10024
0,1,13,4,23,1,10027
0,1,14,4,23,1,10030
0,1,15,4,23,1,10033
0,1,16,4,23,1,10036
0,1,17,4,23,1,10039
0,1,18,4,23,1,10042
0,1,19,4,23,1,10045
0,1,20,4,23,1,10048
0,1,21,4,23,1,10051
0,1,22,4,23,1,10054
0,1,1,5,23,1,10057
0,1,2,5,23,1,10060
0,1,3,5,23,1,10063
0,1,4,5,23,1,10066
0,1,5,5,23,1,10069
0,1,6,5,23,1,10072
0,1,7,5,23,1,10075
0,1,8,5,23,1,10078
0,1,9,5,23,1,10081
0,1,10,5,23,1,10084
0,1,11,5,23,1,10087
0,1,12,5,23,1,10090
0,1,13,5,23,1,10093
0,1,14,5,23,1,10096
0,1,15,5,23,1,10099
0,1,16,5,23,1,10102
0,1,17,5,23,1,10105
0,1,18,5,23,1,10108
0,1,19,5,23,1,10111
0,1,20,5,23,1,10114
0,1,21,5,23,1,10117
0,1,22,5,23,1,10120
0,1,1,6,23,1,10123
0,1,2,6,23,1,10126
0,1,3,6,23,1,10129
0,1,4,6,23,1,10132
0,1,5,6,23,1,10135
0,1,6,6,23,1,10138
0,1,7,6,23,1,10141
0,1,8,6,23,1,10144
0,1,9,6,23,1,10147
0,1,10,6,23,1,10150
0,1,11,6,23,1,10153
0,1,12,6,23,1,10156
0,1,13,6,23,1,10159
0,1,14,6,23,1,10162
0,1,15,6,23,1,10165
0,1,16,6,23,1,10168
0,1,17,6,23,1,10171
0,1,18,6,23,1,10174
0,1,19,6,23,1,10177
0,1,20,6,23,1,10180
0,1,21,6,23,1,10183
0,1,22,6,23,1,10186
0,1,0,7,23,1,10189
0,1,1,7,23,1,10192
0,1,2,7,23,1,10195
0,1,3,7,23,1,10198
0,1,4,7,23,1,10201
0,1,5,7,23,1,10204
0,1,6,7,23,1,10207
0,1,7,7,23,1,10210
0,1,8,7,23,1,10213
0,1,9,7,23,1,10216
0,1,10,7,23,1,10219
0,1,11,7,23,1,10222
0,1,12,7,23,1,10225
0,1,13,7,23,1,10228
0,1,14,7,23,1,10231
0,1,15,7,23,1,10234
0,1,16,7,23,1,10237
0,1,17,7,23,1,10240
0,1,18,7,23,1,10243
0,1,19,7,23,1,10246
0,1,20,7,23,1,10249
0,1,21,7,23,1,10252
0,1,22,7,23,1,10255
0,1,23,7,23,1,10258
0,1,0,8,23,1,10261
0,1,1,8,23,1,10264
0,1,2,8,23,1,10267
0,1,3,8,23,1,10270
0,1,4,8,23,1,10273
0,1,5,8,23,1,10276
0,1,6,8,23,1,10279
0,1,7,8,23,1,10282
0,1,8,8,23,1,10285
0,1,9,8,23,1,10288
0,1,10,8,23,1,10291
0,1,11,8,23,1,10294
0,1,12,8,23,1,10297
0,1,13,8,23,1,10300
0,1,14,8,23,1,10303
0,1,15,8,23,1,10306
0,1,16,8,23,1,10309
0,1,17,8,23,1,10312
0,1,18,8,23,1,10315
0,1,19,8,23,1,10318
0,1,20,8,23,1,10321
0,1,21,8,23,1,10324
0,1,22,8,23,1,10327
0,1,23,8,23,1,10330
0,1,0,9,23,1,10333
0,1,1,9,23,1,10336
0,1,2,9,23,1,10339
0,1,3,9,23,1,10342
0,1,4,9,23,1,10345
0,1,5,9,23,1,10348
0,1,6,9,23,1,10351
0,1,7,9,23,1,10354
0,1,8,9,23,1,10357
0,1,9,9,23,1,10360
0,1,10,9,23,1,10363
0,1,11,9,23,1,10366
0,1,12,9,23,1,10369
0,1,13,9,23,1,10372
0,1,14,9,23,1,10375
0,1,15,9,23,1,10378
0,1,16,9,23,1,10381
0,1,17,9,23,1,10384
0,1,18,9,23,1,10387
0,1,19,9,23,1,10390
0,1,20,9,23,1,10393
0,1,21,9,23,1,10396
0,1,22,9,23,1,10399
0,1,23,9,23,1,10402
0,1,0,10,23,1,10405
0,1,1,10,23,1,10408
0,1,2,10,23,1,10411
0,1,3,10,23,1,10414
0,1,4,10,23,1,10417
0,1,5,10,23,1,10420
0,1,6,10,23,1,10423
0,1,7,10,23,1,10426
0,1,8,10,23,1,10429
0,1,9,10,23,1,10432
0,1,10,10,23,1,10435
0,1,11,10,23,1,10438
0,1,12,10,23,1,10441
0,1,13,10,23,1,10444
0,1,14,10,23,1,10447
0,1,15,10,23,1,10450
0,1,16,10,23,1,10453
0,1,17,10,23,1,10456
0,1,18,10,23,1,10459
0,1,19,10,23,1,10462
0,1,20,10,23,1,10465
0,1,21,10,23,1,10468
0,1,22,10,23,1,10471
0,1,23,10,23,1,10474
0,1,0,11,23,1,10477
0,1,1,11,23,1,10480
0,1,2,11,23,1,10483
0,1,3,11,23,1,10486
0,1,4,11,23,1,10489
0,1,5,11,23,1,10492
0,1,6,11,23,1,10495
0,1,7,11,23,1,10498
0,1,8,11,23,1,10501
0,1,9,11,23,1,10504
0,1,10,11,23,1,10507
0,1,11,11,23,1,10510
0,1,12,11,23,1,10513
0,1,13,11,23,1,10516
0,1,14,11,23,1,10519
0,1,15,11,23,1,10522
0,1,16,11,23,1,10525
0,1,17,11,23,1,10528
0,1,18,11,23,1,10531
0,1,19,11,23,1,10534
0,1,20,11,23,1,10537
0,1,21,11,23,1,10540
0,1,22,11,23,1,10543
0,1,23,11,23,1,10546
0,1,0,12,23,1,10549
0,1,1,12,23,1,10552
0,1,2,12,23,1,10555
0,1,3,12,23,1,10558
0,1,4,12,23,1,10561
0,1,5,12,23,1,10564
0,1,6,12,23,1,10567
0,1,7,12,23,1,10570
0,1,8,12,23,1,10573
0,1,9,12,23,1,10576
0,1,10,12,23,1,10579
0,1,11,12,23,1,10582
0,1,12,12,23,1,10585
0,1,13,12,23,1,10588
0,1,14,12,23,1,10591
0,1,15,12,23,1,10594
0,1,16,12,23,1,10597
0,1,17,12,23,1,10600
0,1,18,12,23,1,10603
0,1,19,12,23,1,10606
0,1,20,12,23,1,10609
0,1,21,12,23,1,10612
0,1,22,12,23,1,10615
0,1,23,12,23,1,10618
0,1,0,13,23,1,10621
0,1,1,13,23,1,10624
0,1,2,13,23,1,10627
0,1,3,13,23,1,10630
0,1,4,13,23,1,10633
0,1,5,13,23,1,10636
0,1,6,13,23,1,10639
0,1,7,13,23,1,10642
0,1,8,13,23,1,10645
0,1,9,13,23,1,10648
0,1,10,13,23,1,10651
0,1,11,13,23,1,10654
0,1,12,13,23,1,10657
0,1,13,13,23,1,10660
0,1,14,13,23,1,10663
0,1,15,13,23,1,10666
0,1,16,13,23,1,10669
0,1,17,13,23,1,10672
0,1,18,13,23,1,10675
0,1,19,13,23,1,10678
0,1,20,13,23,1,10681
0,1,21,13,23,1,10684
0,1,22,13,23,1,10687
0,1,23,13,23,1,10690
0,1,0,0,23,2,10693
0,1,1,0,23,2,10696
0,1,2,0,23,2,10699
0,1,3,0,23,2,10702
0,1,4,0,23,2,10705
0,1,5,0,23,2,10708
0,1,6,0,23,2,10711
0,1,7,0,23,2,10714
0,1,8,0,23,2,10717
0,1,9,0,23,2,10720
0,1,10,0,23,2,10723
0,1,11,0,23,2,10726
0,1,12,0,23,2,10729
0,1,13,0,23,2,10732
0,1,14,0,23,2,10735
0,1,15,0,23,2,10738
0,1,16,0,23,2,10741
0,1,17,0,23,2,10744
0,1,18,0,23,2,10747
0,1,19,0,23,2,10750
0,1,20,0,23,2,10753
0,1,21,0,23,2,10756
0,1,22,0,23,2,10759
0,1,23,0,23,2,10762
0,1,1,1,23,2,10765
0,1,2,1,23,2,10768
0,1,3,1,23,2,10771
0,1,4,1,23,2,10774
0,1,5,1,23,2,10777
0,1,6,1,23,2,10780
0,1,7,1,23,2,10783
0,1,8,1,23,2,10786
0,1,9,1,23,2,10789
0,1,10,1,23,2,10792
0,1,11,1,23,2,10795
0,1,12,1,23,2,10798
0,1,13,1,23,2,10801
0,1,14,1,23,2,10804
0,1,15,1,23,2,10807
0,1,16,1,23,2,10810
0,1,17,1,23,2,10813
0,1,18,1,23,2,10816
0,1,19,1,23,2,10819
0,1,20,1,23,2,10822
0,1,21,1,23,2,10825
0,1,22,1,23,2,10828
0,1,23,1,23,2,10831
0,1,1,2,23,2,10834
0,1,2,2,23,2,10837
0,1,3,2,23,2,10840
0,1,4,2,23,2,10843
0,1,5,2,23,2,10846
0,1,6,2,23,2,10849
0,1,7,2,23,2,10852
0,1,8,2,23,2,10855
0,1,9,2,23,2,10858
0,1,10,2,23,2,10861
0,1,11,2,23,2,10864
0,1,12,2,23,2,10867
0,1,13,2,23,2,10870
0,1,14,2,23,2,10873
0,1,15,2,23,2,10876
0,1,16,2,23,2,10879
0,1,17,2,23,2,10882
0,1,18,2,23,2,10885
0,1,19,2,23,2,10888
0,1,20,2,23,2,10891
0,1,21,2,23,2,10894
0,1,22,2,23,2,10897
0,1,1,3,23,2,10900
0,1,2,3,23,2,10903
0,1,3,3,23,2,10906
0,1,4,3,23,2,10909
0,1,5,3,23,2,10912
0,1,6,3,23,2,10915
0,1,7,3,23,2,10918
0,1,8,3,23,2,10921
0,1,9,3,23,2,10924
0,1,10,3,23,2,10927
0,1,11,3,23,2,10930
0,1,12,3,23,2,10933
0,1,13,3,23,2,10936
0,1,14,3,23,2,10939
0,1,15,3,23,2,10942
0,1,16,3,23,2,10945
0,1,17,3,23,2,10948
0,1,18,3,23,2,10951
0,1,19,3,23,2,10954
0,1,20,3,23,2,10957
0,1,21,3,23,2,10960
0,1,22,3,23,2,10963
0,1,1,4,23,2,10966
0,1,2,4,23,2,10969
0,1,3,4,23,2,10972
0,1,4,4,23,2,10975
0,1,5,4,23,2,10978
0,1,6,4,23,2,10981
0,1,7,4,23,2,10984
0,1,8,4,23,2,10987
0,1,9,4,23,2,10990
0,1,10,4,23,2,10993
0,1,11,4,23,2,10996
0,1,12,4,23,2,10999
0,1,13,4,23,2,11002
0,1,14,4,23,2,11005
0,1,15,4,23,2,11008
0,1,16,4,23,2,11011
0,1,17,4,23,2,11014
0,1,18,4,23,2,11017
0,1,19,4,23,2,11020
0,1,20,4,23,2,11023
0,1,21,4,23,2,11026
0,1,22,4,23,2,11029
0,1,1,5,23,2,11032
0,1,2,5,23,2,11035
0,1,3,5,23,2,11038
0,1,4,5,23,2,11041
0,1,5,5,23,2,11044
0,1,6,5,23,2,11047
0,1,7,5,23,2,11050
0,1,8,5,23,2,11053
0,1,9,5,23,2,11056
0,1,10,5,23,2,11059
0,1,11,5,23,2,11062
0,1,12,5,23,2,11065
0,1,13,5,23,2,11068
0,1,14,5,23,2,11071
0,1,15,5,23,2,11074
0,1,16,5,23,2,11077
0,1,17,5,23,2,11080
0,1,18,5,23,2,11083
0,1,19,5,23,2,11086
0,1,20,5,23,2,11089
0,1,21,5,23,2,11092
0,1,22,5,23,2,11095
0,1,1,6,23,2,11098
0,1,2,6,23,2,11101
0,1,3,6,23,2,11104
0,1,4,6,23,2,11107
0,1,5,6,23,2,11110
0,1,6,6,23,2,11113
0,1,7,6,23,2,11116
0,1,8,6,23,2,11119
0,1,9,6,23,2,11122
0,1,10,6,23,2,11125
0,1,11,6,23,2,11128
0,1,12,6,23,2,11131
0,1,13,6,23,2,11134
0,1,14,6,23,2,11137
0,1,15,6,23,2,11140
0,1,16,6,23,2,11143
0,1,17,6,23,2,11146
0,1,18,6,23,2,11149
0,1,19,6,23,2,11152
0,1,20,6,23,2,11155
0,1,21,6,23,2,11158
0,1,22,6,23,2,11161
0,1,0,7,23,2,11164
0,1,1,7,23,2,11167
0,1,2,7,23,2,11170
0,1,3,7,23,2,11173
0,1,4,7,23,2,11176
0,1,5,7,23,2,11179
0,1,6,7,23,2,11182
0,1,7,7,23,2,11185
0,1,8,7,23,2,11188
0,1,9,7,23,2,11191
0,1,10,7,23,2,11194
0,1,11,7,23,2,11197
0,1,12,7,23,2,11200
0,1,13,7,23,2,11203
0,1,14,7,23,2,11206
0,1,15,7,23,2,11209
0,1,16,7,23,2,11212
0,1,17,7,23,2,11215
0,1,18,7,23,2,11218
0,1,19,7,23,2,11221
0,1,20,7,23,2,11224
0,1,21,7,23,2,11227
0,1,22,7,23,2,11230
0,1,0,8,23,2,11233
0,1,1,8,23,2,11236
0,1,2,8,23,2,11239
0,1,3,8,23,2,11242
0,1,4,8,23,2,11245
0,1,5,8,23,2,11248
0,1,6,8,23,2,11251
0,1,7,8,23,2,11254
0,1,8,8,23,2,11257
0,1,9,8,23,2,11260
0,1,10,8,23,2,11263
0,1,11,8,23,2,11266
0,1,12,8,23,2,11269
0,1,13,8,23,2,11272
0,1,14,8,23,2,11275
0,1,15,8,23,2,11278
0,1,16,8,23,2,11281
0,1,17,8,23,2,11284
0,1,18,8,23,2,11287
0,1,19,8,23,2,11290
0,1,20,8,23,2,11293
0,1,21,8,23,2,11296
0,1,22,8,23,2,11299
0,1,23,8,23,2,11302
0,1,0,9,23,2,11305
0,1,1,9,23,2,11308
0,1,2,9,23,2,11311
0,1,3,9,23,2,11314
0,1,4,9,23,2,11317
0,1,5,9,23,2,11320
0,1,6,9,23,2,11323
0,1,7,9,23,2,11326
0,1,8,9,23,2,11329
0,1,9,9,23,2,11332
0,1,10,9,23,2,11335
0,1,11,9,23,2,11338
0,1,12,9,23,2,11341
0,1,13,9,23,2,11344
0,1,14,9,23,2,11347
0,1,15,9,23,2,11350
0,1,16,9,23,2,11353
0,1,17,9,23,2,11356
0,1,18,9,23,2,11359
0,1,19,9,23,2,11362
0,1,20,9,23,2,11365
0,1,21,9,23,2,11368
0,1,22,9,23,2,11371
0,1,23,9,23,2,11374
0,1,0,10,23,2,11377
0,1,1,10,23,2,11380
0,1,2,10,23,2,11383
0,1,3,10,23,2,11386
0,1,4,10,23,2,11389
0,1,5,10,23,2,11392
0,1,6,10,23,2,11395
0,1,7,10,23,2,11398
0,1,8,10,23,2,11401
0,1,9,10,23,2,11404
0,1,10,10,23,2,11407
0,1,11,10,23,2,11410
0,1,12,10,23,2,11413
0,1,13,10,23,2,11416
0,1,14,10,23,2,11419
0,1,15,10,23,2,11422
0,1,16,10,23,2,11425
0,1,17,10,23,2,11428
0,1,18,10,23,2,11431
0,1,19,10,23,2,11434
0,1,20,10,23,2,11437
0,1,21,10,23,2,11440
0,1,22,10,23,2,11443
0,1,23,10,23,2,11446
0,1,0,11,23,2,11449
0,1,1,11,23,2,11452
0,1,2,11,23,2,11455
0,1,3,11,23,2,11458
0,1,4,11,23,2,11461
0,1,5,11,23,2,11464
0,1,6,11,23,2,11467
0,1,7,11,23,2,11470
0,1,8,11,23,2,11473
0,1,9,11,23,2,11476
0,1,10,11,23,2,11479
0,1,11,11,23,2,11482
0,1,12,11,23,2,11485
0,1,13,11,23,2,11488
0,1,14,11,23,2,11491
0,1,15,11,23,2,11494
0,1,16,11,23,2,11497
0,1,17,11,23,2,11500
0,1,18,11,23,2,11503
0,1,19,11,23,2,11506
0,1,20,11,23,2,11509
0,1,21,11,23,2,11512
0,1,22,11,23,2,11515
0,1,23,11,23,2,11518
0,1,0,12,23,2,11521
0,1,1,12,23,2,11524
0,1,2,12,23,2,11527
0,1,3,12,23,2,11530
0,1,4,12,23,2,11533
0,1,5,12,23,2,11536
0,1,6,12,23,2,11539
0,1,7,12,23,2,11542
0,1,8,12,23,2,11545
0,1,9,12,23,2,11548
0,1,10,12,23,2,11551
0,1,11,12,23,2,11554
0,1,12,12,23,2,11557
0,1,13,12,23,2,11560
0,1,14,12,23,2,11563
0,1,15,12,23,2,11566
0,1,16,12,23,2,11569
0,1,17,12,23,2,11572
0,1,18,12,23,2,11575
0,1,19,12,23,2,11578
0,1,20,12,23,2,11581
0,1,21,12,23,2,11584
0,1,22,12,23,2,11587
0,1,23,12,23,2,11590
0,1,0,13,23,2,11593
0,1,1,13,23,2,11596
0,1,2,13,23,2,11599
0,1,3,13,23,2,11602
0,1,4,13,23,2,11605
0,1,5,13,23,2,11608
0,1,6,13,23,2,11611
0,1,7,13,23,2,11614
0,1,8,13,23,2,11617
0,1,9,13,23,2,11620
0,1,10,13,23,2,11623
0,1,11,13,23,2,11626
0,1,12,13,23,2,11629
0,1,13,13,23,2,11632
0,1,14,13,23,2,11635
0,1,15,13,23,2,11638
0,1,16,13,23,2,11641
0,1,17,13,23,2,11644
0,1,18,13,23,2,11647
0,1,19,13,23,2,11650
0,1,20,13,23,2,11653
0,1,21,13,23,2,11656
0,1,22,13,23,2,11659
0,1,23,13,23,2,11662
0,1,0,0,23,3,11665
0,1,1,0,23,3,11668
0,1,2,0,23,3,11671
0,1,3,0,23,3,11674
0,1,4,0,23,3,11677
0,1,5,0,23,3,11680
0,1,6,0,23,3,11683
0,1,7,0,23,3,11686
0,1,8,0,23,3,11689
0,1,9,0,23,3,11692
0,1,10,0,23,3,11695
0,1,11,0,23,3,11698
0,1,12,0,23,3,11701
0,1,13,0,23,3,11704
0,1,14,0,23,3,11707
0,1,15,0,23,3,11710
0,1,16,0,23,3,11713
0,1,17,0,23,3,11716
0,1,18,0,23,3,11719
0,1,19,0,23,3,11722
0,1,20,0,23,3,11725
0,1,21,0,23,3,11728
0,1,22,0,23,3,11731
0,1,23,0,23,3,11734
0,1,1,1,23,3,11737
0,1,2,1,23,3,11740
0,1,3,1,23,3,11743
0,1,4,1,23,3,11746
0,1,5,1,23,3,11749
0,1,6,1,23,3,11752
0,1,7,1,23,3,11755
0,1,8,1,23,3,11758
0,1,9,1,23,3,11761
0,1,10,1,23,3,11764
0,1,11,1,23,3,11767
0,1,12,1,23,3,11770
0,1,13,1,23,3,11773
0,1,14,1,23,3,11776
0,1,15,1,23,3,11779
0,1,16,1,23,3,11782
0,1,17,1,23,3,11785
0,1,18,1,23,3,11788
0,1,19,1,23,3,11791
0,1,20,1,23,3,11794
0,1,21,1,23,3,11797
0,1,22,1,23,3,11800
0,1,23,1,23,3,11803
0,1,1,2,23,3,11806
0,1,2,2,23,3,11809
0,1,3,2,23,3,11812
0,1,4,2,23,3,11815
0,1,5,2,23,3,11818
0,1,6,2,23,3,11821
0,1,7,2,23,3,11824
0,1,8,2,23,3,11827
0,1,9,2,23,3,11830
0,1,10,2,23,3,11833
0,1,11,2,23,3,11836
0,1,12,2,23,3,11839
0,1,13,2,23,3,11842
0,1,14,2,23,3,11845
0,1,15,2,23,3,11848
0,1,16,2,23,3,11851
0,1,17,2,23,3,11854
0,1,18,2,23,3,11857
0,1,19,2,23,3,11860
0,1,20,2,23,3,11863
0,1,21,2,23,3,11866
0,1,22,2,23,3,11869
0,1,23,2,23,3,11872
0,1,1,3,23,3,11875
0,1,2,3,23,3,11878
0,1,3,3,23,3,11881
0,1,4,3,23,3,11884
0,1,5,3,23,3,11887
0,1,6,3,23,3,11890
0,1,7,3,23,3,11893
0,1,8,3,23,3,11896
0,1,9,3,23,3,11899
0,1,10,3,23,3,11902
0,1,11,3,23,3,11905
0,1,12,3,23,3,11908
0,1,13,3,23,3,11911
0,1,14,3,23,3,11914
0,1,15,3,23,3,11917
0,1,16,3,23,3,11920
0,1,17,3,23,3,11923
0,1,18,3,23,3,11926
0,1,19,3,23,3,11929
0,1,20,3,23,3,11932
0,1,21,3,23,3,11935
0,1,22,3,23,3,11938
0,1,1,4,23,3,11941
0,1,2,4,23,3,11944
0,1,3,4,23,3,11947
0,1,4,4,23,3,11950
0,1,5,4,23,3,11953
0,1,6,4,23,3,11956
0,1,7,4,23,3,11959
0,1,8,4,23,3,11962
0,1,9,4,23,3,11965
0,1,10,4,23,3,11968
0,1,11,4,23,3,11971
0,1,12,4,23,3,11974
0,1,13,4,23,3,11977
0,1,14,4,23,3,11980
0,1,15,4,23,3,11983
0,1,16,4,23,3,11986
0,1,17,4,23,3,11989
0,1,18,4,23,3,11992
0,1,19,4,23,3,11995
0,1,20,4,23,3,11998
0,1,21,4,23,3,12001
0,1,22,4,23,3,12004
0,1,1,5,23,3,12007
0,1,2,5,23,3,12010
0,1,3,5,23,3,12013
0,1,4,5,23,3,12016
0,1,5,5,23,3,12019
0,1,6,5,23,3,12022
0,1,7,5,23,3,12025
0,1,8,5,23,3,12028
0,1,9,5,23,3,12031
0,1,10,5,23,3,12034
0,1,11,5,23,3,12037
0,1,12,5,23,3,12040
0,1,13,5,23,3,12043
0,1,14,5,23,3,12046
0,1,15,5,23,3,12049
0,1,16,5,23,3,12052
0,1,17,5,23,3,12055
0,1,18,5,23,3,12058
0,1,19,5,23,3,12061
0,1,20,5,23,3,12064
0,1,21,5,23,3,12067
0,1,22,5,23,3,12070
0,1,1,6,23,3,12073
0,1,2,6,23,3,12076
0,1,3,6,23,3,12079
0,1,4,6,23,3,12082
0,1,5,6,23,3,12085
0,1,6,6,23,3,12088
0,1,7,6,23,3,12091
0,1,8,6,23,3,12094
0,1,9,6,23,3,12097
0,1,10,6,23,3,12100
0,1,11,6,23,3,12103
0,1,12,6,23,3,12106
0,1,13,6,23,3,12109
0,1,14,6,23,3,12112
0,1,15,6,23,3,12115
0,1,16,6,23,3,12118
0,1,17,6,23,3,12121
0,1,18,6,23,3,12124
0,1,19,6,23,3,12127
0,1,20,6,23,3,12130
0,1,21,6,23,3,12133
0,1,22,6,23,3,12136
0,1,0,7,23,3,12139
0,1,1,7,23,3,12142
0,1,2,7,23,3,12145
0,1,3,7,23,3,12148
0,1,4,7,23,3,12151
0,1,5,7,23,3,12154
0,1,6,7,23,3,12157
0,1,7,7,23,3,12160
0,1,8,7,23,3,12163
0,1,9,7,23,3,12166
0,1,10,7,23,3,12169
0,1,11,7,23,3,12172
0,1,12,7,23,3,12175
0,1,13,7,23,3,12178
0,1,14,7,23,3,12181
0,1,15,7,23,3,12184
0,1,16,7,23,3,12187
0,1,17,7,23,3,12190
0,1,18,7,23,3,12193
0,1,19,7,23,3,12196
0,1,20,7,23,3,12199
0,1,21,7,23,3,12202
0,1,22,7,23,3,12205
0,1,0,8,23,3,12208
0,1,1,8,23,3,12211
0,1,2,8,23,3,12214
0,1,3,8,23,3,12217
0,1,4,8,23,3,12220
0,1,5,8,23,3,12223
0,1,6,8,23,3,12226
0,1,7,8,23,3,12229
0,1,8,8,23,3,12232
0,1,9,8,23,3,12235
0,1,10,8,23,3,12238
0,1,11,8,23,3,12241
0,1,12,8,23,3,12244
0,1,13,8,23,3,12247
0,1,14,8,23,3,12250
0,1,15,8,23,3,12253
0,1,16,8,23,3,12256
0,1,17,8,23,3,12259
0,1,18,8,23,3,12262
0,1,19,8,23,3,12265
0,1,20,8,23,3,12268
0,1,21,8,23,3,12271
0,1,22,8,23,3,12274
0,1,0,9,23,3,12277
0,1,1,9,23,3,12280
0,1,2,9,23,3,12283
0,1,3,9,23,3,12286
0,1,4,9,23,3,12289
0,1,5,9,23,3,12292
0,1,6,9,23,3,12295
0,1,7,9,23,3,12298
0,1,8,9,23,3,12301
0,1,9,9,23,3,12304
0,1,10,9,23,3,12307
0,1,11,9,23,3,12310
0,1,12,9,23,3,12313
0,1,13,9,23,3,12316
0,1,14,9,23,3,12319
0,1,15,9,23,3,12322
0,1,16,9,23,3,12325
0,1,17,9,23,3,12328
0,1,18,9,23,3,12331
0,1,19,9,23,3,12334
0,1,20,9,23,3,12337
0,1,21,9,23,3,12340
0,1,22,9,23,3,12343
0,1,23,9,23,3,12346
0,1,0,10,23,3,12349
0,1,1,10,23,3,12352
0,1,2,10,23,3,12355
0,1,3,10,23,3,12358
0,1,4,10,23,3,12361
0,1,5,10,23,3,12364
0,1,6,10,23,3,12367
0,1,7,10,23,3,12370
0,1,8,10,23,3,12373
0,1,9,10,23,3,12376
0,1,10,10,23,3,12379
0,1,11,10,23,3,12382
0,1,12,10,23,3,12385
0,1,13,10,23,3,12388
0,1,14,10,23,3,12391
0,1,15,10,23,3,12394
0,1,16,10,23,3,12397
0,1,17,10,23,3,12400
0,1,18,10,23,3,12403
0,1,19,10,23,3,12406
0,1,20,10,23,3,12409
0,1,21,10,23,3,12412
0,1,22,10,23,3,12415
0,1,23,10,23,3,12418
0,1,0,11,23,3,12421
0,1,1,11,23,3,12424
0,1,2,11,23,3,12427
0,1,3,11,23,3,12430
0,1,4,11,23,3,12433
0,1,5,11,23,3,12436
0,1,6,11,23,3,12439
0,1,7,11,23,3,12442
0,1,8,11,23,3,12445
0,1,9,11,23,3,12448
0,1,10,11,23,3,12451
0,1,11,11,23,3,12454
0,1,12,11,23,3,12457
0,1,13,11,23,3,12460
0,1,14,11,23,3,12463
0,1,15,11,23,3,12466
0,1,16,11,23,3,12469
0,1,17,11,23,3,12472
0,1,18,11,23,3,12475
0,1,19,11,23,3,12478
0,1,20,11,23,3,12481
0,1,21,11,23,3,12484
0,1,22,11,23,3,12487
0,1,23,11,23,3,12490
0,1,0,12,23,3,12493
0,1,1,12,23,3,12496
0,1,2,12,23,3,12499
0,1,3,12,23,3,12502
0,1,4,12,23,3,12505
0,1,5,12,23,3,12508
0,1,6,12,23,3,12511
0,1,7,12,23,3,12514
0,1,8,12,23,3,12517
0,1,9,12,23,3,12520
0,1,10,12,23,3,12523
0,1,11,12,23,3,12526
0,1,12,12,23,3,12529
0,1,13,12,23,3,12532
0,1,14,12,23,3,12535
0,1,15,12,23,3,12538
0,1,16,12,23,3,12541
0,1,17,12,23,3,12544
0,1,18,12,23,3,12547
0,1,19,12,23,3,12550
0,1,20,12,23,3,12553
0,1,21,12,23,3,12556
0,1,22,12,23,3,12559
0,1,23,12,23,3,12562
0,1,0,13,23,3,12565
0,1,1,13,23,3,12568
0,1,2,13,23,3,12571
0,1,3,13,23,3,12574
0,1,4,13,23,3,12577
0,1,5,13,23,3,12580
0,1,6,13,23,3,12583
0,1,7,13,23,3,12586
0,1,8,13,23,3,12589
0,1,9,13,23,3,12592
0,1,10,13,23,3,12595
0,1,11,13,23,3,12598
0,1,12,13,23,3,12601
0,1,13,13,23,3,12604
0,1,14,13,23,3,12607
0,1,15,13,23,3,12610
0,1,16,13,23,3,12613
0,1,17,13,23,3,12616
0,1,18,13,23,3,12619
0,1,19,13,23,3,12622
0,1,20,13,23,3,12625
0,1,21,13,23,3,12628
0,1,22,13,23,3,12631
0,1,23,13,23,3,12634
0,1,0,0,23,4,12637
0,1,1,0,23,4,12640
0,1,2,0,23,4,12643
0,1,3,0,23,4,12646
0,1,4,0,23,4,12649
0,1,5,0,23,4,12652
0,1,6,0,23,4,12655
0,1,7,0,23,4,12658
0,1,8,0,23,4,12661
0,1,9,0,23,4,12664
0,1,10,0,23,4,12667
0,1,11,0,23,4,12670
0,1,12,0,23,4,12673
0,1,13,0,23,4,12676
0,1,14,0,23,4,12679
0,1,15,0,23,4,12682
0,1,16,0,23,4,12685
0,1,17,0,23,4,12688
0,1,18,0,23,4,12691
0,1,19,0,23,4,12694
0,1,20,0,23,4,12697
0,1,21,0,23,4,12700
0,1,22,0,23,4,12703
0,1,23,0,23,4,12706
0,1,1,1,23,4,12709
0,1,2,1,23,4,12712
0,1,3,1,23,4,12715
0,1,4,1,23,4,12718
0,1,5,1,23,4,12721
0,1,6,1,23,4,12724
0,1,7,1,23,4,12727
0,1,8,1,23,4,12730
0,1,9,1,23,4,12733
0,1,10,1,23,4,12736
0,1,11,1,23,4,12739
0,1,12,1,23,4,12742
0,1,13,1,23,4,12745
0,1,14,1,23,4,12748
0,1,15,1,23,4,12751
0,1,16,1,23,4,12754
0,1,17,1,23,4,12757
0,1,18,1,23,4,12760
0,1,19,1,23,4,12763
0,1,20,1,23,4,12766
0,1,21,1,23,4,12769
0,1,22,1,23,4,12772
0,1,23,1,23,4,12775
0,1,1,2,23,4,12778
0,1,2,2,23,4,12781
0,1,3,2,23,4,12784
0,1,4,2,23,4,12787
0,1,5,2,23,4,12790
0,1,6,2,23,4,12793
0,1,7,2,23,4,12796
0,1,8,2,23,4,12799
0,1,9,2,23,4,12802
0,1,10,2,23,4,12805
0,1,11,2,23,4,12808
0,1,12,2,23,4,12811
0,1,13,2,23,4,12814
0,1,14,2,23,4,12817
0,1,15,2,23,4,12820
0,1,16,2,23,4,12823
0,1,17,2,23,4,12826
0,1,18,2,23,4,12829
0,1,19,2,23,4,12832
0,1,20,2,23,4,12835
0,1,21,2,23,4,12838
0,1,22,2,23,4,12841
0,1,23,2,23,4,12844
0,1,1,3,23,4,12847
0,1,2,3,23,4,12850
0,1,3,3,23,4,12853
0,1,4,3,23,4,12856
0,1,5,3,23,4,12859
0,1,6,3,23,4,12862
0,1,7,3,23,4,12865
0,1,8,3,23,4,12868
0,1,9,3,23,4,12871
0,1,10,3,23,4,12874
0,1,11,3,23,4,12877
0,1,12,3,23,4,12880
0,1,13,3,23,4,12883
0,1,14,3,23,4,12886
0,1,15,3,23,4,12889
0,1,16,3,23,4,12892
0,1,17,3,23,4,12895
0,1,18,3,23,4,12898
0,1,19,3,23,4,12901
0,1,20,3,23,4,12904
0,1,21,3,23,4,12907
0,1,22,3,23,4,12910
0,1,23,3,23,4,12913
0,1,1,4,23,4,12916
0,1,2,4,23,4,12919
0,1,3,4,23,4,12922
0,1,4,4,23,4,12925
0,1,5,4,23,4,12928
0,1,6,4,23,4,12931
0,1,7,4,23,4,12934
0,1,8,4,23,4,12937
0,1,9,4,23,4,12940
0,1,10,4,23,4,12943
0,1,11,4,23,4,12946
0,1,12,4,23,4,12949
0,1,13,4,23,4,12952
0,1,14,4,23,4,12955
0,1,15,4,23,4,12958
0,1,16,4,23,4,12961
0,1,17,4,23,4,12964
0,1,18,4,23,4,12967
0,1,19,4,23,4,12970
0,1,20,4,23,4,12973
0,1,21,4,23,4,12976
0,1,22,4,23,4,12979
0,1,1,5,23,4,12982
0,1,2,5,23,4,12985
0,1,3,5,23,4,12988
0,1,4,5,23,4,12991
0,1,5,5,23,4,12994
0,1,6,5,23,4,12997
0,1,7,5,23,4,13000
0,1,8,5,23,4,13003
0,1,9,5,23,4,13006
0,1,10,5,23,4,13009
0,1,11,5,23,4,13012
0,1,12,5,23,4,13015
0,1,13,5,23,4,13018
0,1,14,5,23,4,13021
0,1,15,5,23,4,13024
0,1,16,5,23,4,13027
0,1,17,5,23,4,13030
0,1,18,5,23,4,13033
0,1,19,5,23,4,13036
0,1,20,5,23,4,13039
0,1,21,5,23,4,13042
0,1,22,5,23,4,13045
0,1,1,6,23,4,13048
0,1,2,6,23,4,13051
0,1,3,6,23,4,13054
0,1,4,6,23,4,13057
0,1,5,6,23,4,13060
0,1,6,6,23,4,13063
0,1,7,6,23,4,13066
0,1,8,6,23,4,13069
0,1,9,6,23,4,13072
0,1,10,6,23,4,13075
0,1,11,6,23,4,13078
0,1,12,6,23,4,13081
0,1,13,6,23,4,13084
0,1,14,6,23,4,13087
0,1,15,6,23,4,13090
0,1,16,6,23,4,13093
0,1,17,6,23,4,13096
0,1,18,6,23,4,13099
0,1,19,6,23,4,13102
0,1,20,6,23,4,13105
0,1,21,6,23,4,13108
0,1,22,6,23,4,13111
0,1,0,7,23,4,13114
0,1,1,7,23,4,13117
0,1,2,7,23,4,13120
0,1,3,7,23,4,13123
0,1,4,7,23,4,13126
0,1,5,7,23,4,13129
0,1,6,7,23,4,13132
0,1,7,7,23,4,13135
0,1,8,7,23,4,13138
0,1,9,7,23,4,13141
0,1,10,7,23,4,13144
0,1,11,7,23,4,13147
0,1,12,7,23,4,13150
0,1,13,7,23,4,13153
0,1,14,7,23,4,13156
0,1,15,7,23,4,13159
0,1,16,7,23,4,13162
0,1,17,7,23,4,13165
0,1,18,7,23,4,13168
0,1,19,7,23,4,13171
0,1,20,7,23,4,13174
0,1,21,7,23,4,13177
0,1,22,7,23,4,13180
0,1,0,8,23,4,13183
0,1,1,8,23,4,13186
0,1,2,8,23,4,13189
0,1,3,8,23,4,13192
0,1,4,8,23,4,13195
0,1,5,8,23,4,13198
0,1,6,8,23,4,13201
0,1,7,8,23,4,13204
0,1,8,8,23,4,13207
0,1,9,8,23,4,13210
0,1,10,8,23,4,13213
0,1,11,8,23,4,13216
0,1,12,8,23,4,13219
0,1,13,8,23,4,13222
0,1,14,8,23,4,13225
0,1,15,8,23,4,13228
0,1,16,8,23,4,13231
0,1,17,8,23,4,13234
0,1,18,8,23,4,13237
0,1,19,8,23,4,13240
0,1,20,8,23,4,13243
0,1,21,8,23,4,13246
0,1,22,8,23,4,13249
0,1,0,9,23,4,13252
0,1,1,9,23,4,13255
0,1,2,9,23,4,13258
0,1,3,9,23,4,13261
0,1,4,9,23,4,13264
0,1,5,9,23,4,13267
0,1,6,9,23,4,13270
0,1,7,9,23,4,13273
0,1,8,9,23,4,13276
0,1,9,9,23,4,13279
0,1,10,9,23,4,13282
0,1,11,9,23,4,13285
0,1,12,9,23,4,13288
0,1,13,9,23,4,13291
0,1,14,9,23,4,13294
0,1,15,9,23,4,13297
0,1,16,9,23,4,13300
0,1,17,9,23,4,13303
0,1,18,9,23,4,13306
0,1,19,9,23,4,13309
0,1,20,9,23,4,13312
0,1,21,9,23,4,13315
0,1,22,9,23,4,13318
0,1,0,10,23,4,13321
0,1,1,10,23,4,13324
0,1,2,10,23,4,13327
0,1,3,10,23,4,13330
0,1,4,10,23,4,13333
0,1,5,10,23,4,13336
0,1,6,10,23,4,13339
0,1,7,10,23,4,13342
0,1,8,10,23,4,13345
0,1,9,10,23,4,13348
0,1,10,10,23,4,13351
0,1,11,10,23,4,13354
0,1,12,10,23,4,13357
0,1,13,10,23,4,13360
0,1,14,10,23,4,13363
0,1,15,10,23,4,13366
0,1,16,10,23,4,13369
0,1,17,10,23,4,13372
0,1,18,10,23,4,13375
0,1,19,10,23,4,13378
0,1,20,10,23,4,13381
0,1,21,10,23,4,13384
0,1,22,10,23,4,13387
0,1,23,10,23,4,13390
0,1,0,11,23,4,13393
0,1,1,11,23,4,13396
0,1,2,11,23,4,13399
0,1,3,11,23,4,13402
0,1,4,11,23,4,13405
0,1,5,11,23,4,13408
0,1,6,11,23,4,13411
0,1,7,11,23,4,13414
0,1,8,11,23,4,13417
0,1,9,11,23,4,13420
0,1,10,11,23,4,13423
0,1,11,11,23,4,13426
0,1,12,11,23,4,13429
0,1,13,11,23,4,13432
0,1,14,11,23,4,13435
0,1,15,11,23,4,13438
0,1,16,11,23,4,13441
0,1,17,11,23,4,13444
0,1,18,11,23,4,13447
0,1,19,11,23,4,13450
0,1,20,11,23,4,13453
0,1,21,11,23,4,13456
0,1,22,11,23,4,13459
0,1,23,11,23,4,13462
0,1,0,12,23,4,13465
0,1,1,12,23,4,13468
0,1,2,12,23,4,13471
0,1,3,12,23,4,13474
0,1,4,12,23,4,13477
0,1,5,12,23,4,13480
0,1,6,12,23,4,13483
0,1,7,12,23,4,13486
0,1,8,12,23,4,13489
0,1,9,12,23,4,13492
0,1,10,12,23,4,13495
0,1,11,12,23,4,13498
0,1,12,12,23,4,13501
0,1,13,12,23,4,13504
0,1,14,12,23,4,13507
0,1,15,12,23,4,13510
0,1,16,12,23,4,13513
0,1,17,12,23,4,13516
0,1,18,12,23,4,13519
0,1,19,12,23,4,13522
0,1,20,12,23,4,13525
0,1,21,12,23,4,13528
0,1,22,12,23,4,13531
0,1,23,12,23,4,13534
0,1,0,13,23,4,13537
0,1,1,13,23,4,13540
0,1,2,13,23,4,13543
0,1,3,13,23,4,13546
0,1,4,13,23,4,13549
0,1,5,13,23,4,13552
0,1,6,13,23,4,13555
0,1,7,13,23,4,13558
0,1,8,13,23,4,13561
0,1,9,13,23,4,13564
0,1,10,13,23,4,13567
0,1,11,13,23,4,13570
0,1,12,13,23,4,13573
0,1,13,13,23,4,13576
0,1,14,13,23,4,13579
0,1,15,13,23,4,13582
0,1,16,13,23,4,13585
0,1,17,13,23,4,13588
0,1,18,13,23,4,13591
0,1,19,13,23,4,13594
0,1,20,13,23,4,13597
0,1,21,13,23,4,13600
0,1,22,13,23,4,13603
0,1,23,13,23,4,13606
0,1,0,0,23,5,13609
0,1,1,0,23,5,13612
0,1,2,0,23,5,13615
0,1,3,0,23,5,13618
0,1,4,0,23,5,13621
0,1,5,0,23,5,13624
0,1,6,0,23,5,13627
0,1,7,0,23,5,13630
0,1,8,0,23,5,13633
0,1,9,0,23,5,13636
0,1,10,0,23,5,13639
0,1,11,0,23,5,13642
0,1,12,0,23,5,13645
0,1,13,0,23,5,13648
0,1,14,0,23,5,13651
0,1,15,0,23,5,13654
0,1,16,0,23,5,13657
0,1,17,0,23,5,13660
0,1,18,0,23,5,13663
0,1,19,0,23,5,13666
0,1,20,0,23,5,13669
0,1,21,0,23,5,13672
0,1,22,0,23,5,13675
0,1,23,0,23,5,13678
0,1,1,1,23,5,13681
0,1,2,1,23,5,13684
0,1,3,1,23,5,13687
0,1,4,1,23,5,13690
0,1,5,1,23,5,13693
0,1,6,1,23,5,13696
0,1,7,1,23,5,13699
0,1,8,1,23,5,13702
0,1,9,1,23,5,13705
0,1,10,1,23,5,13708
0,1,11,1,23,5,13711
0,1,12,1,23,5,13714
0,1,13,1,23,5,13717
0,1,14,1,23,5,13720
0,1,15,1,23,5,13723
0,1,16,1,23,5,13726
0,1,17,1,23,5,13729
0,1,18,1,23,5,13732
0,1,19,1,23,5,13735
0,1,20,1,23,5,13738
0,1,21,1,23,5,13741
0,1,22,1,23,5,13744
0,1,23,1,23,5,13747
0,1,1,2,23,5,13750
0,1,2,2,23,5,13753
0,1,3,2,23,5,13756
0,1,4,2,23,5,13759
0,1,5,2,23,5,13762
0,1,6,2,23,5,13765
0,1,7,2,23,5,13768
0,1,8,2,23,5,13771
0,1,9,2,23,5,13774
0,1,10,2,23,5,13777
0,1,11,2,23,5,13780
0,1,12,2,23,5,13783
0,1,13,2,23,5,13786
0,1,14,2,23,5,13789
0,1,15,2,23,5,13792
0,1,16,2,23,5,13795
0,1,17,2,23,5,13798
0,1,18,2,23,5,13801
0,1,19,2,23,5,13804
0,1,20,2,23,5,13807
0,1,21,2,23,5,13810
0,1,22,2,23,5,13813
0,1,23,2,23,5,13816
0,1,1,3,23,5,13819
0,1,2,3,23,5,13822
0,1,3,3,23,5,13825
0,1,4,3,23,5,13828
0,1,5,3,23,5,13831
0,1,6,3,23,5,13834
0,1,7,3,23,5,13837
0,1,8,3,23,5,13840
0,1,9,3,23,5,13843
0,1,10,3,23,5,13846
0,1,11,3,23,5,13849
0,1,12,3,23,5,13852
0,1,13,3,23,5,13855
0,1,14,3,23,5,13858
0,1,15,3,23,5,13861
0,1,16,3,23,5,13864
0,1,17,3,23,5,13867
0,1,18,3,23,5,13870
0,1,19,3,23,5,13873
0,1,20,3,23,5,13876
0,1,21,3,23,5,13879
0,1,22,3,23,5,13882
0,1,23,3,23,5,13885
0,1,1,4,23,5,13888
0,1,2,4,23,5,13891
0,1,3,4,23,5,13894
0,1,4,4,23,5,13897
0,1,5,4,23,5,13900
0,1,6,4,23,5,13903
0,1,7,4,23,5,13906
0,1,8,4,23,5,13909
0,1,9,4,23,5,13912
0,1,10,4,23,5,13915
0,1,11,4,23,5,13918
0,1,12,4,23,5,13921
0,1,13,4,23,5,13924
0,1,14,4,23,5,13927
0,1,15,4,23,5,13930
0,1,16,4,23,5,13933
0,1,17,4,23,5,13936
0,1,18,4,23,5,13939
0,1,19,4,23,5,13942
0,1,20,4,23,5,13945
0,1,21,4,23,5,13948
0,1,22,4,23,5,13951
0,1,23,4,23,5,13954
0,1,1,5,23,5,13957
0,1,2,5,23,5,13960
0,1,3,5,23,5,13963
0,1,4,5,23,5,13966
0,1,5,5,23,5,13969
0,1,6,5,23,5,13972
0,1,7,5,23,5,13975
0,1,8,5,23,5,13978
0,1,9,5,23,5,13981
0,1,10,5,23,5,13984
0,1,11,5,23,5,13987
0,1,12,5,23,5,13990
0,1,13,5,23,5,13993
0,1,14,5,23,5,13996
0,1,15,5,23,5,13999
0,1,16,5,23,5,14002
0,1,17,5,23,5,14005
0,1,18,5,23,5,14008
0,1,19,5,23,5,14011
0,1,20,5,23,5,14014
0,1,21,5,23,5,14017
0,1,22,5,23,5,14020
0,1,1,6,23,5,14023
0,1,2,6,23,5,14026
0,1,3,6,23,5,14029
0,1,4,6,23,5,14032
0,1,5,6,23,5,14035
0,1,6,6,23,5,14038
0,1,7,6,23,5,14041
0,1,8,6,23,5,14044
0,1,9,6,23,5,14047
0,1,10,6,23,5,14050
0,1,11,6,23,5,14053
0,1,12,6,23,5,14056
0,1,13,6,23,5,14059
0,1,14,6,23,5,14062
0,1,15,6,23,5,14065
0,1,16,6,23,5,14068
0,1,17,6,23,5,14071
0,1,18,6,23,5,14074
0,1,19,6,23,5,14077
0,1,20,6,23,5,14080
0,1,21,6,23,5,14083
0,1,22,6,23,5,14086
0,1,0,7,23,5,14089
0,1,1,7,23,5,14092
0,1,2,7,23,5,14095
0,1,3,7,23,5,14098
0,1,4,7,23,5,14101
0,1,5,7,23,5,14104
0,1,6,7,23,5,14107
0,1,7,7,23,5,14110
0,1,8,7,23,5,14113
0,1,9,7,23,5,14116
0,1,10,7,23,5,14119
0,1,11,7,23,5,14122
0,1,12,7,23,5,14125
0,1,13,7,23,5,14128
0,1,14,7,23,5,14131
0,1,15,7,23,5,14134
0,1,16,7,23,5,14137
0,1,17,7,23,5,14140
0,1,18,7,23,5,14143
0,1,19,7,23,5,14146
0,1,20,7,23,5,14149
0,1,21,7,23,5,14152
0,1,22,7,23,5,14155
0,1,0,8,23,5,14158
0,1,1,8,23,5,14161
0,1,2,8,23,5,14164
0,1,3,8,23,5,14167
0,1,4,8,23,5,14170
0,1,5,8,23,5,14173
0,1,6,8,23,5,14176
0,1,7,8,23,5,14179
0,1,8,8,23,5,14182
0,1,9,8,23,5,14185
0,1,10,8,23,5,14188
0,1,11,8,23,5,14191
0,1,12,8,23,5,14194
0,1,13,8,23,5,14197
0,1,14,8,23,5,14200
0,1,15,8,23,5,14203
0,1,16,8,23,5,14206
0,1,17,8,23,5,14209
0,1,18,8,23,5,14212
0,1,19,8,23,5,14215
0,1,20,8,23,5,14218
0,1,21,8,23,5,14221
0,1,22,8,23,5,14224
0,1,0,9,23,5,14227
0,1,1,9,23,5,14230
0,1,2,9,23,5,14233
0,1,3,9,23,5,14236
0,1,4,9,23,5,14239
0,1,5,9,23,5,14242
0,1,6,9,23,5,14245
0,1,7,9,23,5,14248
0,1,8,9,23,5,14251
0,1,9,9,23,5,14254
0,1,10,9,23,5,14257
0,1,11,9,23,5,14260
0,1,12,9,23,5,14263
0,1,13,9,23,5,14266
0,1,14,9,23,5,14269
0,1,15,9,23,5,14272
0,1,16,9,23,5,14275
0,1,17,9,23,5,14278
0,1,18,9,23,5,14281
0,1,19,9,23,5,14284
0,1,20,9,23,5,14287
0,1,21,9,23,5,14290
0,1,22,9,23,5,14293
0,1,0,10,23,5,14296
0,1,1,10,23,5,14299
0,1,2,10,23,5,14302
0,1,3,10,23,5,14305
0,1,4,10,23,5,14308
0,1,5,10,23,5,14311
0,1,6,10,23,5,14314
0,1,7,10,23,5,14317
0,1,8,10,23,5,14320
0,1,9,10,23,5,14323
0,1,10,10,23,5,14326
0,1,11,10,23,5,14329
0,1,12,10,23,5,14332
0,1,13,10,23,5,14335
0,1,14,10,23,5,14338
0,1,15,10,23,5,14341
0,1,16,10,23,5,14344
0,1,17,10,23,5,14347
0,1,18,10,23,5,14350
0,1,19,10,23,5,14353
0,1,20,10,23,5,14356
0,1,21,10,23,5,14359
0,1,22,10,23,5,14362
0,1,0,11,23,5,14365
0,1,1,11,23,5,14368
0,1,2,11,23,5,14371
0,1,3,11,23,5,14374
0,1,4,11,23,5,14377
0,1,5,11,23,5,14380
0,1,6,11,23,5,14383
0,1,7,11,23,5,14386
0,1,8,11,23,5,14389
0,1,9,11,23,5,14392
0,1,10,11,23,5,14395
0,1,11,11,23,5,14398
0,1,12,11,23,5,14401
0,1,13,11,23,5,14404
0,1,14,11,23,5,14407
0,1,15,11,23,5,14410
0,1,16,11,23,5,14413
0,1,17,11,23,5,14416
0,1,18,11,23,5,14419
0,1,19,11,23,5,14422
0,1,20,11,23,5,14425
0,1,21,11,23,5,14428
0,1,22,11,23,5,14431
0,1,23,11,23,5,14434
0,1,0,12,23,5,14437
0,1,1,12,23,5,14440
0,1,2,12,23,5,14443
0,1,3,12,23,5,14446
0,1,4,12,23,5,14449
0,1,5,12,23,5,14452
0,1,6,12,23,5,14455
0,1,7,12,23,5,14458
0,1,8,12,23,5,14461
0,1,9,12,23,5,14464
0,1,10,12,23,5,14467
0,1,11,12,23,5,14470
0,1,12,12,23,5,14473
0,1,13,12,23,5,14476
0,1,14,12,23,5,14479
0,1,15,12,23,5,14482
0,1,16,12,23,5,14485
0,1,17,12,23,5,14488
0,1,18,12,23,5,14491
0,1,19,12,23,5,14494
0,1,20,12,23,5,14497
0,1,21,12,23,5,14500
0,1,22,12,23,5,14503
0,1,23,12,23,5,14506
0,1,0,13,23,5,14509
0,1,1,13,23,5,14512
0,1,2,13,23,5,14515
0,1,3,13,23,5,14518
0,1,4,13,23,5,14521
0,1,5,13,23,5,14524
0,1,6,13,23,5,14527
0,1,7,13,23,5,14530
0,1,8,13,23,5,14533
0,1,9,13,23,5,14536
0,1,10,13,23,5,14539
0,1,11,13,23,5,14542
0,1,12,13,23,5,14545
0,1,13,13,23,5,14548
0,1,14,13,23,5,14551
0,1,15,13,23,5,14554
0,1,16,13,23,5,14557
0,1,17,13,23,5,14560
0,1,18,13,23,5,14563
0,1,19,13,23,5,14566
0,1,20,13,23,5,14569
0,1,21,13,23,5,14572
0,1,22,13,23,5,14575
0,1,23,13,23,5,14578
0,1,0,0,23,6,14581
0,1,1,0,23,6,14584
0,1,2,0,23,6,14587
0,1,3,0,23,6,14590
0,1,4,0,23,6,14593
0,1,5,0,23,6,14596
0,1,6,0,23,6,14599
0,1,7,0,23,6,14602
0,1,8,0,23,6,14605
0,1,9,0,23,6,14608
0,1,10,0,23,6,14611
0,1,11,0,23,6,14614
0,1,12,0,23,6,14617
0,1,13,0,23,6,14620
0,1,14,0,23,6,14623
0,1,15,0,23,6,14626
0,1,16,0,23,6,14629
0,1,17,0,23,6,14632
0,1,18,0,23,6,14635
0,1,19,0,23,6,14638
0,1,20,0,23,6,14641
0,1,21,0,23,6,14644
0,1,22,0,23,6,14647
0,1,23,0,23,6,14650
0,1,1,1,23,6,14653
0,1,2,1,23,6,14656
0,1,3,1,23,6,14659
0,1,4,1,23,6,14662
0,1,5,1,23,6,14665
0,1,6,1,23,6,14668
0,1,7,1,23,6,14671
0,1,8,1,23,6,14674
0,1,9,1,23,6,14677
0,1,10,1,23,6,14680
0,1,11,1,23,6,14683
0,1,12,1,23,6,14686
0,1,13,1,23,6,14689
0,1,14,1,23,6,14692
0,1,15,1,23,6,14695
0,1,16,1,23,6,14698
0,1,17,1,23,6,14701
0,1,18,1,23,6,14704
0,1,19,1,23,6,14707
0,1,20,1,23,6,14710
0,1,21,1,23,6,14713
0,1,22,1,23,6,14716
0,1,23,1,23,6,14719
0,1,1,2,23,6,14722
0,1,2,2,23,6,14725
0,1,3,2,23,6,14728
0,1,4,2,23,6,14731
0,1,5,2,23,6,14734
0,1,6,2,23,6,14737
0,1,7,2,23,6,14740
0,1,8,2,23,6,14743
0,1,9,2,23,6,14746
0,1,10,2,23,6,14749
0,1,11,2,23,6,14752
0,1,12,2,23,6,14755
0,1,13,2,23,6,14758
0,1,14,2,23,6,14761
0,1,15,2,23,6,14764
0,1,16,2,23,6,14767
0,1,17,2,23,6,14770
0,1,18,2,23,6,14773
0,1,19,2,23,6,14776
0,1,20,2,23,6,14779
0,1,21,2,23,6,14782
0,1,22,2,23,6,14785
0,1,23,2,23,6,14788
0,1,1,3,23,6,14791
0,1,2,3,23,6,14794
0,1,3,3,23,6,14797
0,1,4,3,23,6,14800
0,1,5,3,23,6,14803
0,1,6,3,23,6,14806
0,1,7,3,23,6,14809
0,1,8,3,23,6,14812
0,1,9,3,23,6,14815
0,1,10,3,23,6,14818
0,1,11,3,23,6,14821
0,1,12,3,23,6,14824
0,1,13,3,23,6,14827
0,1,14,3,23,6,14830
0,1,15,3,23,6,14833
0,1,16,3,23,6,14836
0,1,17,3,23,6,14839
0,1,18,3,23,6,14842
0,1,19,3,23,6,14845
0,1,20,3,23,6,14848
0,1,21,3,23,6,14851
0,1,22,3,23,6,14854
0,1,23,3,23,6,14857
0,1,1,4,23,6,14860
0,1,2,4,23,6,14863
0,1,3,4,23,6,14866
0,1,4,4,23,6,14869
0,1,5,4,23,6,14872
0,1,6,4,23,6,14875
0,1,7,4,23,6,14878
0,1,8,4,23,6,14881
0,1,9,4,23,6,14884
0,1,10,4,23,6,14887
0,1,11,4,23,6,14890
0,1,12,4,23,6,14893
0,1,13,4,23,6,14896
0,1,14,4,23,6,14899
0,1,15,4,23,6,14902
0,1,16,4,23,6,14905
0,1,17,4,23,6,14908
0,1,18,4,23,6,14911
0,1,19,4,23,6,14914
0,1,20,4,23,6,14917
0,1,21,4,23,6,14920
0,1,22,4,23,6,14923
0,1,23,4,23,6,14926
0,1,1,5,23,6,14929
0,1,2,5,23,6,14932
0,1,3,5,23,6,14935
0,1,4,5,23,6,14938
0,1,5,5,23,6,14941
0,1,6,5,23,6,14944
0,1,7,5,23,6,14947
0,1,8,5,23,6,14950
0,1,9,5,23,6,14953
0,1,10,5,23,6,14956
0,1,11,5,23,6,14959
0,1,12,5,23,6,14962
0,1,13,5,23,6,14965
0,1,14,5,23,6,14968
0,1,15,5,23,6,14971
0,1,16,5,23,6,14974
0,1,17,5,23,6,14977
0,1,18,5,23,6,14980
0,1,19,5,23,6,14983
0,1,20,5,23,6,14986
0,1,21,5,23,6,14989
0,1,22,5,23,6,14992
0,1,23,5,23,6,14995
0,1,1,6,23,6,14998
0,1,2,6,23,6,15001
0,1,3,6,23,6,15004
0,1,4,6,23,6,15007
0,1,5,6,23,6,15010
0,1,6,6,23,6,15013
0,1,7,6,23,6,15016
0,1,8,6,23,6,15019
0,1,9,6,23,6,15022
0,1,10,6,23,6,15025
0,1,11,6,23,6,15028
0,1,12,6,23,6,15031
0,1,13,6,23,6,15034
0,1,14,6,23,6,15037
0,1,15,6,23,6,15040
0,1,16,6,23,6,15043
0,1,17,6,23,6,15046
0,1,18,6,23,6,15049
0,1,19,6,23,6,15052
0,1,20,6,23,6,15055
0,1,21,6,23,6,15058
0,1,22,6,23,6,15061
0,1,0,7,23,6,15064
0,1,1,7,23,6,15067
0,1,2,7,23,6,15070
0,1,3,7,23,6,15073
0,1,4,7,23,6,15076
0,1,5,7,23,6,15079
0,1,6,7,23,6,15082
0,1,7,7,23,6,15085
0,1,8,7,23,6,15088
0,1,9,7,23,6,15091
0,1,10,7,23,6,15094
0,1,11,7,23,6,15097
0,1,12,7,23,6,15100
0,1,13,7,23,6,15103
0,1,14,7,23,6,15106
0,1,15,7,23,6,15109
0,1,16,7,23,6,15112
0,1,17,7,23,6,15115
0,1,18,7,23,6,15118
0,1,19,7,23,6,15121
0,1,20,7,23,6,15124
0,1,21,7,23,6,15127
0,1,22,7,23,6,15130
0,1,0,8,23,6,15133
0,1,1,8,23,6,15136
0,1,2,8,23,6,15139
0,1,3,8,23,6,15142
0,1,4,8,23,6,15145
0,1,5,8,23,6,15148
0,1,6,8,23,6,15151
0,1,7,8,23,6,15154
0,1,8,8,23,6,15157
0,1,9,8,23,6,15160
0,1,10,8,23,6,15163
0,1,11,8,23,6,15166
0,1,12,8,23,6,15169
0,1,13,8,23,6,15172
0,1,14,8,23,6,15175
0,1,15,8,23,6,15178
0,1,16,8,23,6,15181
0,1,17,8,23,6,15184
0,1,18,8,23,6,15187
0,1,19,8,23,6,15190
0,1,20,8,23,6,15193
0,1,21,8,23,6,15196
0,1,22,8,23,6,15199
0,1,0,9,23,6,15202
0,1,1,9,23,6,15205
0,1,2,9,23,6,15208
0,1,3,9,23,6,15211
0,1,4,9,23,6,15214
0,1,5,9,23,6,15217
0,1,6,9,23,6,15220
0,1,7,9,23,6,15223
0,1,8,9,23,6,15226
0,1,9,9,23,6,15229
0,1,10,9,23,6,15232
0,1,11,9,23,6,15235
0,1,12,9,23,6,15238
0,1,13,9,23,6,15241
0,1,14,9,23,6,15244
0,1,15,9,23,6,15247
0,1,16,9,23,6,15250
0,1,17,9,23,6,15253
0,1,18,9,23,6,15256
0,1,19,9,23,6,15259
0,1,20,9,23,6,15262
0,1,21,9,23,6,15265
0,1,22,9,23,6,15268
0,1,0,10,23,6,15271
0,1,1,10,23,6,15274
0,1,2,10,23,6,15277
0,1,3,10,23,6,15280
0,1,4,10,23,6,15283
0,1,5,10,23,6,15286
0,1,6,10,23,6,15289
0,1,7,10,23,6,15292
0,1,8,10,23,6,15295
0,1,9,10,23,6,15298
0,1,10,10,23,6,15301
0,1,11,10,23,6,15304
0,1,12,10,23,6,15307
0,1,13,10,23,6,15310
0,1,14,10,23,6,15313
0,1,15,10,23,6,15316
0,1,16,10,23,6,15319
0,1,17,10,23,6,15322
0,1,18,10,23,6,15325
0,1,19,10,23,6,15328
0,1,20,10,23,6,15331
0,1,21,10,23,6,15334
0,1,22,10,23,6,15337
0,1,0,11,23,6,15340
0,1,1,11,23,6,15343
0,1,2,11,23,6,15346
0,1,3,11,23,6,15349
0,1,4,11,23,6,15352
0,1,5,11,23,6,15355
0,1,6,11,23,6,15358
0,1,7,11,23,6,15361
0,1,8,11,23,6,15364
0,1,9,11,23,6,15367
0,1,10,11,23,6,15370
0,1,11,11,23,6,15373
0,1,12,11,23,6,15376
0,1,13,11,23,6,15379
0,1,14,11,23,6,15382
0,1,15,11,23,6,15385
0,1,16,11,23,6,15388
0,1,17,11,23,6,15391
0,1,18,11,23,6,15394
0,1,19,11,23,6,15397
0,1,20,11,23,6,15400
0,1,21,11,23,6,15403
0,1,22,11,23,6,15406
0,1,0,12,23,6,15409
0,1,1,12,23,6,15412
0,1,2,12,23,6,15415
0,1,3,12,23,6,15418
0,1,4,12,23,6,15421
0,1,5,12,23,6,15424
0,1,6,12,23,6,15427
0,1,7,12,23,6,15430
0,1,8,12,23,6,15433
0,1,9,12,23,6,15436
0,1,10,12,23,6,15439
0,1,11,12,23,6,15442
0,1,12,12,23,6,15445
0,1,13,12,23,6,15448
0,1,14,12,23,6,15451
0,1,15,12,23,6,15454
0,1,16,12,23,6,15457
0,1,17,12,23,6,15460
0,1,18,12,23,6,15463
0,1,19,12,23,6,15466
0,1,20,12,23,6,15469
0,1,21,12,23,6,15472
0,1,22,12,23,6,15475
0,1,23,12,23,6,15478
0,1,0,13,23,6,15481
0,1,1,13,23,6,15484
0,1,2,13,23,6,15487
0,1,3,13,23,6,15490
0,1,4,13,23,6,15493
0,1,5,13,23,6,15496
0,1,6,13,23,6,15499
0,1,7,13,23,6,15502
0,1,8,13,23,6,15505
0,1,9,13,23,6,15508
0,1,10,13,23,6,15511
0,1,11,13,23,6,15514
0,1,12,13,23,6,15517
0,1,13,13,23,6,15520
0,1,14,13,23,6,15523
0,1,15,13,23,6,15526
0,1,16,13,23,6,15529
0,1,17,13,23,6,15532
0,1,18,13,23,6,15535
0,1,19,13,23,6,15538
0,1,20,13,23,6,15541
0,1,21,13,23,6,15544
0,1,22,13,23,6,15547
0,1,23,13,23,6,15550
0,1,0,0,23,7,15553
0,1,1,0,23,7,15556
0,1,2,0,23,7,15559
0,1,3,0,23,7,15562
0,1,4,0,23,7,15565
0,1,5,0,23,7,15568
0,1,6,0,23,7,15571
0,1,7,0,23,7,15574
0,1,8,0,23,7,15577
0,1,9,0,23,7,15580
0,1,10,0,23,7,15583
0,1,11,0,23,7,15586
0,1,12,0,23,7,15589
0,1,13,0,23,7,15592
0,1,14,0,23,7,15595
0,1,15,0,23,7,15598
0,1,16,0,23,7,15601
0,1,17,0,23,7,15604
0,1,18,0,23,7,15607
0,1,19,0,23,7,15610
0,1,20,0,23,7,15613
0,1,21,0,23,7,15616
0,1,22,0,23,7,15619
0,1,23,0,23,7,15622
0,1,1,1,23,7,15625
0,1,2,1,23,7,15628
0,1,3,1,23,7,15631
0,1,4,1,23,7,15634
0,1,5,1,23,7,15637
0,1,6,1,23,7,15640
0,1,7,1,23,7,15643
0,1,8,1,23,7,15646
0,1,9,1,23,7,15649
0,1,10,1,23,7,15652
0,1,11,1,23,7,15655
0,1,12,1,23,7,15658
0,1,13,1,23,7,15661
0,1,14,1,23,7,15664
0,1,15,1,23,7,15667
0,1,16,1,23,7,15670
0,1,17,1,23,7,15673
0,1,18,1,23,7,15676
0,1,19,1,23,7,15679
0,1,20,1,23,7,15682
0,1,21,1,23,7,15685
0,1,22,1,23,7,15688
0,1,23,1,23,7,15691
0,1,1,2,23,7,15694
0,1,2,2,23,7,15697
0,1,3,2,23,7,15700
0,1,4,2,23,7,15703
0,1,5,2,23,7,15706
0,1,6,2,23,7,15709
0,1,7,2,23,7,15712
0,1,8,2,23,7,15715
0,1,9,2,23,7,15718
0,1,10,2,23,7,15721
0,1,11,2,23,7,15724
0,1,12,2,23,7,15727
0,1,13,2,23,7,15730
0,1,14,2,23,7,15733
0,1,15,2,23,7,15736
0,1,16,2,23,7,15739
0,1,17,2,23,7,15742
0,1,18,2,23,7,15745
0,1,19,2,23,7,15748
0,1,20,2,23,7,15751
0,1,21,2,23,7,15754
0,1,22,2,23,7,15757
0,1,23,2,23,7,15760
0,1,1,3,23,7,15763
0,1,2,3,23,7,15766
0,1,3,3,23,7,15769
0,1,4,3,23,7,15772
0,1,5,3,23,7,15775
0,1,6,3,23,7,15778
0,1,7,3,23,7,15781
0,1,8,3,23,7,15784
0,1,9,3,23,7,15787
0,1,10,3,23,7,15790
0,1,11,3,23,7,15793
0,1,12,3,23,7,15796
0,1,13,3,23,7,15799
0,1,14,3,23,7,15802
0,1,15,3,23,7,15805
0,1,16,3,23,7,15808
0,1,17,3,23,7,15811
0,1,18,3,23,7,15814
0,1,19,3,23,7,15817
0,1,20,3,23,7,15820
0,1,21,3,23,7,15823
0,1,22,3,23,7,15826
0,1,23,3,23,7,15829
0,1,1,4,23,7,15832
0,1,2,4,23,7,15835
0,1,3,4,23,7,15838
0,1,4,4,23,7,15841
0,1,5,4,23,7,15844
0,1,6,4,23,7,15847
0,1,7,4,23,7,15850
0,1,8,4,23,7,15853
0,1,9,4,23,7,15856
0,1,10,4,23,7,15859
0,1,11,4,23,7,15862
0,1,12,4,23,7,15865
0,1,13,4,23,7,15868
0,1,14,4,23,7,15871
0,1,15,4,23,7,15874
0,1,16,4,23,7,15877
0,1,17,4,23,7,15880
0,1,18,4,23,7,15883
0,1,19,4,23,7,15886
0,1,20,4,23,7,15889
0,1,21,4,23,7,15892
0,1,22,4,23,7,15895
0,1,23,4,23,7,15898
0,1,1,5,23,7,15901
0,1,2,5,23,7,15904
0,1,3,5,23,7,15907
0,1,4,5,23,7,15910
0,1,5,5,23,7,15913
0,1,6,5,23,7,15916
0,1,7,5,23,7,15919
0,1,8,5,23,7,15922
0,1,9,5,23,7,15925
0,1,10,5,23,7,15928
0,1,11,5,23,7,15931
0,1,12,5,23,7,15934
0,1,13,5,23,7,15937
0,1,14,5,23,7,15940
0,1,15,5,23,7,15943
0,1,16,5,23,7,15946
0,1,17,5,23,7,15949
0,1,18,5,23,7,15952
0,1,19,5,23,7,15955
0,1,20,5,23,7,15958
0,1,21,5,23,7,15961
0,1,22,5,23,7,15964
0,1,23,5,23,7,15967
0,1,1,6,23,7,15970
0,1,2,6,23,7,15973
0,1,3,6,23,7,15976
0,1,4,6,23,7,15979
0,1,5,6,23,7,15982
0,1,6,6,23,7,15985
0,1,7,6,23,7,15988
0,1,8,6,23,7,15991
0,1,9,6,23,7,15994
0,1,10,6,23,7,15997
0,1,11,6,23,7,16000
0,1,12,6,23,7,16003
0,1,13,6,23,7,16006
0,1,14,6,23,7,16009
0,1,15,6,23,7,16012
0,1,16,6,23,7,16015
0,1,17,6,23,7,16018
0,1,18,6,23,7,16021
0,1,19,6,23,7,16024
0,1,20,6,23,7,16027
0,1,21,6,23,7,16030
0,1,22,6,23,7,16033
0,1,23,6,23,7,16036
0,1,0,7,23,7,16039
0,1,1,7,23,7,16042
0,1,2,7,23,7,16045
0,1,3,7,23,7,16048
0,1,4,7,23,7,16051
0,1,5,7,23,7,16054
0,1,6,7,23,7,16057
0,1,7,7,23,7,16060
0,1,8,7,23,7,16063
0,1,9,7,23,7,16066
0,1,10,7,23,7,16069
0,1,11,7,23,7,16072
0,1,12,7,23,7,16075
0,1,13,7,23,7,16078
0,1,14,7,23,7,16081
0,1,15,7,23,7,16084
0,1,16,7,23,7,16087
0,1,17,7,23,7,16090
0,1,18,7,23,7,16093
0,1,19,7,23,7,16096
0,1,20,7,23,7,16099
0,1,21,7,23,7,16102
0,1,22,7,23,7,16105
0,1,0,8,23,7,16108
0,1,1,8,23,7,16111
0,1,2,8,23,7,16114
0,1,3,8,23,7,16117
0,1,4,8,23,7,16120
0,1,5,8,23,7,16123
0,1,6,8,23,7,16126
0,1,7,8,23,7,16129
0,1,8,8,23,7,16132
0,1,9,8,23,7,16135
0,1,10,8,23,7,16138
0,1,11,8,23,7,16141
0,1,12,8,23,7,16144
0,1,13,8,23,7,16147
0,1,14,8,23,7,16150
0,1,15,8,23,7,16153
0,1,16,8,23,7,16156
0,1,17,8,23,7,16159
0,1,18,8,23,7,16162
0,1,19,8,23,7,16165
0,1,20,8,23,7,16168
0,1,21,8,23,7,16171
0,1,22,8,23,7,16174
0,1,0,9,23,7,16177
0,1,1,9,23,7,16180
0,1,2,9,23,7,16183
0,1,3,9,23,7,16186
0,1,4,9,23,7,16189
0,1,5,9,23,7,16192
0,1,6,9,23,7,16195
0,1,7,9,23,7,16198
0,1,8,9,23,7,16201
0,1,9,9,23,7,16204
0,1,10,9,23,7,16207
0,1,11,9,23,7,16210
0,1,12,9,23,7,16213
0,1,13,9,23,7,16216
0,1,14,9,23,7,16219
0,1,15,9,23,7,16222
0,1,16,9,23,7,16225
0,1,17,9,23,7,16228
0,1,18,9,23,7,16231
0,1,19,9,23,7,16234
0,1,20,9,23,7,16237
0,1,21,9,23,7,16240
0,1,22,9,23,7,16243
0,1,0,10,23,7,16246
0,1,1,10,23,7,16249
0,1,2,10,23,7,16252
0,1,3,10,23,7,16255
0,1,4,10,23,7,16258
0,1,5,10,23,7,16261
0,1,6,10,23,7,16264
0,1,7,10,23,7,16267
0,1,8,10,23,7,16270
0,1,9,10,23,7,16273
0,1,10,10,23,7,16276
0,1,11,10,23,7,16279
0,1,12,10,23,7,16282
0,1,13,10,23,7,16285
0,1,14,10,23,7,16288
0,1,15,10,23,7,16291
0,1,16,10,23,7,16294
0,1,17,10,23,7,16297
0,1,18,10,23,7,16300
0,1,19,10,23,7,16303
0,1,20,10,23,7,16306
0,1,21,10,23,7,16309
0,1,22,10,23,7,16312
0,1,0,11,23,7,16315
0,1,1,11,23,7,16318
0,1,2,11,23,7,16321
0,1,3,11,23,7,16324
0,1,4,11,23,7,16327
0,1,5,11,23,7,16330
0,1,6,11,23,7,16333
0,1,7,11,23,7,16336
0,1,8,11,23,7,16339
0,1,9,11,23,7,16342
0,1,10,11,23,7,16345
0,1,11,11,23,7,16348
0,1,12,11,23,7,16351
0,1,13,11,23,7,16354
0,1,14,11,23,7,16357
0,1,15,11,23,7,16360
0,1,16,11,23,7,16363
0,1,17,11,23,7,16366
0,1,18,11,23,7,16369
0,1,19,11,23,7,16372
0,1,20,11,23,7,16375
0,1,21,11,23,7,16378
0,1,22,11,23,7,16381
0,1,0,12,23,7,16384
0,1,1,12,23,7,16387
0,1,2,12,23,7,16390
0,1,3,12,23,7,16393
0,1,4,12,23,7,16396
0,1,5,12,23,7,16399
0,1,6,12,23,7,16402
0,1,7,12,23,7,16405
0,1,8,12,23,7,16408
0,1,9,12,23,7,16411
0,1,10,12,23,7,16414
0,1,11,12,23,7,16417
0,1,12,12,23,7,16420
0,1,13,12,23,7,16423
0,1,14,12,23,7,16426
0,1,15,12,23,7,16429
0,1,16,12,23,7,16432
0,1,17,12,23,7,16435
0,1,18,12,23,7,16438
0,1,19,12,23,7,16441
0,1,20,12,23,7,16444
0,1,21,12,23,7,16447
0,1,22,12,23,7,16450
0,1,0,13,23,7,16453
0,1,1,13,23,7,16456
0,1,2,13,23,7,16459
0,1,3,13,23,7,16462
0,1,4,13,23,7,16465
0,1,5,13,23,7,16468
0,1,6,13,23,7,16471
0,1,7,13,23,7,16474
0,1,8,13,23,7,16477
0,1,9,13,23,7,16480
0,1,10,13,23,7,16483
0,1,11,13,23,7,16486
0,1,12,13,23,7,16489
0,1,13,13,23,7,16492
0,1,14,13,23,7,16495
0,1,15,13,23,7,16498
0,1,16,13,23,7,16501
0,1,17,13,23,7,16504
0,1,18,13,23,7,16507
0,1,19,13,23,7,16510
0,1,20,13,23,7,16513
0,1,21,13,23,7,16516
0,1,22,13,23,7,16519
0,1,23,13,23,7,16522
0,1,0,0,23,8,16525
0,1,1,0,23,8,16528
0,1,2,0,23,8,16531
0,1,3,0,23,8,16534
0,1,4,0,23,8,16537
0,1,5,0,23,8,16540
0,1,6,0,23,8,16543
0,1,7,0,23,8,16546
0,1,8,0,23,8,16549
0,1,9,0,23,8,16552
0,1,10,0,23,8,16555
0,1,11,0,23,8,16558
0,1,12,0,23,8,16561
0,1,13,0,23,8,16564
0,1,14,0,23,8,16567
0,1,15,0,23,8,16570
0,1,16,0,23,8,16573
0,1,17,0,23,8,16576
0,1,18,0,23,8,16579
0,1,19,0,23,8,16582
0,1,20,0,23,8,16585
0,1,21,0,23,8,16588
0,1,22,0,23,8,16591
0,1,23,0,23,8,16594
0,1,1,1,23,8,16597
0,1,2,1,23,8,16600
0,1,3,1,23,8,16603
0,1,4,1,23,8,16606
0,1,5,1,23,8,16609
0,1,6,1,23,8,16612
0,1,7,1,23,8,16615
0,1,8,1,23,8,16618
0,1,9,1,23,8,16621
0,1,10,1,23,8,16624
0,1,11,1,23,8,16627
0,1,12,1,23,8,16630
0,1,13,1,23,8,16633
0,1,14,1,23,8,16636
0,1,15,1,23,8,16639
0,1,16,1,23,8,16642
0,1,17,1,23,8,16645
0,1,18,1,23,8,16648
0,1,19,1,23,8,16651
0,1,20,1,23,8,16654
0,1,21,1,23,8,16657
0,1,22,1,23,8,16660
0,1,23,1,23,8,16663
0,1,1,2,23,8,16666
0,1,2,2,23,8,16669
0,1,3,2,23,8,16672
0,1,4,2,23,8,16675
0,1,5,2,23,8,16678
0,1,6,2,23,8,16681
0,1,7,2,23,8,16684
0,1,8,2,23,8,16687
0,1,9,2,23,8,16690
0,1,10,2,23,8,16693
0,1,11,2,23,8,16696
0,1,12,2,23,8,16699
0,1,13,2,23,8,16702
0,1,14,2,23,8,16705
0,1,15,2,23,8,16708
0,1,16,2,23,8,16711
0,1,17,2,23,8,16714
0,1,18,2,23,8,16717
0,1,19,2,23,8,16720
0,1,20,2,23,8,16723
0,1,21,2,23,8,16726
0,1,22,2,23,8,16729
0,1,23,2,23,8,16732
0,1,1,3,23,8,16735
0,1,2,3,23,8,16738
0,1,3,3,23,8,16741
0,1,4,3,23,8,16744
0,1,5,3,23,8,16747
0,1,6,3,23,8,16750
0,1,7,3,23,8,16753
0,1,8,3,23,8,16756
0,1,9,3,23,8,16759
0,1,10,3,23,8,16762
0,1,11,3,23,8,16765
0,1,12,3,23,8,16768
0,1,13,3,23,8,16771
0,1,14,3,23,8,16774
0,1,15,3,23,8,16777
0,1,16,3,23,8,16780
0,1,17,3,23,8,16783
0,1,18,3,23,8,16786
0,1,19,3,23,8,16789
0,1,20,3,23,8,16792
0,1,21,3,23,8,16795
0,1,22,3,23,8,16798
0,1,23,3,23,8,16801
0,1,1,4,23,8,16804
0,1,2,4,23,8,16807
0,1,3,4,23,8,16810
0,1,4,4,23,8,16813
0,1,5,4,23,8,16816
0,1,6,4,23,8,16819
0,1,7,4,23,8,16822
0,1,8,4,23,8,16825
0,1,9,4,23,8,16828
0,1,10,4,23,8,16831
0,1,11,4,23,8,16834
0,1,12,4,23,8,16837
0,1,13,4,23,8,16840
0,1,14,4,23,8,16843
0,1,15,4,23,8,16846
0,1,16,4,23,8,16849
0,1,17,4,23,8,16852
0,1,18,4,23,8,16855
0,1,19,4,23,8,16858
0,1,20,4,23,8,16861
0,1,21,4,23,8,16864
0,1,22,4,23,8,16867
0,1,23,4,23,8,16870
0,1,1,5,23,8,16873
0,1,2,5,23,8,16876
0,1,3,5,23,8,16879
0,1,4,5,23,8,16882
0,1,5,5,23,8,16885
0,1,6,5,23,8,16888
0,1,7,5,23,8,16891
0,1,8,5,23,8,16894
0,1,9,5,23,8,16897
0,1,10,5,23,8,16900
0,1,11,5,23,8,16903
0,1,12,5,23,8,16906
0,1,13,5,23,8,16909
0,1,14,5,23,8,16912
0,1,15,5,23,8,16915
0,1,16,5,23,8,16918
0,1,17,5,23,8,16921
0,1,18,5,23,8,16924
0,1,19,5,23,8,16927
0,1,20,5,23,8,16930
0,1,21,5,23,8,16933
0,1,22,5,23,8,16936
0,1,23,5,23,8,16939
0,1,1,6,23,8,16942
0,1,2,6,23,8,16945
0,1,3,6,23,8,16948
0,1,4,6,23,8,16951
0,1,5,6,23,8,16954
0,1,6,6,23,8,16957
0,1,7,6,23,8,16960
0,1,8,6,23,8,16963
0,1,9,6,23,8,16966
0,1,10,6,23,8,16969
0,1,11,6,23,8,16972
0,1,12,6,23,8,16975
0,1,13,6,23,8,16978
0,1,14,6,23,8,16981
0,1,15,6,23,8,16984
0,1,16,6,23,8,16987
0,1,17,6,23,8,16990
0,1,18,6,23,8,16993
0,1,19,6,23,8,16996
0,1,20,6,23,8,16999
0,1,21,6,23,8,17002
0,1,22,6,23,8,17005
0,1,23,6,23,8,17008
0,1,0,7,23,8,17011
0,1,1,7,23,8,17014
0,1,2,7,23,8,17017
0,1,3,7,23,8,17020
0,1,4,7,23,8,17023
0,1,5,7,23,8,17026
0,1,6,7,23,8,17029
0,1,7,7,23,8,17032
0,1,8,7,23,8,17035
0,1,9,7,23,8,17038
0,1,10,7,23,8,17041
0,1,11,7,23,8,17044
0,1,12,7,23,8,17047
0,1,13,7,23,8,17050
0,1,14,7,23,8,17053
0,1,15,7,23,8,17056
0,1,16,7,23,8,17059
0,1,17,7,23,8,17062
0,1,18,7,23,8,17065
0,1,19,7,23,8,17068
0,1,20,7,23,8,17071
0,1,21,7,23,8,17074
0,1,22,7,23,8,17077
0,1,23,7,23,8,17080
0,1,0,8,23,8,17083
0,1,1,8,23,8,17086
0,1,2,8,23,8,17089
0,1,3,8,23,8,17092
0,1,4,8,23,8,17095
0,1,5,8,23,8,17098
0,1,6,8,23,8,17101
0,1,7,8,23,8,17104
0,1,8,8,23,8,17107
0,1,9,8,23,8,17110
0,1,10,8,23,8,17113
0,1,11,8,23,8,17116
0,1,12,8,23,8,17119
0,1,13,8,23,8,17122
0,1,14,8,23,8,17125
0,1,15,8,23,8,17128
0,1,16,8,23,8,17131
0,1,17,8,23,8,17134
0,1,18,8,23,8,17137
0,1,19,8,23,8,17140
0,1,20,8,23,8,17143
0,1,21,8,23,8,17146
0,1,22,8,23,8,17149
0,1,0,9,23,8,17152
0,1,1,9,23,8,17155
0,1,2,9,23,8,17158
0,1,3,9,23,8,17161
0,1,4,9,23,8,17164
0,1,5,9,23,8,17167
0,1,6,9,23,8,17170
0,1,7,9,23,8,17173
0,1,8,9,23,8,17176
0,1,9,9,23,8,17179
0,1,10,9,23,8,17182
0,1,11,9,23,8,17185
0,1,12,9,23,8,17188
0,1,13,9,23,8,17191
0,1,14,9,23,8,17194
0,1,15,9,23,8,17197
0,1,16,9,23,8,17200
0,1,17,9,23,8,17203
0,1,18,9,23,8,17206
0,1,19,9,23,8,17209
0,1,20,9,23,8,17212
0,1,21,9,23,8,17215
0,1,22,9,23,8,17218
0,1,0,10,23,8,17221
0,1,1,10,23,8,17224
0,1,2,10,23,8,17227
0,1,3,10,23,8,17230
0,1,4,10,23,8,17233
0,1,5,10,23,8,17236
0,1,6,10,23,8,17239
0,1,7,10,23,8,17242
0,1,8,10,23,8,17245
0,1,9,10,23,8,17248
0,1,10,10,23,8,17251
0,1,11,10,23,8,17254
0,1,12,10,23,8,17257
0,1,13,10,23,8,17260
0,1,14,10,23,8,17263
0,1,15,10,23,8,17266
0,1,16,10,23,8,17269
0,1,17,10,23,8,17272
0,1,18,10,23,8,17275
0,1,19,10,23,8,17278
0,1,20,10,23,8,17281
0,1,21,10,23,8,17284
0,1,22,10,23,8,17287
0,1,0,11,23,8,17290
0,1,1,11,23,8,17293
0,1,2,11,23,8,17296
0,1,3,11,23,8,17299
0,1,4,11,23,8,17302
0,1,5,11,23,8,17305
0,1,6,11,23,8,17308
0,1,7,11,23,8,17311
0,1,8,11,23,8,17314
0,1,9,11,23,8,17317
0,1,10,11,23,8,17320
0,1,11,11,23,8,17323
0,1,12,11,23,8,17326
0,1,13,11,23,8,17329
0,1,14,11,23,8,17332
0,1,15,11,23,8,17335
0,1,16,11,23,8,17338
0,1,17,11,23,8,17341
0,1,18,11,23,8,17344
0,1,19,11,23,8,17347
0,1,20,11,23,8,17350
0,1,21,11,23,8,17353
0,1,22,11,23,8,17356
0,1,0,12,23,8,17359
0,1,1,12,23,8,17362
0,1,2,12,23,8,17365
0,1,3,12,23,8,17368
0,1,4,12,23,8,17371
0,1,5,12,23,8,17374
0,1,6,12,23,8,17377
0,1,7,12,23,8,17380
0,1,8,12,23,8,17383
0,1,9,12,23,8,17386
0,1,10,12,23,8,17389
0,1,11,12,23,8,17392
0,1,12,12,23,8,17395
0,1,13,12,23,8,17398
0,1,14,12,23,8,17401
0,1,15,12,23,8,17404
0,1,16,12,23,8,17407
0,1,17,12,23,8,17410
0,1,18,12,23,8,17413
0,1,19,12,23,8,17416
0,1,20,12,23,8,17419
0,1,21,12,23,8,17422
0,1,22,12,23,8,17425
0,1,0,13,23,8,17428
0,1,1,13,23,8,17431
0,1,2,13,23,8,17434
0,1,3,13,23,8,17437
0,1,4,13,23,8,17440
0,1,5,13,23,8,17443
0,1,6,13,23,8,17446
0,1,7,13,23,8,17449
0,1,8,13,23,8,17452
0,1,9,13,23,8,17455
0,1,10,13,23,8,17458
0,1,11,13,23,8,17461
0,1,12,13,23,8,17464
0,1,13,13,23,8,17467
0,1,14,13,23,8,17470
0,1,15,13,23,8,17473
0,1,16,13,23,8,17476
0,1,17,13,23,8,17479
0,1,18,13,23,8,17482
0,1,19,13,23,8,17485
0,1,20,13,23,8,17488
0,1,21,13,23,8,17491
0,1,22,13,23,8,17494
0,2,0,0,23,0,17497
0,2,1,0,23,0,17500
0,2,2,0,23,0,17503
0,2,3,0,23,0,17506
0,2,4,0,23,0,17509
0,2,5,0,23,0,17512
0,2,6,0,23,0,17515
0,2,7,0,23,0,17518
0,2,8,0,23,0,17521
0,2,9,0,23,0,17524
0,2,10,0,23,0,17527
0,2,11,0,23,0,17530
0,2,12,0,23,0,17533
0,2,13,0,23,0,17536
0,2,14,0,23,0,17539
0,2,15,0,23,0,17542
0,2,16,0,23,0,17545
0,2,17,0,23,0,17548
0,2,18,0,23,0,17551
0,2,19,0,23,0,17554
0,2,20,0,23,0,17557
0,2,21,0,23,0,17560
0,2,22,0,23,0,17563
0,2,0,1,23,0,17566
0,2,1,1,23,0,17569
0,2,2,1,23,0,17572
0,2,3,1,23,0,17575
0,2,4,1,23,0,17578
0,2,5,1,23,0,17581
0,2,6,1,23,0,17584
0,2,7,1,23,0,17587
0,2,8,1,23,0,17590
0,2,9,1,23,0,17593
0,2,10,1,23,0,17596
0,2,11,1,23,0,17599
0,2,12,1,23,0,17602
0,2,13,1,23,0,17605
0,2,14,1,23,0,17608
0,2,15,1,23,0,17611
0,2,16,1,23,0,17614
0,2,17,1,23,0,17617
0,2,18,1,23,0,17620
0,2,19,1,23,0,17623
0,2,20,1,23,0,17626
0,2,21,1,23,0,17629
0,2,22,1,23,0,17632
0,2,1,2,23,0,17635
0,2,2,2,23,0,17638
0,2,3,2,23,0,17641
0,2,4,2,23,0,17644
0,2,5,2,23,0,17647
0,2,6,2,23,0,17650
0,2,7,2,23,0,17653
0,2,8,2,23,0,17656
0,2,9,2,23,0,17659
0,2,10,2,23,0,17662
0,2,11,2,23,0,17665
0,2,12,2,23,0,17668
0,2,13,2,23,0,17671
0,2,14,2,23,0,17674
0,2,15,2,23,0,17677
0,2,16,2,23,0,17680
0,2,17,2,23,0,17683
0,2,18,2,23,0,17686
0,2,19,2,23,0,17689
0,2,20,2,23,0,17692
0,2,21,2,23,0,17695
0,2,22,2,23,0,17698
0,2,1,3,23,0,17701
0,2,2,3,23,0,17704
0,2,3,3,23,0,17707
0,2,4,3,23,0,17710
0,2,5,3,23,0,17713
0,2,6,3,23,0,17716
0,2,7,3,23,0,17719
0,2,8,3,23,0,17722
0,2,9,3,23,0,17725
0,2,10,3,23,0,17728
0,2,11,3,23,0,17731
0,2,12,3,23,0,17734
0,2,13,3,23,0,17737
0,2,14,3,23,0,17740
0,2,15,3,23,0,17743
0,2,16,3,23,0,17746
0,2,17,3,23,0,17749
0,2,18,3,23,0,17752
0,2,19,3,23,0,17755
0,2,20,3,23,0,17758
0,2,21,3,23,0,17761
0,2,22,3,23,0,17764
0,2,1,4,23,0,17767
0,2,2,4,23,0,17770
0,2,3,4,23,0,17773
0,2,4,4,23,0,17776
0,2,5,4,23,0,17779
0,2,6,4,23,0,17782
0,2,7,4,23,0,17785
0,2,8,4,23,0,17788
0,2,9,4,23,0,17791
0,2,10,4,23,0,17794
0,2,11,4,23,0,17797
0,2,12,4,23,0,17800
0,2,13,4,23,0,17803
0,2,14,4,23,0,17806
0,2,15,4,23,0,17809
0,2,16,4,23,0,17812
0,2,17,4,23,0,17815
0,2,18,4,23,0,17818
0,2,19,4,23,0,17821
0,2,20,4,23,0,17824
0,2,21,4,23,0,17827
0,2,22,4,23,0,17830
0,2,1,5,23,0,17833
0,2,2,5,23,0,17836
0,2,3,5,23,0,17839
0,2,4,5,23,0,17842
0,2,5,5,23,0,17845
0,2,6,5,23,0,17848
0,2,7,5,23,0,17851
0,2,8,5,23,0,17854
0,2,9,5,23,0,17857
0,2,10,5,23,0,17860
0,2,11,5,23,0,17863
0,2,12,5,23,0,17866
0,2,13,5,23,0,17869
0,2,14,5,23,0,17872
0,2,15,5,23,0,17875
0,2,16,5,23,0,17878
0,2,17,5,23,0,17881
0,2,18,5,23,0,17884
0,2,19,5,23,0,17887
0,2,20,5,23,0,17890
0,2,21,5,23,0,17893
0,2,22,5,23,0,17896
0,2,1,6,23,0,17899
0,2,2,6,23,0,17902
0,2,3,6,23,0,17905
0,2,4,6,23,0,17908
0,2,5,6,23,0,17911
0,2,6,6,23,0,17914
0,2,7,6,23,0,17917
0,2,8,6,23,0,17920
0,2,9,6,23,0,17923
0,2,10,6,23,0,17926
0,2,11,6,23,0,17929
0,2,12,6,23,0,17932
0,2,13,6,23,0,17935
0,2,14,6,23,0,17938
0,2,15,6,23,0,17941
0,2,16,6,23,0,17944
0,2,17,6,23,0,17947
0,2,18,6,23,0,17950
0,2,19,6,23,0,17953
0,2,20,6,23,0,17956
0,2,21,6,23,0,17959
0,2,22,6,23,0,17962
0,2,23,6,23,0,17965
0,2,1,7,23,0,17968
0,2,2,7,23,0,17971
0,2,3,7,23,0,17974
0,2,4,7,23,0,17977
0,2,5,7,23,0,17980
0,2,6,7,23,0,17983
0,2,7,7,23,0,17986
0,2,8,7,23,0,17989
0,2,9,7,23,0,17992
0,2,10,7,23,0,17995
0,2,11,7,23,0,17998
0,2,12,7,23,0,18001
0,2,13,7,23,0,18004
0,2,14,7,23,0,18007
0,2,15,7,23,0,18010
0,2,16,7,23,0,18013
0,2,17,7,23,0,18016
0,2,18,7,23,0,18019
0,2,19,7,23,0,18022
0,2,20,7,23,0,18025
0,2,21,7,23,0,18028
0,2,22,7,23,0,18031
0,2,23,7,23,0,18034
0,2,0,8,23,0,18037
0,2,1,8,23,0,18040
0,2,2,8,23,0,18043
0,2,3,8,23,0,18046
0,2,4,8,23,0,18049
0,2,5,8,23,0,18052
0,2,6,8,23,0,18055
0,2,7,8,23,0,18058
0,2,8,8,23,0,18061
0,2,9,8,23,0,18064
0,2,10,8,23,0,18067
0,2,11,8,23,0,18070
0,2,12,8,23,0,18073
0,2,13,8,23,0,18076
0,2,14,8,23,0,18079
0,2,15,8,23,0,18082
0,2,16,8,23,0,18085
0,2,17,8,23,0,18088
0,2,18,8,23,0,18091
0,2,19,8,23,0,18094
0,2,20,8,23,0,18097
0,2,21,8,23,0,18100
0,2,22,8,23,0,18103
0,2,23,8,23,0,18106
0,2,0,9,23,0,18109
0,2,1,9,23,0,18112
0,2,2,9,23,0,18115
0,2,3,9,23,0,18118
0,2,4,9,23,0,18121
0,2,5,9,23,0,18124
0,2,6,9,23,0,18127
0,2,7,9,23,0,18130
0,2,8,9,23,0,18133
0,2,9,9,23,0,18136
0,2,10,9,23,0,18139
0,2,11,9,23,0,18142
0,2,12,9,23,0,18145
0,2,13,9,23,0,18148
0,2,14,9,23,0,18151
0,2,15,9,23,0,18154
0,2,16,9,23,0,18157
0,2,17,9,23,0,18160
0,2,18,9,23,0,18163
0,2,19,9,23,0,18166
0,2,20,9,23,0,18169
0,2,21,9,23,0,18172
0,2,22,9,23,0,18175
0,2,23,9,23,0,18178
0,2,0,10,23,0,18181
0,2,1,10,23,0,18184
0,2,2,10,23,0,18187
0,2,3,10,23,0,18190
0,2,4,10,23,0,18193
0,2,5,10,23,0,18196
0,2,6,10,23,0,18199
0,2,7,10,23,0,18202
0,2,8,10,23,0,18205
0,2,9,10,23,0,18208
0,2,10,10,23,0,18211
0,2,11,10,23,0,18214
0,2,12,10,23,0,18217
0,2,13,10,23,0,18220
0,2,14,10,23,0,18223
0,2,15,10,23,0,18226
0,2,16,10,23,0,18229
0,2,17,10,23,0,18232
0,2,18,10,23,0,18235
0,2,19,10,23,0,18238
0,2,20,10,23,0,18241
0,2,21,10,23,0,18244
0,2,22,10,23,0,18247
0,2,23,10,23,0,18250
0,2,0,11,23,0,18253
0,2,1,11,23,0,18256
0,2,2,11,23,0,18259
0,2,3,11,23,0,18262
0,2,4,11,23,0,18265
0,2,5,11,23,0,18268
0,2,6,11,23,0,18271
0,2,7,11,23,0,18274
0,2,8,11,23,0,18277
0,2,9,11,23,0,18280
0,2,10,11,23,0,18283
0,2,11,11,23,0,18286
0,2,12,11,23,0,18289
0,2,13,11,23,0,18292
0,2,14,11,23,0,18295
0,2,15,11,23,0,18298
0,2,16,11,23,0,18301
0,2,17,11,23,0,18304
0,2,18,11,23,0,18307
0,2,19,11,23,0,18310
0,2,20,11,23,0,18313
0,2,21,11,23,0,18316
0,2,22,11,23,0,18319
0,2,23,11,23,0,18322
0,2,0,12,23,0,18325
0,2,1,12,23,0,18328
0,2,2,12,23,0,18331
0,2,3,12,23,0,18334
0,2,4,12,23,0,18337
0,2,5,12,23,0,18340
0,2,6,12,23,0,18343
0,2,7,12,23,0,18346
0,2,8,12,23,0,18349
0,2,9,12,23,0,18352
0,2,10,12,23,0,18355
0,2,11,12,23,0,18358
0,2,12,12,23,0,18361
0,2,13,12,23,0,18364
0,2,14,12,23,0,18367
0,2,15,12,23,0,18370
0,2,16,12,23,0,18373
0,2,17,12,23,0,18376
0,2,18,12,23,0,18379
0,2,19,12,23,0,18382
0,2,20,12,23,0,18385
0,2,21,12,23,0,18388
0,2,22,12,23,0,18391
0,2,23,12,23,0,18394
0,2,0,13,23,0,18397
0,2,1,13,23,0,18400
0,2,2,13,23,0,18403
0,2,3,13,23,0,18406
0,2,4,13,23,0,18409
0,2,5,13,23,0,18412
0,2,6,13,23,0,18415
0,2,7,13,23,0,18418
0,2,8,13,23,0,18421
0,2,9,13,23,0,18424
0,2,10,13,23,0,18427
0,2,11,13,23,0,18430
0,2,12,13,23,0,18433
0,2,13,13,23,0,18436
0,2,14,13,23,0,18439
0,2,15,13,23,0,18442
0,2,16,13,23,0,18445
0,2,17,13,23,0,18448
0,2,18,13,23,0,18451
0,2,19,13,23,0,18454
0,2,20,13,23,0,18457
0,2,21,13,23,0,18460
0,2,22,13,23,0,18463
0,2,23,13,23,0,18466
0,2,0,0,23,1,18469
0,2,1,0,23,1,18472
0,2,2,0,23,1,18475
0,2,3,0,23,1,18478
0,2,4,0,23,1,18481
0,2,5,0,23,1,18484
0,2,6,0,23,1,18487
0,2,7,0,23,1,18490
0,2,8,0,23,1,18493
0,2,9,0,23,1,18496
0,2,10,0,23,1,18499
0,2,11,0,23,1,18502
0,2,12,0,23,1,18505
0,2,13,0,23,1,18508
0,2,14,0,23,1,18511
0,2,15,0,23,1,18514
0,2,16,0,23,1,18517
0,2,17,0,23,1,18520
0,2,18,0,23,1,18523
0,2,19,0,23,1,18526
0,2,20,0,23,1,18529
0,2,21,0,23,1,18532
0,2,22,0,23,1,18535
0,2,23,0,23,1,18538
0,2,0,1,23,1,18541
0,2,1,1,23,1,18544
0,2,2,1,23,1,18547
0,2,3,1,23,1,18550
0,2,4,1,23,1,18553
0,2,5,1,23,1,18556
0,2,6,1,23,1,18559
0,2,7,1,23,1,18562
0,2,8,1,23,1,18565
0,2,9,1,23,1,18568
0,2,10,1,23,1,18571
0,2,11,1,23,1,18574
0,2,12,1,23,1,18577
0,2,13,1,23,1,18580
0,2,14,1,23,1,18583
0,2,15,1,23,1,18586
0,2,16,1,23,1,18589
0,2,17,1,23,1,18592
0,2,18,1,23,1,18595
0,2,19,1,23,1,18598
0,2,20,1,23,1,18601
0,2,21,1,23,1,18604
0,2,22,1,23,1,18607
0,2,1,2,23,1,18610
0,2,2,2,23,1,18613
0,2,3,2,23,1,18616
0,2,4,2,23,1,18619
0,2,5,2,23,1,18622
0,2,6,2,23,1,18625
0,2,7,2,23,1,18628
0,2,8,2,23,1,18631
0,2,9,2,23,1,18634
0,2,10,2,23,1,18637
0,2,11,2,23,1,18640
0,2,12,2,23,1,18643
0,2,13,2,23,1,18646
0,2,14,2,23,1,18649
0,2,15,2,23,1,18652
0,2,16,2,23,1,18655
0,2,17,2,23,1,18658
0,2,18,2,23,1,18661
0,2,19,2,23,1,18664
0,2,20,2,23,1,18667
0,2,21,2,23,1,18670
0,2,22,2,23,1,18673
0,2,1,3,23,1,18676
0,2,2,3,23,1,18679
0,2,3,3,23,1,18682
0,2,4,3,23,1,18685
0,2,5,3,23,1,18688
0,2,6,3,23,1,18691
0,2,7,3,23,1,18694
0,2,8,3,23,1,18697
0,2,9,3,23,1,18700
0,2,10,3,23,1,18703
0,2,11,3,23,1,18706
0,2,12,3,23,1,18709
0,2,13,3,23,1,18712
0,2,14,3,23,1,18715
0,2,15,3,23,1,18718
0,2,16,3,23,1,18721
0,2,17,3,23,1,18724
0,2,18,3,23,1,18727
0,2,19,3,23,1,18730
0,2,20,3,23,1,18733
0,2,21,3,23,1,18736
0,2,22,3,23,1,18739
0,2,1,4,23,1,18742
0,2,2,4,23,1,18745
0,2,3,4,23,1,18748
0,2,4,4,23,1,18751
0,2,5,4,23,1,18754
0,2,6,4,23,1,18757
0,2,7,4,23,1,18760
0,2,8,4,23,1,18763
0,2,9,4,23,1,18766
0,2,10,4,23,1,18769
0,2,11,4,23,1,18772
0,2,12,4,23,1,18775
0,2,13,4,23,1,18778
0,2,14,4,23,1,18781
0,2,15,4,23,1,18784
0,2,16,4,23,1,18787
0,2,17,4,23,1,18790
0,2,18,4,23,1,18793
0,2,19,4,23,1,18796
0,2,20,4,23,1,18799
0,2,21,4,23,1,18802
0,2,22,4,23,1,18805
0,2,1,5,23,1,18808
0,2,2,5,23,1,18811
0,2,3,5,23,1,18814
0,2,4,5,23,1,18817
0,2,5,5,23,1,18820
0,2,6,5,23,1,18823
0,2,7,5,23,1,18826
0,2,8,5,23,1,18829
0,2,9,5,23,1,18832
0,2,10,5,23,1,18835
0,2,11,5,23,1,18838
0,2,12,5,23,1,18841
0,2,13,5,23,1,18844
0,2,14,5,23,1,18847
0,2,15,5,23,1,18850
0,2,16,5,23,1,18853
0,2,17,5,23,1,18856
0,2,18,5,23,1,18859
0,2,19,5,23,1,18862
0,2,20,5,23,1,18865
0,2,21,5,23,1,18868
0,2,22,5,23,1,18871
0,2,1,6,23,1,18874
0,2,2,6,23,1,18877
0,2,3,6,23,1,18880
0,2,4,6,23,1,18883
0,2,5,6,23,1,18886
0,2,6,6,23,1,18889
0,2,7,6,23,1,18892
0,2,8,6,23,1,18895
0,2,9,6,23,1,18898
0,2,10,6,23,1,18901
0,2,11,6,23,1,18904
0,2,12,6,23,1,18907
0,2,13,6,23,1,18910
0,2,14,6,23,1,18913
0,2,15,6,23,1,18916
0,2,16,6,23,1,18919
0,2,17,6,23,1,18922
0,2,18,6,23,1,18925
0,2,19,6,23,1,18928
0,2,20,6,23,1,18931
0,2,21,6,23,1,18934
0,2,22,6,23,1,18937
0,2,1,7,23,1,18940
0,2,2,7,23,1,18943
0,2,3,7,23,1,18946
0,2,4,7,23,1,18949
0,2,5,7,23,1,18952
0,2,6,7,23,1,18955
0,2,7,7,23,1,18958
0,2,8,7,23,1,18961
0,2,9,7,23,1,18964
0,2,10,7,23,1,18967
0,2,11,7,23,1,18970
0,2,12,7,23,1,18973
0,2,13,7,23,1,18976
0,2,14,7,23,1,18979
0,2,15,7,23,1,18982
0,2,16,7,23,1,18985
0,2,17,7,23,1,18988
0,2,18,7,23,1,18991
0,2,19,7,23,1,18994
0,2,20,7,23,1,18997
0,2,21,7,23,1,19000
0,2,22,7,23,1,19003
0,2,23,7,23,1,19006
0,2,0,8,23,1,19009
0,2,1,8,23,1,19012
0,2,2,8,23,1,19015
0,2,3,8,23,1,19018
0,2,4,8,23,1,19021
0,2,5,8,23,1,19024
0,2,6,8,23,1,19027
0,2,7,8,23,1,19030
0,2,8,8,23,1,19033
0,2,9,8,23,1,19036
0,2,10,8,23,1,19039
0,2,11,8,23,1,19042
0,2,12,8,23,1,19045
0,2,13,8,23,1,19048
0,2,14,8,23,1,19051
0,2,15,8,23,1,19054
0,2,16,8,23,1,19057
0,2,17,8,23,1,19060
0,2,18,8,23,1,19063
0,2,19,8,23,1,19066
0,2,20,8,23,1,19069
0,2,21,8,23,1,19072
0,2,22,8,23,1,19075
0,2,23,8,23,1,19078
0,2,0,9,23,1,19081
0,2,1,9,23,1,19084
0,2,2,9,23,1,19087
0,2,3,9,23,1,19090
0,2,4,9,23,1,19093
0,2,5,9,23,1,19096
0,2,6,9,23,1,19099
0,2,7,9,23,1,19102
0,2,8,9,23,1,19105
0,2,9,9,23,1,19108
0,2,10,9,23,1,19111
0,2,11,9,23,1,19114
0,2,12,9,23,1,19117
0,2,13,9,23,1,19120
0,2,14,9,23,1,19123
0,2,15,9,23,1,19126
0,2,16,9,23,1,19129
0,2,17,9,23,1,19132
0,2,18,9,23,1,19135
0,2,19,9,23,1,19138
0,2,20,9,23,1,19141
0,2,21,9,23,1,19144
0,2,22,9,23,1,19147
0,2,23,9,23,1,19150
0,2,0,10,23,1,19153
0,2,1,10,23,1,19156
0,2,2,10,23,1,19159
0,2,3,10,23,1,19162
0,2,4,10,23,1,19165
0,2,5,10,23,1,19168
0,2,6,10,23,1,19171
0,2,7,10,23,1,19174
0,2,8,10,23,1,19177
0,2,9,10,23,1,19180
0,2,10,10,23,1,19183
0,2,11,10,23,1,19186
0,2,12,10,23,1,19189
0,2,13,10,23,1,19192
0,2,14,10,23,1,19195
0,2,15,10,23,1,19198
0,2,16,10,23,1,19201
0,2,17,10,23,1,19204
0,2,18,10,23,1,19207
0,2,19,10,23,1,19210
0,2,20,10,23,1,19213
0,2,21,10,23,1,19216
0,2,22,10,23,1,19219
0,2,23,10,23,1,19222
0,2,0,11,23,1,19225
0,2,1,11,23,1,19228
0,2,2,11,23,1,19231
0,2,3,11,23,1,19234
0,2,4,11,23,1,19237
0,2,5,11,23,1,19240
0,2,6,11,23,1,19243
0,2,7,11,23,1,19246
0,2,8,11,23,1,19249
0,2,9,11,23,1,19252
0,2,10,11,23,1,19255
0,2,11,11,23,1,19258
0,2,12,11,23,1,19261
0,2,13,11,23,1,19264
0,2,14,11,23,1,19267
0,2,15,11,23,1,19270
0,2,16,11,23,1,19273
0,2,17,11,23,1,19276
0,2,18,11,23,1,19279
0,2,19,11,23,1,19282
0,2,20,11,23,1,19285
0,2,21,11,23,1,19288
0,2,22,11,23,1,19291
0,2,23,11,23,1,19294
0,2,0,12,23,1,19297
0,2,1,12,23,1,19300
0,2,2,12,23,1,19303
0,2,3,12,23,1,19306
0,2,4,12,23,1,19309
0,2,5,12,23,1,19312
0,2,6,12,23,1,19315
0,2,7,12,23,1,19318
0,2,8,12,23,1,19321
0,2,9,12,23,1,19324
0,2,10,12,23,1,19327
0,2,11,12,23,1,19330
0,2,12,12,23,1,19333
0,2,13,12,23,1,19336
0,2,14,12,23,1,19339
0,2,15,12,23,1,19342
0,2,16,12,23,1,19345
0,2,17,12,23,1,19348
0,2,18,12,23,1,19351
0,2,19,12,23,1,19354
0,2,20,12,23,1,19357
0,2,21,12,23,1,19360
0,2,22,12,23,1,19363
0,2,23,12,23,1,19366
0,2,0,13,23,1,19369
0,2,1,13,23,1,19372
0,2,2,13,23,1,19375
0,2,3,13,23,1,19378
0,2,4,13,23,1,19381
0,2,5,13,23,1,19384
0,2,6,13,23,1,19387
0,2,7,13,23,1,19390
0,2,8,13,23,1,19393
0,2,9,13,23,1,19396
0,2,10,13,23,1,19399
0,2,11,13,23,1,19402
0,2,12,13,23,1,19405
0,2,13,13,23,1,19408
0,2,14,13,23,1,19411
0,2,15,13,23,1,19414
0,2,16,13,23,1,19417
0,2,17,13,23,1,19420
0,2,18,13,23,1,19423
0,2,19,13,23,1,19426
0,2,20,13,23,1,19429
0,2,21,13,23,1,19432
0,2,22,13,23,1,19435
0,2,23,13,23,1,19438
0,2,0,0,23,2,19441
0,2,1,0,23,2,19444
0,2,2,0,23,2,19447
0,2,3,0,23,2,19450
0,2,4,0,23,2,19453
0,2,5,0,23,2,19456
0,2,6,0,23,2,19459
0,2,7,0,23,2,19462
0,2,8,0,23,2,19465
0,2,9,0,23,2,19468
0,2,10,0,23,2,19471
0,2,11,0,23,2,19474
0,2,12,0,23,2,19477
0,2,13,0,23,2,19480
0,2,14,0,23,2,19483
0,2,15,0,23,2,19486
0,2,16,0,23,2,19489
0,2,17,0,23,2,19492
0,2,18,0,23,2,19495
0,2,19,0,23,2,19498
0,2,20,0,23,2,19501
0,2,21,0,23,2,19504
0,2,22,0,23,2,19507
0,2,23,0,23,2,19510
0,2,0,1,23,2,19513
0,2,1,1,23,2,19516
0,2,2,1,23,2,19519
0,2,3,1,23,2,19522
0,2,4,1,23,2,19525
0,2,5,1,23,2,19528
0,2,6,1,23,2,19531
0,2,7,1,23,2,19534
0,2,8,1,23,2,19537
0,2,9,1,23,2,19540
0,2,10,1,23,2,19543
0,2,11,1,23,2,19546
0,2,12,1,23,2,19549
0,2,13,1,23,2,19552
0,2,14,1,23,2,19555
0,2,15,1,23,2,19558
0,2,16,1,23,2,19561
0,2,17,1,23,2,19564
0,2,18,1,23,2,19567
0,2,19,1,23,2,19570
0,2,20,1,23,2,19573
0,2,21,1,23,2,19576
0,2,22,1,23,2,19579
0,2,23,1,23,2,19582
0,2,1,2,23,2,19585
0,2,2,2,23,2,19588
0,2,3,2,23,2,19591
0,2,4,2,23,2,19594
0,2,5,2,23,2,19597
0,2,6,2,23,2,19600
0,2,7,2,23,2,19603
0,2,8,2,23,2,19606
0,2,9,2,23,2,19609
0,2,10,2,23,2,19612
0,2,11,2,23,2,19615
0,2,12,2,23,2,19618
0,2,13,2,23,2,19621
0,2,14,2,23,2,19624
0,2,15,2,23,2,19627
0,2,16,2,23,2,19630
0,2,17,2,23,2,19633
0,2,18,2,23,2,19636
0,2,19,2,23,2,19639
0,2,20,2,23,2,19642
0,2,21,2,23,2,19645
0,2,22,2,23,2,19648
0,2,1,3,23,2,19651
0,2,2,3,23,2,19654
0,2,3,3,23,2,19657
0,2,4,3,23,2,19660
0,2,5,3,23,2,19663
0,2,6,3,23,2,19666
0,2,7,3,23,2,19669
0,2,8,3,23,2,19672
0,2,9,3,23,2,19675
0,2,10,3,23,2,19678
0,2,11,3,23,2,19681
0,2,12,3,23,2,19684
0,2,13,3,23,2,19687
0,2,14,3,23,2,19690
0,2,15,3,23,2,19693
0,2,16,3,23,2,19696
0,2,17,3,23,2,19699
0,2,18,3,23,2,19702
0,2,19,3,23,2,19705
0,2,20,3,23,2,19708
0,2,21,3,23,2,19711
0,2,22,3,23,2,19714
0,2,1,4,23,2,19717
0,2,2,4,23,2,19720
0,2,3,4,23,2,19723
0,2,4,4,23,2,19726
0,2,5,4,23,2,19729
0,2,6,4,23,2,19732
0,2,7,4,23,2,19735
0,2,8,4,23,2,19738
0,2,9,4,23,2,19741
0,2,10,4,23,2,19744
0,2,11,4,23,2,19747
0,2,12,4,23,2,19750
0,2,13,4,23,2,19753
0,2,14,4,23,2,19756
0,2,15,4,23,2,19759
0,2,16,4,23,2,19762
0,2,17,4,23,2,19765
0,2,18,4,23,2,19768
0,2,19,4,23,2,19771
0,2,20,4,23,2,19774
0,2,21,4,23,2,19777
0,2,22,4,23,2,19780
0,2,1,5,23,2,19783
0,2,2,5,23,2,19786
0,2,3,5,23,2,19789
0,2,4,5,23,2,19792
0,2,5,5,23,2,19795
0,2,6,5,23,2,19798
0,2,7,5,23,2,19801
0,2,8,5,23,2,19804
0,2,9,5,23,2,19807
0,2,10,5,23,2,19810
0,2,11,5,23,2,19813
0,2,12,5,23,2,19816
0,2,13,5,23,2,19819
0,2,14,5,23,2,19822
0,2,15,5,23,2,19825
0,2,16,5,23,2,19828
0,2,17,5,23,2,19831
0,2,18,5,23,2,19834
0,2,19,5,23,2,19837
0,2,20,5,23,2,19840
0,2,21,5,23,2,19843
0,2,22,5,23,2,19846
0,2,1,6,23,2,19849
0,2,2,6,23,2,19852
0,2,3,6,23,2,19855
0,2,4,6,23,2,19858
0,2,5,6,23,2,19861
0,2,6,6,23,2,19864
0,2,7,6,23,2,19867
0,2,8,6,23,2,19870
0,2,9,6,23,2,19873
0,2,10,6,23,2,19876
0,2,11,6,23,2,19879
0,2,12,6,23,2,19882
0,2,13,6,23,2,19885
0,2,14,6,23,2,19888
0,2,15,6,23,2,19891
0,2,16,6,23,2,19894
0,2,17,6,23,2,19897
0,2,18,6,23,2,19900
0,2,19,6,23,2,19903
0,2,20,6,23,2,19906
0,2,21,6,23,2,19909
0,2,22,6,23,2,19912
0,2,1,7,23,2,19915
0,2,2,7,23,2,19918
0,2,3,7,23,2,19921
0,2,4,7,23,2,19924
0,2,5,7,23,2,19927
0,2,6,7,23,2,19930
0,2,7,7,23,2,19933
0,2,8,7,23,2,19936
0,2,9,7,23,2,19939
0,2,10,7,23,2,19942
0,2,11,7,23,2,19945
0,2,12,7,23,2,19948
0,2,13,7,23,2,19951
0,2,14,7,23,2,19954
0,2,15,7,23,2,19957
0,2,16,7,23,2,19960
0,2,17,7,23,2,19963
0,2,18,7,23,2,19966
0,2,19,7,23,2,19969
0,2,20,7,23,2,19972
0,2,21,7,23,2,19975
0,2,22,7,23,2,19978
0,2,0,8,23,2,19981
0,2,1,8,23,2,19984
0,2,2,8,23,2,19987
0,2,3,8,23,2,19990
0,2,4,8,23,2,19993
0,2,5,8,23,2,19996
0,2,6,8,23,2,19999
0,2,7,8,23,2,20002
0,2,8,8,23,2,20005
0,2,9,8,23,2,20008
0,2,10,8,23,2,20011
0,2,11,8,23,2,20014
0,2,12,8,23,2,20017
0,2,13,8,23,2,20020
0,2,14,8,23,2,20023
0,2,15,8,23,2,20026
0,2,16,8,23,2,20029
0,2,17,8,23,2,20032
0,2,18,8,23,2,20035
0,2,19,8,23,2,20038
0,2,20,8,23,2,20041
0,2,21,8,23,2,20044
0,2,22,8,23,2,20047
0,2,23,8,23,2,20050
0,2,0,9,23,2,20053
0,2,1,9,23,2,20056
0,2,2,9,23,2,20059
0,2,3,9,23,2,20062
0,2,4,9,23,2,20065
0,2,5,9,23,2,20068
0,2,6,9,23,2,20071
0,2,7,9,23,2,20074
0,2,8,9,23,2,20077
0,2,9,9,23,2,20080
0,2,10,9,23,2,20083
0,2,11,9,23,2,20086
0,2,12,9,23,2,20089
0,2,13,9,23,2,20092
0,2,14,9,23,2,20095
0,2,15,9,23,2,20098
0,2,16,9,23,2,20101
0,2,17,9,23,2,20104
0,2,18,9,23,2,20107
0,2,19,9,23,2,20110
0,2,20,9,23,2,20113
0,2,21,9,23,2,20116
0,2,22,9,23,2,20119
0,2,23,9,23,2,20122
0,2,0,10,23,2,20125
0,2,1,10,23,2,20128
0,2,2,10,23,2,20131
0,2,3,10,23,2,20134
0,2,4,10,23,2,20137
0,2,5,10,23,2,20140
0,2,6,10,23,2,20143
0,2,7,10,23,2,20146
0,2,8,10,23,2,20149
0,2,9,10,23,2,20152
0,2,10,10,23,2,20155
0,2,11,10,23,2,20158
0,2,12,10,23,2,20161
0,2,13,10,23,2,20164
0,2,14,10,23,2,20167
0,2,15,10,23,2,20170
0,2,16,10,23,2,20173
0,2,17,10,23,2,20176
0,2,18,10,23,2,20179
0,2,19,10,23,2,20182
0,2,20,10,23,2,20185
0,2,21,10,23,2,20188
0,2,22,10,23,2,20191
0,2,23,10,23,2,20194
0,2,0,11,23,2,20197
0,2,1,11,23,2,20200
0,2,2,11,23,2,20203
0,2,3,11,23,2,20206
0,2,4,11,23,2,20209
0,2,5,11,23,2,20212
0,2,6,11,23,2,20215
0,2,7,11,23,2,20218
0,2,8,11,23,2,20221
0,2,9,11,23,2,20224
0,2,10,11,23,2,20227
0,2,11,11,23,2,20230
0,2,12,11,23,2,20233
0,2,13,11,23,2,20236
0,2,14,11,23,2,20239
0,2,15,11,23,2,20242
0,2,16,11,23,2,20245
0,2,17,11,23,2,20248
0,2,18,11,23,2,20251
0,2,19,11,23,2,20254
0,2,20,11,23,2,20257
0,2,21,11,23,2,20260
0,2,22,11,23,2,20263
0,2,23,11,23,2,20266
0,2,0,12,23,2,20269
0,2,1,12,23,2,20272
0,2,2,12,23,2,20275
0,2,3,12,23,2,20278
0,2,4,12,23,2,20281
0,2,5,12,23,2,20284
0,2,6,12,23,2,20287
0,2,7,12,23,2,20290
0,2,8,12,23,2,20293
0,2,9,12,23,2,20296
0,2,10,12,23,2,20299
0,2,11,12,23,2,20302
0,2,12,12,23,2,20305
0,2,13,12,23,2,20308
0,2,14,12,23,2,20311
0,2,15,12,23,2,20314
0,2,16,12,23,2,20317
0,2,17,12,23,2,20320
0,2,18,12,23,2,20323
0,2,19,12,23,2,20326
0,2,20,12,23,2,20329
0,2,21,12,23,2,20332
0,2,22,12,23,2,20335
0,2,23,12,23,2,20338
0,2,0,13,23,2,20341
0,2,1,13,23,2,20344
0,2,2,13,23,2,20347
0,2,3,13,23,2,20350
0,2,4,13,23,2,20353
0,2,5,13,23,2,20356
0,2,6,13,23,2,20359
0,2,7,13,23,2,20362
0,2,8,13,23,2,20365
0,2,9,13,23,2,20368
0,2,10,13,23,2,20371
0,2,11,13,23,2,20374
0,2,12,13,23,2,20377
0,2,13,13,23,2,20380
0,2,14,13,23,2,20383
0,2,15,13,23,2,20386
0,2,16,13,23,2,20389
0,2,17,13,23,2,20392
0,2,18,13,23,2,20395
0,2,19,13,23,2,20398
0,2,20,13,23,2,20401
0,2,21,13,23,2,20404
0,2,22,13,23,2,20407
0,2,23,13,23,2,20410
0,2,0,0,23,3,20413
0,2,1,0,23,3,20416
0,2,2,0,23,3,20419
0,2,3,0,23,3,20422
0,2,4,0,23,3,20425
0,2,5,0,23,3,20428
0,2,6,0,23,3,20431
0,2,7,0,23,3,20434
0,2,8,0,23,3,20437
0,2,9,0,23,3,20440
0,2,10,0,23,3,20443
0,2,11,0,23,3,20446
0,2,12,0,23,3,20449
0,2,13,0,23,3,20452
0,2,14,0,23,3,20455
0,2,15,0,23,3,20458
0,2,16,0,23,3,20461
0,2,17,0,23,3,20464
0,2,18,0,23,3,20467
0,2,19,0,23,3,20470
0,2,20,0,23,3,20473
0,2,21,0,23,3,20476
0,2,22,0,23,3,20479
0,2,23,0,23,3,20482
0,2,0,1,23,3,20485
0,2,1,1,23,3,20488
0,2,2,1,23,3,20491
0,2,3,1,23,3,20494
0,2,4,1,23,3,20497
0,2,5,1,23,3,20500
0,2,6,1,23,3,20503
0,2,7,1,23,3,20506
0,2,8,1,23,3,20509
0,2,9,1,23,3,20512
0,2,10,1,23,3,20515
0,2,11,1,23,3,20518
0,2,12,1,23,3,20521
0,2,13,1,23,3,20524
0,2,14,1,23,3,20527
0,2,15,1,23,3,20530
0,2,16,1,23,3,20533
0,2,17,1,23,3,20536
0,2,18,1,23,3,20539
0,2,19,1,23,3,20542
0,2,20,1,23,3,20545
0,2,21,1,23,3,20548
0,2,22,1,23,3,20551
0,2,23,1,23,3,20554
0,2,1,2,23,3,20557
0,2,2,2,23,3,20560
0,2,3,2,23,3,20563
0,2,4,2,23,3,20566
0,2,5,2,23,3,20569
0,2,6,2,23,3,20572
0,2,7,2,23,3,20575
0,2,8,2,23,3,20578
0,2,9,2,23,3,20581
0,2,10,2,23,3,20584
0,2,11,2,23,3,20587
0,2,12,2,23,3,20590
0,2,13,2,23,3,20593
0,2,14,2,23,3,20596
0,2,15,2,23,3,20599
0,2,16,2,23,3,20602
0,2,17,2,23,3,20605
0,2,18,2,23,3,20608
0,2,19,2,23,3,20611
0,2,20,2,23,3,20614
0,2,21,2,23,3,20617
0,2,22,2,23,3,20620
0,2,23,2,23,3,20623
0,2,1,3,23,3,20626
0,2,2,3,23,3,20629
0,2,3,3,23,3,20632
0,2,4,3,23,3,20635
0,2,5,3,23,3,20638
0,2,6,3,23,3,20641
0,2,7,3,23,3,20644
0,2,8,3,23,3,20647
0,2,9,3,23,3,20650
0,2,10,3,23,3,20653
0,2,11,3,23,3,20656
0,2,12,3,23,3,20659
0,2,13,3,23,3,20662
0,2,14,3,23,3,20665
0,2,15,3,23,3,20668
0,2,16,3,23,3,20671
0,2,17,3,23,3,20674
0,2,18,3,23,3,20677
0,2,19,3,23,3,20680
0,2,20,3,23,3,20683
0,2,21,3,23,3,20686
0,2,22,3,23,3,20689
0,2,1,4,23,3,20692
0,2,2,4,23,3,20695
0,2,3,4,23,3,20698
0,2,4,4,23,3,20701
0,2,5,4,23,3,20704
0,2,6,4,23,3,20707
0,2,7,4,23,3,20710
0,2,8,4,23,3,20713
0,2,9,4,23,3,20716
0,2,10,4,23,3,20719
0,2,11,4,23,3,20722
0,2,12,4,23,3,20725
0,2,13,4,23,3,20728
0,2,14,4,23,3,20731
0,2,15,4,23,3,20734
0,2,16,4,23,3,20737
0,2,17,4,23,3,20740
0,2,18,4,23,3,20743
0,2,19,4,23,3,20746
0,2,20,4,23,3,20749
0,2,21,4,23,3,20752
0,2,22,4,23,3,20755
0,2,1,5,23,3,20758
0,2,2,5,23,3,20761
0,2,3,5,23,3,20764
0,2,4,5,23,3,20767
0,2,5,5,23,3,20770
0,2,6,5,23,3,20773
0,2,7,5,23,3,20776
0,2,8,5,23,3,20779
0,2,9,5,23,3,20782
0,2,10,5,23,3,20785
0,2,11,5,23,3,20788
0,2,12,5,23,3,20791
0,2,13,5,23,3,20794
0,2,14,5,23,3,20797
0,2,15,5,23,3,20800
0,2,16,5,23,3,20803
0,2,17,5,23,3,20806
0,2,18,5,23,3,20809
0,2,19,5,23,3,20812
0,2,20,5,23,3,20815
0,2,21,5,23,3,20818
0,2,22,5,23,3,20821
0,2,1,6,23,3,20824
0,2,2,6,23,3,20827
0,2,3,6,23,3,20830
0,2,4,6,23,3,20833
0,2,5,6,23,3,20836
0,2,6,6,23,3,20839
0,2,7,6,23,3,20842
0,2,8,6,23,3,20845
0,2,9,6,23,3,20848
0,2,10,6,23,3,20851
0,2,11,6,23,3,20854
0,2,12,6,23,3,20857
0,2,13,6,23,3,20860
0,2,14,6,23,3,20863
0,2,15,6,23,3,20866
0,2,16,6,23,3,20869
0,2,17,6,23,3,20872
0,2,18,6,23,3,20875
0,2,19,6,23,3,20878
0,2,20,6,23,3,20881
0,2,21,6,23,3,20884
0,2,22,6,23,3,20887
0,2,1,7,23,3,20890
0,2,2,7,23,3,20893
0,2,3,7,23,3,20896
0,2,4,7,23,3,20899
0,2,5,7,23,3,20902
0,2,6,7,23,3,20905
0,2,7,7,23,3,20908
0,2,8,7,23,3,20911
0,2,9,7,23,3,20914
0,2,10,7,23,3,20917
0,2,11,7,23,3,20920
0,2,12,7,23,3,20923
0,2,13,7,23,3,20926
0,2,14,7,23,3,20929
0,2,15,7,23,3,20932
0,2,16,7,23,3,20935
0,2,17,7,23,3,20938
0,2,18,7,23,3,20941
0,2,19,7,23,3,20944
0,2,20,7,23,3,20947
0,2,21,7,23,3,20950
0,2,22,7,23,3,20953
0,2,0,8,23,3,20956
0,2,1,8,23,3,20959
0,2,2,8,23,3,20962
0,2,3,8,23,3,20965
0,2,4,8,23,3,20968
0,2,5,8,23,3,20971
0,2,6,8,23,3,20974
0,2,7,8,23,3,20977
0,2,8,8,23,3,20980
0,2,9,8,23,3,20983
0,2,10,8,23,3,20986
0,2,11,8,23,3,20989
0,2,12,8,23,3,20992
0,2,13,8,23,3,20995
0,2,14,8,23,3,20998
0,2,15,8,23,3,21001
0,2,16,8,23,3,21004
0,2,17,8,23,3,21007
0,2,18,8,23,3,21010
0,2,19,8,23,3,21013
0,2,20,8,23,3,21016
0,2,21,8,23,3,21019
0,2,22,8,23,3,21022
0,2,0,9,23,3,21025
0,2,1,9,23,3,21028
0,2,2,9,23,3,21031
0,2,3,9,23,3,21034
0,2,4,9,23,3,21037
0,2,5,9,23,3,21040
0,2,6,9,23,3,21043
0,2,7,9,23,3,21046
0,2,8,9,23,3,21049
0,2,9,9,23,3,21052
0,2,10,9,23,3,21055
0,2,11,9,23,3,21058
0,2,12,9,23,3,21061
0,2,13,9,23,3,21064
0,2,14,9,23,3,21067
0,2,15,9,23,3,21070
0,2,16,9,23,3,21073
0,2,17,9,23,3,21076
0,2,18,9,23,3,21079
0,2,19,9,23,3,21082
0,2,20,9,23,3,21085
0,2,21,9,23,3,21088
0,2,22,9,23,3,21091
0,2,23,9,23,3,21094
0,2,0,10,23,3,21097
0,2,1,10,23,3,21100
0,2,2,10,23,3,21103
0,2,3,10,23,3,21106
0,2,4,10,23,3,21109
0,2,5,10,23,3,21112
0,2,6,10,23,3,21115
0,2,7,10,23,3,21118
0,2,8,10,23,3,21121
0,2,9,10,23,3,21124
0,2,10,10,23,3,21127
0,2,11,10,23,3,21130
0,2,12,10,23,3,21133
0,2,13,10,23,3,21136
0,2,14,10,23,3,21139
0,2,15,10,23,3,21142
0,2,16,10,23,3,21145
0,2,17,10,23,3,21148
0,2,18,10,23,3,21151
0,2,19,10,23,3,21154
0,2,20,10,23,3,21157
0,2,21,10,23,3,21160
0,2,22,10,23,3,21163
0,2,23,10,23,3,21166
0,2,0,11,23,3,21169
0,2,1,11,23,3,21172
0,2,2,11,23,3,21175
0,2,3,11,23,3,21178
0,2,4,11,23,3,21181
0,2,5,11,23,3,21184
0,2,6,11,23,3,21187
0,2,7,11,23,3,21190
0,2,8,11,23,3,21193
0,2,9,11,23,3,21196
0,2,10,11,23,3,21199
0,2,11,11,23,3,21202
0,2,12,11,23,3,21205
0,2,13,11,23,3,21208
0,2,14,11,23,3,21211
0,2,15,11,23,3,21214
0,2,16,11,23,3,21217
0,2,17,11,23,3,21220
0,2,18,11,23,3,21223
0,2,19,11,23,3,21226
0,2,20,11,23,3,21229
0,2,21,11,23,3,21232
0,2,22,11,23,3,21235
0,2,23,11,23,3,21238
0,2,0,12,23,3,21241
0,2,1,12,23,3,21244
0,2,2,12,23,3,21247
0,2,3,12,23,3,21250
0,2,4,12,23,3,21253
0,2,5,12,23,3,21256
0,2,6,12,23,3,21259
0,2,7,12,23,3,21262
0,2,8,12,23,3,21265
0,2,9,12,23,3,21268
0,2,10,12,23,3,21271
0,2,11,12,23,3,21274
0,2,12,12,23,3,21277
0,2,13,12,23,3,21280
0,2,14,12,23,3,21283
0,2,15,12,23,3,21286
0,2,16,12,23,3,21289
0,2,17,12,23,3,21292
0,2,18,12,23,3,21295
0,2,19,12,23,3,21298
0,2,20,12,23,3,21301
0,2,21,12,23,3,21304
0,2,22,12,23,3,21307
0,2,23,12,23,3,21310
0,2,0,13,23,3,21313
0,2,1,13,23,3,21316
0,2,2,13,23,3,21319
0,2,3,13,23,3,21322
0,2,4,13,23,3,21325
0,2,5,13,23,3,21328
0,2,6,13,23,3,21331
0,2,7,13,23,3,21334
0,2,8,13,23,3,21337
0,2,9,13,23,3,21340
0,2,10,13,23,3,21343
0,2,11,13,23,3,21346
0,2,12,13,23,3,21349
0,2,13,13,23,3,21352
0,2,14,13,23,3,21355
0,2,15,13,23,3,21358
0,2,16,13,23,3,21361
0,2,17,13,23,3,21364
0,2,18,13,23,3,21367
0,2,19,13,23,3,21370
0,2,20,13,23,3,21373
0,2,21,13,23,3,21376
0,2,22,13,23,3,21379
0,2,23,13,23,3,21382
0,2,0,0,23,4,21385
0,2,1,0,23,4,21388
0,2,2,0,23,4,21391
0,2,3,0,23,4,21394
0,2,4,0,23,4,21397
0,2,5,0,23,4,21400
0,2,6,0,23,4,21403
0,2,7,0,23,4,21406
0,2,8,0,23,4,21409
0,2,9,0,23,4,21412
0,2,10,0,23,4,21415
0,2,11,0,23,4,21418
0,2,12,0,23,4,21421
0,2,13,0,23,4,21424
0,2,14,0,23,4,21427
0,2,15,0,23,4,21430
0,2,16,0,23,4,21433
0,2,17,0,23,4,21436
0,2,18,0,23,4,21439
0,2,19,0,23,4,21442
0,2,20,0,23,4,21445
0,2,21,0,23,4,21448
0,2,22,0,23,4,21451
0,2,23,0,23,4,21454
0,2,0,1,23,4,21457
0,2,1,1,23,4,21460
0,2,2,1,23,4,21463
0,2,3,1,23,4,21466
0,2,4,1,23,4,21469
0,2,5,1,23,4,21472
0,2,6,1,23,4,21475
0,2,7,1,23,4,21478
0,2,8,1,23,4,21481
0,2,9,1,23,4,21484
0,2,10,1,23,4,21487
0,2,11,1,23,4,21490
0,2,12,1,23,4,21493
0,2,13,1,23,4,21496
0,2,14,1,23,4,21499
0,2,15,1,23,4,21502
0,2,16,1,23,4,21505
0,2,17,1,23,4,21508
0,2,18,1,23,4,21511
0,2,19,1,23,4,21514
0,2,20,1,23,4,21517
0,2,21,1,23,4,21520
0,2,22,1,23,4,21523
0,2,23,1,23,4,21526
0,2,1,2,23,4,21529
0,2,2,2,23,4,21532
0,2,3,2,23,4,21535
0,2,4,2,23,4,21538
0,2,5,2,23,4,21541
0,2,6,2,23,4,21544
0,2,7,2,23,4,21547
0,2,8,2,23,4,21550
0,2,9,2,23,4,21553
0,2,10,2,23,4,21556
0,2,11,2,23,4,21559
0,2,12,2,23,4,21562
0,2,13,2,23,4,21565
0,2,14,2,23,4,21568
0,2,15,2,23,4,21571
0,2,16,2,23,4,21574
0,2,17,2,23,4,21577
0,2,18,2,23,4,21580
0,2,19,2,23,4,21583
0,2,20,2,23,4,21586
0,2,21,2,23,4,21589
0,2,22,2,23,4,21592
0,2,23,2,23,4,21595
0,2,1,3,23,4,21598
0,2,2,3,23,4,21601
0,2,3,3,23,4,21604
0,2,4,3,23,4,21607
0,2,5,3,23,4,21610
0,2,6,3,23,4,21613
0,2,7,3,23,4,21616
0,2,8,3,23,4,21619
0,2,9,3,23,4,21622
0,2,10,3,23,4,21625
0,2,11,3,23,4,21628
0,2,12,3,23,4,21631
0,2,13,3,23,4,21634
0,2,14,3,23,4,21637
0,2,15,3,23,4,21640
0,2,16,3,23,4,21643
0,2,17,3,23,4,21646
0,2,18,3,23,4,21649
0,2,19,3,23,4,21652
0,2,20,3,23,4,21655
0,2,21,3,23,4,21658
0,2,22,3,23,4,21661
0,2,23,3,23,4,21664
0,2,1,4,23,4,21667
0,2,2,4,23,4,21670
0,2,3,4,23,4,21673
0,2,4,4,23,4,21676
0,2,5,4,23,4,21679
0,2,6,4,23,4,21682
0,2,7,4,23,4,21685
0,2,8,4,23,4,21688
0,2,9,4,23,4,21691
0,2,10,4,23,4,21694
0,2,11,4,23,4,21697
0,2,12,4,23,4,21700
0,2,13,4,23,4,21703
0,2,14,4,23,4,21706
0,2,15,4,23,4,21709
0,2,16,4,23,4,21712
0,2,17,4,23,4,21715
0,2,18,4,23,4,21718
0,2,19,4,23,4,21721
0,2,20,4,23,4,21724
0,2,21,4,23,4,21727
0,2,22,4,23,4,21730
0,2,1,5,23,4,21733
0,2,2,5,23,4,21736
0,2,3,5,23,4,21739
0,2,4,5,23,4,21742
0,2,5,5,23,4,21745
0,2,6,5,23,4,21748
0,2,7,5,23,4,21751
0,2,8,5,23,4,21754
0,2,9,5,23,4,21757
0,2,10,5,23,4,21760
0,2,11,5,23,4,21763
0,2,12,5,23,4,21766
0,2,13,5,23,4,21769
0,2,14,5,23,4,21772
0,2,15,5,23,4,21775
0,2,16,5,23,4,21778
0,2,17,5,23,4,21781
0,2,18,5,23,4,21784
0,2,19,5,23,4,21787
0,2,20,5,23,4,21790
0,2,21,5,23,4,21793
0,2,22,5,23,4,21796
0,2,1,6,23,4,21799
0,2,2,6,23,4,21802
0,2,3,6,23,4,21805
0,2,4,6,23,4,21808
0,2,5,6,23,4,21811
0,2,6,6,23,4,21814
0,2,7,6,23,4,21817
0,2,8,6,23,4,21820
0,2,9,6,23,4,21823
0,2,10,6,23,4,21826
0,2,11,6,23,4,21829
0,2,12,6,23,4,21832
0,2,13,6,23,4,21835
0,2,14,6,23,4,21838
0,2,15,6,23,4,21841
0,2,16,6,23,4,21844
0,2,17,6,23,4,21847
0,2,18,6,23,4,21850
0,2,19,6,23,4,21853
0,2,20,6,23,4,21856
0,2,21,6,23,4,21859
0,2,22,6,23,4,21862
0,2,1,7,23,4,21865
0,2,2,7,23,4,21868
0,2,3,7,23,4,21871
0,2,4,7,23,4,21874
0,2,5,7,23,4,21877
0,2,6,7,23,4,21880
0,2,7,7,23,4,21883
0,2,8,7,23,4,21886
0,2,9,7,23,4,21889
0,2,10,7,23,4,21892
0,2,11,7,23,4,21895
0,2,12,7,23,4,21898
0,2,13,7,23,4,21901
0,2,14,7,23,4,21904
0,2,15,7,23,4,21907
0,2,16,7,23,4,21910
0,2,17,7,23,4,21913
0,2,18,7,23,4,21916
0,2,19,7,23,4,21919
0,2,20,7,23,4,21922
0,2,21,7,23,4,21925
0,2,22,7,23,4,21928
0,2,0,8,23,4,21931
0,2,1,8,23,4,21934
0,2,2,8,23,4,21937
0,2,3,8,23,4,21940
0,2,4,8,23,4,21943
0,2,5,8,23,4,21946
0,2,6,8,23,4,21949
0,2,7,8,23,4,21952
0,2,8,8,23,4,21955
0,2,9,8,23,4,21958
0,2,10,8,23,4,21961
0,2,11,8,23,4,21964
0,2,12,8,23,4,21967
0,2,13,8,23,4,21970
0,2,14,8,23,4,21973
0,2,15,8,23,4,21976
0,2,16,8,23,4,21979
0,2,17,8,23,4,21982
0,2,18,8,23,4,21985
0,2,19,8,23,4,21988
0,2,20,8,23,4,21991
0,2,21,8,23,4,21994
0,2,22,8,23,4,21997
0,2,0,9,23,4,22000
0,2,1,9,23,4,22003
0,2,2,9,23,4,22006
0,2,3,9,23,4,22009
0,2,4,9,23,4,22012
0,2,5,9,23,4,22015
0,2,6,9,23,4,22018
0,2,7,9,23,4,22021
0,2,8,9,23,4,22024
0,2,9,9,23,4,22027
0,2,10,9,23,4,22030
0,2,11,9,23,4,22033
0,2,12,9,23,4,22036
0,2,13,9,23,4,22039
0,2,14,9,23,4,22042
0,2,15,9,23,4,22045
0,2,16,9,23,4,22048
0,2,17,9,23,4,22051
0,2,18,9,23,4,22054
0,2,19,9,23,4,22057
0,2,20,9,23,4,22060
0,2,21,9,23,4,22063
0,2,22,9,23,4,22066
0,2,0,10,23,4,22069
0,2,1,10,23,4,22072
0,2,2,10,23,4,22075
0,2,3,10,23,4,22078
0,2,4,10,23,4,22081
0,2,5,10,23,4,22084
0,2,6,10,23,4,22087
0,2,7,10,23,4,22090
0,2,8,10,23,4,22093
0,2,9,10,23,4,22096
0,2,10,10,23,4,22099
0,2,11,10,23,4,22102
0,2,12,10,23,4,22105
0,2,13,10,23,4,22108
0,2,14,10,23,4,22111
0,2,15,10,23,4,22114
0,2,16,10,23,4,22117
0,2,17,10,23,4,22120
0,2,18,10,23,4,22123
0,2,19,10,23,4,22126
0,2,20,10,23,4,22129
0,2,21,10,23,4,22132
0,2,22,10,23,4,22135
0,2,23,10,23,4,22138
0,2,0,11,23,4,22141
0,2,1,11,23,4,22144
0,2,2,11,23,4,22147
0,2,3,11,23,4,22150
0,2,4,11,23,4,22153
0,2,5,11,23,4,22156
0,2,6,11,23,4,22159
0,2,7,11,23,4,22162
0,2,8,11,23,4,22165
0,2,9,11,23,4,22168
0,2,10,11,23,4,22171
0,2,11,11,23,4,22174
0,2,12,11,23,4,22177
0,2,13,11,23,4,22180
0,2,14,11,23,4,22183
0,2,15,11,23,4,22186
0,2,16,11,23,4,22189
0,2,17,11,23,4,22192
0,2,18,11,23,4,22195
0,2,19,11,23,4,22198
0,2,20,11,23,4,22201
0,2,21,11,23,4,22204
0,2,22,11,23,4,22207
0,2,23,11,23,4,22210
0,2,0,12,23,4,22213
0,2,1,12,23,4,22216
0,2,2,12,23,4,22219
0,2,3,12,23,4,22222
0,2,4,12,23,4,22225
0,2,5,12,23,4,22228
0,2,6,12,23,4,22231
0,2,7,12,23,4,22234
0,2,8,12,23,4,22237
0,2,9,12,23,4,22240
0,2,10,12,23,4,22243
0,2,11,12,23,4,22246
0,2,12,12,23,4,22249
0,2,13,12,23,4,22252
0,2,14,12,23,4,22255
0,2,15,12,23,4,22258
0,2,16,12,23,4,22261
0,2,17,12,23,4,22264
0,2,18,12,23,4,22267
0,2,19,12,23,4,22270
0,2,20,12,23,4,22273
0,2,21,12,23,4,22276
0,2,22,12,23,4,22279
0,2,23,12,23,4,22282
0,2,0,13,23,4,22285
0,2,1,13,23,4,22288
0,2,2,13,23,4,22291
0,2,3,13,23,4,22294
0,2,4,13,23,4,22297
0,2,5,13,23,4,22300
0,2,6,13,23,4,22303
0,2,7,13,23,4,22306
0,2,8,13,23,4,22309
0,2,9,13,23,4,22312
0,2,10,13,23,4,22315
0,2,11,13,23,4,22318
0,2,12,13,23,4,22321
0,2,13,13,23,4,22324
0,2,14,13,23,4,22327
0,2,15,13,23,4,22330
0,2,16,13,23,4,22333
0,2,17,13,23,4,22336
0,2,18,13,23,4,22339
0,2,19,13,23,4,22342
0,2,20,13,23,4,22345
0,2,21,13,23,4,22348
0,2,22,13,23,4,22351
0,2,23,13,23,4,22354
0,2,0,0,23,5,22357
0,2,1,0,23,5,22360
0,2,2,0,23,5,22363
0,2,3,0,23,5,22366
0,2,4,0,23,5,22369
0,2,5,0,23,5,22372
0,2,6,0,23,5,22375
0,2,7,0,23,5,22378
0,2,8,0,23,5,22381
0,2,9,0,23,5,22384
0,2,10,0,23,5,22387
0,2,11,0,23,5,22390
0,2,12,0,23,5,22393
0,2,13,0,23,5,22396
0,2,14,0,23,5,22399
0,2,15,0,23,5,22402
0,2,16,0,23,5,22405
0,2,17,0,23,5,22408
0,2,18,0,23,5,22411
0,2,19,0,23,5,22414
0,2,20,0,23,5,22417
0,2,21,0,23,5,22420
0,2,22,0,23,5,22423
0,2,23,0,23,5,22426
0,2,0,1,23,5,22429
0,2,1,1,23,5,22432
0,2,2,1,23,5,22435
0,2,3,1,23,5,22438
0,2,4,1,23,5,22441
0,2,5,1,23,5,22444
0,2,6,1,23,5,22447
0,2,7,1,23,5,22450
0,2,8,1,23,5,22453
0,2,9,1,23,5,22456
0,2,10,1,23,5,22459
0,2,11,1,23,5,22462
0,2,12,1,23,5,22465
0,2,13,1,23,5,22468
0,2,14,1,23,5,22471
0,2,15,1,23,5,22474
0,2,16,1,23,5,22477
0,2,17,1,23,5,22480
0,2,18,1,23,5,22483
0,2,19,1,23,5,22486
0,2,20,1,23,5,22489
0,2,21,1,23,5,22492
0,2,22,1,23,5,22495
0,2,23,1,23,5,22498
0,2,1,2,23,5,22501
0,2,2,2,23,5,22504
0,2,3,2,23,5,22507
0,2,4,2,23,5,22510
0,2,5,2,23,5,22513
0,2,6,2,23,5,22516
0,2,7,2,23,5,22519
0,2,8,2,23,5,22522
0,2,9,2,23,5,22525
0,2,10,2,23,5,22528
0,2,11,2,23,5,22531
0,2,12,2,23,5,22534
0,2,13,2,23,5,22537
0,2,14,2,23,5,22540
0,2,15,2,23,5,22543
0,2,16,2,23,5,22546
0,2,17,2,23,5,22549
0,2,18,2,23,5,22552
0,2,19,2,23,5,22555
0,2,20,2,23,5,22558
0,2,21,2,23,5,22561
0,2,22,2,23,5,22564
0,2,23,2,23,5,22567
0,2,1,3,23,5,22570
0,2,2,3,23,5,22573
0,2,3,3,23,5,22576
0,2,4,3,23,5,22579
0,2,5,3,23,5,22582
0,2,6,3,23,5,22585
0,2,7,3,23,5,22588
0,2,8,3,23,5,22591
0,2,9,3,23,5,22594
0,2,10,3,23,5,22597
0,2,11,3,23,5,22600
0,2,12,3,23,5,22603
0,2,13,3,23,5,22606
0,2,14,3,23,5,22609
0,2,15,3,23,5,22612
0,2,16,3,23,5,22615
0,2,17,3,23,5,22618
0,2,18,3,23,5,22621
0,2,19,3,23,5,22624
0,2,20,3,23,5,22627
0,2,21,3,23,5,22630
0,2,22,3,23,5,22633
0,2,23,3,23,5,22636
0,2,1,4,23,5,22639
0,2,2,4,23,5,22642
0,2,3,4,23,5,22645
0,2,4,4,23,5,22648
0,2,5,4,23,5,22651
0,2,6,4,23,5,22654
0,2,7,4,23,5,22657
0,2,8,4,23,5,22660
0,2,9,4,23,5,22663
0,2,10,4,23,5,22666
0,2,11,4,23,5,22669
0,2,12,4,23,5,22672
0,2,13,4,23,5,22675
0,2,14,4,23,5,22678
0,2,15,4,23,5,22681
0,2,16,4,23,5,22684
0,2,17,4,23,5,22687
0,2,18,4,23,5,22690
0,2,19,4,23,5,22693
0,2,20,4,23,5,22696
0,2,21,4,23,5,22699
0,2,22,4,23,5,22702
0,2,23,4,23,5,22705
0,2,1,5,23,5,22708
0,2,2,5,23,5,22711
0,2,3,5,23,5,22714
0,2,4,5,23,5,22717
0,2,5,5,23,5,22720
0,2,6,5,23,5,22723
0,2,7,5,23,5,22726
0,2,8,5,23,5,22729
0,2,9,5,23,5,22732
0,2,10,5,23,5,22735
0,2,11,5,23,5,22738
0,2,12,5,23,5,22741
0,2,13,5,23,5,22744
0,2,14,5,23,5,22747
0,2,15,5,23,5,22750
0,2,16,5,23,5,22753
0,2,17,5,23,5,22756
0,2,18,5,23,5,22759
0,2,19,5,23,5,22762
0,2,20,5,23,5,22765
0,2,21,5,23,5,22768
0,2,22,5,23,5,22771
0,2,1,6,23,5,22774
0,2,2,6,23,5,22777
0,2,3,6,23,5,22780
0,2,4,6,23,5,22783
0,2,5,6,23,5,22786
0,2,6,6,23,5,22789
0,2,7,6,23,5,22792
0,2,8,6,23,5,22795
0,2,9,6,23,5,22798
0,2,10,6,23,5,22801
0,2,11,6,23,5,22804
0,2,12,6,23,5,22807
0,2,13,6,23,5,22810
0,2,14,6,23,5,22813
0,2,15,6,23,5,22816
0,2,16,6,23,5,22819
0,2,17,6,23,5,22822
0,2,18,6,23,5,22825
0,2,19,6,23,5,22828
0,2,20,6,23,5,22831
0,2,21,6,23,5,22834
0,2,22,6,23,5,22837
0,2,1,7,23,5,22840
0,2,2,7,23,5,22843
0,2,3,7,23,5,22846
0,2,4,7,23,5,22849
0,2,5,7,23,5,22852
0,2,6,7,23,5,22855
0,2,7,7,23,5,22858
0,2,8,7,23,5,22861
0,2,9,7,23,5,22864
0,2,10,7,23,5,22867
0,2,11,7,23,5,22870
0,2,12,7,23,5,22873
0,2,13,7,23,5,22876
0,2,14,7,23,5,22879
0,2,15,7,23,5,22882
0,2,16,7,23,5,22885
0,2,17,7,23,5,22888
0,2,18,7,23,5,22891
0,2,19,7,23,5,22894
0,2,20,7,23,5,22897
0,2,21,7,23,5,22900
0,2,22,7,23,5,22903
0,2,0,8,23,5,22906
0,2,1,8,23,5,22909
0,2,2,8,23,5,22912
0,2,3,8,23,5,22915
0,2,4,8,23,5,22918
0,2,5,8,23,5,22921
0,2,6,8,23,5,22924
0,2,7,8,23,5,22927
0,2,8,8,23,5,22930
0,2,9,8,23,5,22933
0,2,10,8,23,5,22936
0,2,11,8,23,5,22939
0,2,12,8,23,5,22942
0,2,13,8,23,5,22945
0,2,14,8,23,5,22948
0,2,15,8,23,5,22951
0,2,16,8,23,5,22954
0,2,17,8,23,5,22957
0,2,18,8,23,5,22960
0,2,19,8,23,5,22963
0,2,20,8,23,5,22966
0,2,21,8,23,5,22969
0,2,22,8,23,5,22972
0,2,0,9,23,5,22975
0,2,1,9,23,5,22978
0,2,2,9,23,5,22981
0,2,3,9,23,5,22984
0,2,4,9,23,5,22987
0,2,5,9,23,5,22990
0,2,6,9,23,5,22993
0,2,7,9,23,5,22996
0,2,8,9,23,5,22999
0,2,9,9,23,5,23002
0,2,10,9,23,5,23005
0,2,11,9,23,5,23008
0,2,12,9,23,5,23011
0,2,13,9,23,5,23014
0,2,14,9,23,5,23017
0,2,15,9,23,5,23020
0,2,16,9,23,5,23023
0,2,17,9,23,5,23026
0,2,18,9,23,5,23029
0,2,19,9,23,5,23032
0,2,20,9,23,5,23035
0,2,21,9,23,5,23038
0,2,22,9,23,5,23041
0,2,0,10,23,5,23044
0,2,1,10,23,5,23047
0,2,2,10,23,5,23050
0,2,3,10,23,5,23053
0,2,4,10,23,5,23056
0,2,5,10,23,5,23059
0,2,6,10,23,5,23062
0,2,7,10,23,5,23065
0,2,8,10,23,5,23068
0,2,9,10,23,5,23071
0,2,10,10,23,5,23074
0,2,11,10,23,5,23077
0,2,12,10,23,5,23080
0,2,13,10,23,5,23083
0,2,14,10,23,5,23086
0,2,15,10,23,5,23089
0,2,16,10,23,5,23092
0,2,17,10,23,5,23095
0,2,18,10,23,5,23098
0,2,19,10,23,5,23101
0,2,20,10,23,5,23104
0,2,21,10,23,5,23107
0,2,22,10,23,5,23110
0,2,0,11,23,5,23113
0,2,1,11,23,5,23116
0,2,2,11,23,5,23119
0,2,3,11,23,5,23122
0,2,4,11,23,5,23125
0,2,5,11,23,5,23128
0,2,6,11,23,5,23131
0,2,7,11,23,5,23134
0,2,8,11,23,5,23137
0,2,9,11,23,5,23140
0,2,10,11,23,5,23143
0,2,11,11,23,5,23146
0,2,12,11,23,5,23149
0,2,13,11,23,5,23152
0,2,14,11,23,5,23155
0,2,15,11,23,5,23158
0,2,16,11,23,5,23161
0,2,17,11,23,5,23164
0,2,18,11,23,5,23167
0,2,19,11,23,5,23170
0,2,20,11,23,5,23173
0,2,21,11,23,5,23176
0,2,22,11,23,5,23179
0,2,23,11,23,5,23182
0,2,0,12,23,5,23185
0,2,1,12,23,5,23188
0,2,2,12,23,5,23191
0,2,3,12,23,5,23194
0,2,4,12,23,5,23197
0,2,5,12,23,5,23200
0,2,6,12,23,5,23203
0,2,7,12,23,5,23206
0,2,8,12,23,5,23209
0,2,9,12,23,5,23212
0,2,10,12,23,5,23215
0,2,11,12,23,5,23218
0,2,12,12,23,5,23221
0,2,13,12,23,5,23224
0,2,14,12,23,5,23227
0,2,15,12,23,5,23230
0,2,16,12,23,5,23233
0,2,17,12,23,5,23236
0,2,18,12,23,5,23239
0,2,19,12,23,5,23242
0,2,20,12,23,5,23245
0,2,21,12,23,5,23248
0,2,22,12,23,5,23251
0,2,23,12,23,5,23254
0,2,0,13,23,5,23257
0,2,1,13,23,5,23260
0,2,2,13,23,5,23263
0,2,3,13,23,5,23266
0,2,4,13,23,5,23269
0,2,5,13,23,5,23272
0,2,6,13,23,5,23275
0,2,7,13,23,5,23278
0,2,8,13,23,5,23281
0,2,9,13,23,5,23284
0,2,10,13,23,5,23287
0,2,11,13,23,5,23290
0,2,12,13,23,5,23293
0,2,13,13,23,5,23296
0,2,14,13,23,5,23299
0,2,15,13,23,5,23302
0,2,16,13,23,5,23305
0,2,17,13,23,5,23308
0,2,18,13,23,5,23311
0,2,19,13,23,5,23314
0,2,20,13,23,5,23317
0,2,21,13,23,5,23320
0,2,22,13,23,5,23323
0,2,23,13,23,5,23326
0,2,0,0,23,6,23329
0,2,1,0,23,6,23332
0,2,2,0,23,6,23335
0,2,3,0,23,6,23338
0,2,4,0,23,6,23341
0,2,5,0,23,6,23344
0,2,6,0,23,6,23347
0,2,7,0,23,6,23350
0,2,8,0,23,6,23353
0,2,9,0,23,6,23356
0,2,10,0,23,6,23359
0,2,11,0,23,6,23362
0,2,12,0,23,6,23365
0,2,13,0,23,6,23368
0,2,14,0,23,6,23371
0,2,15,0,23,6,23374
0,2,16,0,23,6,23377
0,2,17,0,23,6,23380
0,2,18,0,23,6,23383
0,2,19,0,23,6,23386
0,2,20,0,23,6,23389
0,2,21,0,23,6,23392
0,2,22,0,23,6,23395
0,2,23,0,23,6,23398
0,2,0,1,23,6,23401
0,2,1,1,23,6,23404
0,2,2,1,23,6,23407
0,2,3,1,23,6,23410
0,2,4,1,23,6,23413
0,2,5,1,23,6,23416
0,2,6,1,23,6,23419
0,2,7,1,23,6,23422
0,2,8,1,23,6,23425
0,2,9,1,23,6,23428
0,2,10,1,23,6,23431
0,2,11,1,23,6,23434
0,2,12,1,23,6,23437
0,2,13,1,23,6,23440
0,2,14,1,23,6,23443
0,2,15,1,23,6,23446
0,2,16,1,23,6,23449
0,2,17,1,23,6,23452
0,2,18,1,23,6,23455
0,2,19,1,23,6,23458
0,2,20,1,23,6,23461
0,2,21,1,23,6,23464
0,2,22,1,23,6,23467
0,2,23,1,23,6,23470
0,2,1,2,23,6,23473
0,2,2,2,23,6,23476
0,2,3,2,23,6,23479
0,2,4,2,23,6,23482
0,2,5,2,23,6,23485
0,2,6,2,23,6,23488
0,2,7,2,23,6,23491
0,2,8,2,23,6,23494
0,2,9,2,23,6,23497
0,2,10,2,23,6,23500
0,2,11,2,23,6,23503
0,2,12,2,23,6,23506
0,2,13,2,23,6,23509
0,2,14,2,23,6,23512
0,2,15,2,23,6,23515
0,2,16,2,23,6,23518
0,2,17,2,23,6,23521
0,2,18,2,23,6,23524
0,2,19,2,23,6,23527
0,2,20,2,23,6,23530
0,2,21,2,23,6,23533
0,2,22,2,23,6,23536
0,2,23,2,23,6,23539
0,2,1,3,23,6,23542
0,2,2,3,23,6,23545
0,2,3,3,23,6,23548
0,2,4,3,23,6,23551
0,2,5,3,23,6,23554
0,2,6,3,23,6,23557
0,2,7,3,23,6,23560
0,2,8,3,23,6,23563
0,2,9,3,23,6,23566
0,2,10,3,23,6,23569
0,2,11,3,23,6,23572
0,2,12,3,23,6,23575
0,2,13,3,23,6,23578
0,2,14,3,23,6,23581
0,2,15,3,23,6,23584
0,2,16,3,23,6,23587
0,2,17,3,23,6,23590
0,2,18,3,23,6,23593
0,2,19,3,23,6,23596
0,2,20,3,23,6,23599
0,2,21,3,23,6,23602
0,2,22,3,23,6,23605
0,2,23,3,23,6,23608
0,2,1,4,23,6,23611
0,2,2,4,23,6,23614
0,2,3,4,23,6,23617
0,2,4,4,23,6,23620
0,2,5,4,23,6,23623
0,2,6,4,23,6,23626
0,2,7,4,23,6,23629
0,2,8,4,23,6,23632
0,2,9,4,23,6,23635
0,2,10,4,23,6,23638
0,2,11,4,23,6,23641
0,2,12,4,23,6,23644
0,2,13,4,23,6,23647
0,2,14,4,23,6,23650
0,2,15,4,23,6,23653
0,2,16,4,23,6,23656
0,2,17,4,23,6,23659
0,2,18,4,23,6,23662
0,2,19,4,23,6,23665
0,2,20,4,23,6,23668
0,2,21,4,23,6,23671
0,2,22,4,23,6,23674
0,2,23,4,23,6,23677
0,2,1,5,23,6,23680
0,2,2,5,23,6,23683
0,2,3,5,23,6,23686
0,2,4,5,23,6,23689
0,2,5,5,23,6,23692
0,2,6,5,23,6,23695
0,2,7,5,23,6,23698
0,2,8,5,23,6,23701
0,2,9,5,23,6,23704
0,2,10,5,23,6,23707
0,2,11,5,23,6,23710
0,2,12,5,23,6,23713
0,2,13,5,23,6,23716
0,2,14,5,23,6,23719
0,2,15,5,23,6,23722
0,2,16,5,23,6,23725
0,2,17,5,23,6,23728
0,2,18,5,23,6,23731
0,2,19,5,23,6,23734
0,2,20,5,23,6,23737
0,2,21,5,23,6,23740
0,2,22,5,23,6,23743
0,2,23,5,23,6,23746
0,2,1,6,23,6,23749
0,2,2,6,23,6,23752
0,2,3,6,23,6,23755
0,2,4,6,23,6,23758
0,2,5,6,23,6,23761
0,2,6,6,23,6,23764
0,2,7,6,23,6,23767
0,2,8,6,23,6,23770
0,2,9,6,23,6,23773
0,2,10,6,23,6,23776
0,2,11,6,23,6,23779
0,2,12,6,23,6,23782
0,2,13,6,23,6,23785
0,2,14,6,23,6,23788
0,2,15,6,23,6,23791
0,2,16,6,23,6,23794
0,2,17,6,23,6,23797
0,2,18,6,23,6,23800
0,2,19,6,23,6,23803
0,2,20,6,23,6,23806
0,2,21,6,23,6,23809
0,2,22,6,23,6,23812
0,2,1,7,23,6,23815
0,2,2,7,23,6,23818
0,2,3,7,23,6,23821
0,2,4,7,23,6,23824
0,2,5,7,23,6,23827
0,2,6,7,23,6,23830
0,2,7,7,23,6,23833
0,2,8,7,23,6,23836
0,2,9,7,23,6,23839
0,2,10,7,23,6,23842
0,2,11,7,23,6,23845
0,2,12,7,23,6,23848
0,2,13,7,23,6,23851
0,2,14,7,23,6,23854
0,2,15,7,23,6,23857
0,2,16,7,23,6,23860
0,2,17,7,23,6,23863
0,2,18,7,23,6,23866
0,2,19,7,23,6,23869
0,2,20,7,23,6,23872
0,2,21,7,23,6,23875
0,2,22,7,23,6,23878
0,2,0,8,23,6,23881
0,2,1,8,23,6,23884
0,2,2,8,23,6,23887
0,2,3,8,23,6,23890
0,2,4,8,23,6,23893
0,2,5,8,23,6,23896
0,2,6,8,23,6,23899
0,2,7,8,23,6,23902
0,2,8,8,23,6,23905
0,2,9,8,23,6,23908
0,2,10,8,23,6,23911
0,2,11,8,23,6,23914
0,2,12,8,23,6,23917
0,2,13,8,23,6,23920
0,2,14,8,23,6,23923
0,2,15,8,23,6,23926
0,2,16,8,23,6,23929
0,2,17,8,23,6,23932
0,2,18,8,23,6,23935
0,2,19,8,23,6,23938
0,2,20,8,23,6,23941
0,2,21,8,23,6,23944
0,2,22,8,23,6,23947
0,2,0,9,23,6,23950
0,2,1,9,23,6,23953
0,2,2,9,23,6,23956
0,2,3,9,23,6,23959
0,2,4,9,23,6,23962
0,2,5,9,23,6,23965
0,2,6,9,23,6,23968
0,2,7,9,23,6,23971
0,2,8,9,23,6,23974
0,2,9,9,23,6,23977
0,2,10,9,23,6,23980
0,2,11,9,23,6,23983
0,2,12,9,23,6,23986
0,2,13,9,23,6,23989
0,2,14,9,23,6,23992
0,2,15,9,23,6,23995
0,2,16,9,23,6,23998
0,2,17,9,23,6,24001
0,2,18,9,23,6,24004
0,2,19,9,23,6,24007
0,2,20,9,23,6,24010
0,2,21,9,23,6,24013
0,2,22,9,23,6,24016
0,2,0,10,23,6,24019
0,2,1,10,23,6,24022
0,2,2,10,23,6,24025
0,2,3,10,23,6,24028
0,2,4,10,23,6,24031
0,2,5,10,23,6,24034
0,2,6,10,23,6,24037
0,2,7,10,23,6,24040
0,2,8,10,23,6,24043
0,2,9,10,23,6,24046
0,2,10,10,23,6,24049
0,2,11,10,23,6,24052
0,2,12,10,23,6,24055
0,2,13,10,23,6,24058
0,2,14,10,23,6,24061
0,2,15,10,23,6,24064
0,2,16,10,23,6,24067
0,2,17,10,23,6,24070
0,2,18,10,23,6,24073
0,2,19,10,23,6,24076
0,2,20,10,23,6,24079
0,2,21,10,23,6,24082
0,2,22,10,23,6,24085
0,2,0,11,23,6,24088
0,2,1,11,23,6,24091
0,2,2,11,23,6,24094
0,2,3,11,23,6,24097
0,2,4,11,23,6,24100
0,2,5,11,23,6,24103
0,2,6,11,23,6,24106
0,2,7,11,23,6,24109
0,2,8,11,23,6,24112
0,2,9,11,23,6,24115
0,2,10,11,23,6,24118
0,2,11,11,23,6,24121
0,2,12,11,23,6,24124
0,2,13,11,23,6,24127
0,2,14,11,23,6,24130
0,2,15,11,23,6,24133
0,2,16,11,23,6,24136
0,2,17,11,23,6,24139
0,2,18,11,23,6,24142
0,2,19,11,23,6,24145
0,2,20,11,23,6,24148
0,2,21,11,23,6,24151
0,2,22,11,23,6,24154
0,2,0,12,23,6,24157
0,2,1,12,23,6,24160
0,2,2,12,23,6,24163
0,2,3,12,23,6,24166
0,2,4,12,23,6,24169
0,2,5,12,23,6,24172
0,2,6,12,23,6,24175
0,2,7,12,23,6,24178
0,2,8,12,23,6,24181
0,2,9,12,23,6,24184
0,2,10,12,23,6,24187
0,2,11,12,23,6,24190
0,2,12,12,23,6,24193
0,2,13,12,23,6,24196
0,2,14,12,23,6,24199
0,2,15,12,23,6,24202
0,2,16,12,23,6,24205
0,2,17,12,23,6,24208
0,2,18,12,23,6,24211
0,2,19,12,23,6,24214
0,2,20,12,23,6,24217
0,2,21,12,23,6,24220
0,2,22,12,23,6,24223
0,2,23,12,23,6,24226
0,2,0,13,23,6,24229
0,2,1,13,23,6,24232
0,2,2,13,23,6,24235
0,2,3,13,23,6,24238
0,2,4,13,23,6,24241
0,2,5,13,23,6,24244
0,2,6,13,23,6,24247
0,2,7,13,23,6,24250
0,2,8,13,23,6,24253
0,2,9,13,23,6,24256
0,2,10,13,23,6,24259
0,2,11,13,23,6,24262
0,2,12,13,23,6,24265
0,2,13,13,23,6,24268
0,2,14,13,23,6,24271
0,2,15,13,23,6,24274
0,2,16,13,23,6,24277
0,2,17,13,23,6,24280
0,2,18,13,23,6,24283
0,2,19,13,23,6,24286
0,2,20,13,23,6,24289
0,2,21,13,23,6,24292
0,2,22,13,23,6,24295
0,2,23,13,23,6,24298
0,2,0,0,23,7,24301
0,2,1,0,23,7,24304
0,2,2,0,23,7,24307
0,2,3,0,23,7,24310
0,2,4,0,23,7,24313
0,2,5,0,23,7,24316
0,2,6,0,23,7,24319
0,2,7,0,23,7,24322
0,2,8,0,23,7,24325
0,2,9,0,23,7,24328
0,2,10,0,23,7,24331
0,2,11,0,23,7,24334
0,2,12,0,23,7,24337
0,2,13,0,23,7,24340
0,2,14,0,23,7,24343
0,2,15,0,23,7,24346
0,2,16,0,23,7,24349
0,2,17,0,23,7,24352
0,2,18,0,23,7,24355
0,2,19,0,23,7,24358
0,2,20,0,23,7,24361
0,2,21,0,23,7,24364
0,2,22,0,23,7,24367
0,2,23,0,23,7,24370
0,2,0,1,23,7,24373
0,2,1,1,23,7,24376
0,2,2,1,23,7,24379
0,2,3,1,23,7,24382
0,2,4,1,23,7,24385
0,2,5,1,23,7,24388
0,2,6,1,23,7,24391
0,2,7,1,23,7,24394
0,2,8,1,23,7,24397
0,2,9,1,23,7,24400
0,2,10,1,23,7,24403
0,2,11,1,23,7,24406
0,2,12,1,23,7,24409
0,2,13,1,23,7,24412
0,2,14,1,23,7,24415
0,2,15,1,23,7,24418
0,2,16,1,23,7,24421
0,2,17,1,23,7,24424
0,2,18,1,23,7,24427
0,2,19,1,23,7,24430
0,2,20,1,23,7,24433
0,2,21,1,23,7,24436
0,2,22,1,23,7,24439
0,2,23,1,23,7,24442
0,2,1,2,23,7,24445
0,2,2,2,23,7,24448
0,2,3,2,23,7,24451
0,2,4,2,23,7,24454
0,2,5,2,23,7,24457
0,2,6,2,23,7,24460
0,2,7,2,23,7,24463
0,2,8,2,23,7,24466
0,2,9,2,23,7,24469
0,2,10,2,23,7,24472
0,2,11,2,23,7,24475
0,2,12,2,23,7,24478
0,2,13,2,23,7,24481
0,2,14,2,23,7,24484
0,2,15,2,23,7,24487
0,2,16,2,23,7,24490
0,2,17,2,23,7,24493
0,2,18,2,23,7,24496
0,2,19,2,23,7,24499
0,2,20,2,23,7,24502
0,2,21,2,23,7,24505
0,2,22,2,23,7,24508
0,2,23,2,23,7,24511
0,2,1,3,23,7,24514
0,2,2,3,23,7,24517
0,2,3,3,23,7,24520
0,2,4,3,23,7,24523
0,2,5,3,23,7,24526
0,2,6,3,23,7,24529
0,2,7,3,23,7,24532
0,2,8,3,23,7,24535
0,2,9,3,23,7,24538
0,2,10,3,23,7,24541
0,2,11,3,23,7,24544
0,2,12,3,23,7,24547
0,2,13,3,23,7,24550
0,2,14,3,23,7,24553
0,2,15,3,23,7,24556
0,2,16,3,23,7,24559
0,2,17,3,23,7,24562
0,2,18,3,23,7,24565
0,2,19,3,23,7,24568
0,2,20,3,23,7,24571
0,2,21,3,23,7,24574
0,2,22,3,23,7,24577
0,2,23,3,23,7,24580
0,2,1,4,23,7,24583
0,2,2,4,23,7,24586
0,2,3,4,23,7,24589
0,2,4,4,23,7,24592
0,2,5,4,23,7,24595
0,2,6,4,23,7,24598
0,2,7,4,23,7,24601
0,2,8,4,23,7,24604
0,2,9,4,23,7,24607
0,2,10,4,23,7,24610
0,2,11,4,23,7,24613
0,2,12,4,23,7,24616
0,2,13,4,23,7,24619
0,2,14,4,23,7,24622
0,2,15,4,23,7,24625
0,2,16,4,23,7,24628
0,2,17,4,23,7,24631
0,2,18,4,23,7,24634
0,2,19,4,23,7,24637
0,2,20,4,23,7,24640
0,2,21,4,23,7,24643
0,2,22,4,23,7,24646
0,2,23,4,23,7,24649
0,2,1,5,23,7,24652
0,2,2,5,23,7,24655
0,2,3,5,23,7,24658
0,2,4,5,23,7,24661
0,2,5,5,23,7,24664
0,2,6,5,23,7,24667
0,2,7,5,23,7,24670
0,2,8,5,23,7,24673
0,2,9,5,23,7,24676
0,2,10,5,23,7,24679
0,2,11,5,23,7,24682
0,2,12,5,23,7,24685
0,2,13,5,23,7,24688
0,2,14,5,23,7,24691
0,2,15,5,23,7,24694
0,2,16,5,23,7,24697
0,2,17,5,23,7,24700
0,2,18,5,23,7,24703
0,2,19,5,23,7,24706
0,2,20,5,23,7,24709
0,2,21,5,23,7,24712
0,2,22,5,23,7,24715
0,2,23,5,23,7,24718
0,2,1,6,23,7,24721
0,2,2,6,23,7,24724
0,2,3,6,23,7,24727
0,2,4,6,23,7,24730
0,2,5,6,23,7,24733
0,2,6,6,23,7,24736
0,2,7,6,23,7,24739
0,2,8,6,23,7,24742
0,2,9,6,23,7,24745
0,2,10,6,23,7,24748
0,2,11,6,23,7,24751
0,2,12,6,23,7,24754
0,2,13,6,23,7,24757
0,2,14,6,23,7,24760
0,2,15,6,23,7,24763
0,2,16,6,23,7,24766
0,2,17,6,23,7,24769
0,2,18,6,23,7,24772
0,2,19,6,23,7,24775
0,2,20,6,23,7,24778
0,2,21,6,23,7,24781
0,2,22,6,23,7,24784
0,2,23,6,23,7,24787
0,2,1,7,23,7,24790
0,2,2,7,23,7,24793
0,2,3,7,23,7,24796
0,2,4,7,23,7,24799
0,2,5,7,23,7,24802
0,2,6,7,23,7,24805
0,2,7,7,23,7,24808
0,2,8,7,23,7,24811
0,2,9,7,23,7,24814
0,2,10,7,23,7,24817
0,2,11,7,23,7,24820
0,2,12,7,23,7,24823
0,2,13,7,23,7,24826
0,2,14,7,23,7,24829
0,2,15,7,23,7,24832
0,2,16,7,23,7,24835
0,2,17,7,23,7,24838
0,2,18,7,23,7,24841
0,2,19,7,23,7,24844
0,2,20,7,23,7,24847
0,2,21,7,23,7,24850
0,2,22,7,23,7,24853
0,2,0,8,23,7,24856
0,2,1,8,23,7,24859
0,2,2,8,23,7,24862
0,2,3,8,23,7,24865
0,2,4,8,23,7,24868
0,2,5,8,23,7,24871
0,2,6,8,23,7,24874
0,2,7,8,23,7,24877
0,2,8,8,23,7,24880
0,2,9,8,23,7,24883
0,2,10,8,23,7,24886
0,2,11,8,23,7,24889
0,2,12,8,23,7,24892
0,2,13,8,23,7,24895
0,2,14,8,23,7,24898
0,2,15,8,23,7,24901
0,2,16,8,23,7,24904
0,2,17,8,23,7,24907
0,2,18,8,23,7,24910
0,2,19,8,23,7,24913
0,2,20,8,23,7,24916
0,2,21,8,23,7,24919
0,2,22,8,23,7,24922
0,2,0,9,23,7,24925
0,2,1,9,23,7,24928
0,2,2,9,23,7,24931
0,2,3,9,23,7,24934
0,2,4,9,23,7,24937
0,2,5,9,23,7,24940
0,2,6,9,23,7,24943
0,2,7,9,23,7,24946
0,2,8,9,23,7,24949
0,2,9,9,23,7,24952
0,2,10,9,23,7,24955
0,2,11,9,23,7,24958
0,2,12,9,23,7,24961
0,2,13,9,23,7,24964
0,2,14,9,23,7,24967
0,2,15,9,23,7,24970
0,2,16,9,23,7,24973
0,2,17,9,23,7,24976
0,2,18,9,23,7,24979
0,2,19,9,23,7,24982
0,2,20,9,23,7,24985
0,2,21,9,23,7,24988
0,2,22,9,23,7,24991
0,2,0,10,23,7,24994
0,2,1,10,23,7,24997
0,2,2,10,23,7,25000
0,2,3,10,23,7,25003
0,2,4,10,23,7,25006
0,2,5,10,23,7,25009
0,2,6,10,23,7,25012
0,2,7,10,23,7,25015
0,2,8,10,23,7,25018
0,2,9,10,23,7,25021
0,2,10,10,23,7,25024
0,2,11,10,23,7,25027
0,2,12,10,23,7,25030
0,2,13,10,23,7,25033
0,2,14,10,23,7,25036
0,2,15,10,23,7,25039
0,2,16,10,23,7,25042
0,2,17,10,23,7,25045
0,2,18,10,23,7,25048
0,2,19,10,23,7,25051
0,2,20,10,23,7,25054
0,2,21,10,23,7,25057
0,2,22,10,23,7,25060
0,2,0,11,23,7,25063
0,2,1,11,23,7,25066
0,2,2,11,23,7,25069
0,2,3,11,23,7,25072
0,2,4,11,23,7,25075
0,2,5,11,23,7,25078
0,2,6,11,23,7,25081
0,2,7,11,23,7,25084
0,2,8,11,23,7,25087
0,2,9,11,23,7,25090
0,2,10,11,23,7,25093
0,2,11,11,23,7,25096
0,2,12,11,23,7,25099
0,2,13,11,23,7,25102
0,2,14,11,23,7,25105
0,2,15,11,23,7,25108
0,2,16,11,23,7,25111
0,2,17,11,23,7,25114
0,2,18,11,23,7,25117
0,2,19,11,23,7,25120
0,2,20,11,23,7,25123
0,2,21,11,23,7,25126
0,2,22,11,23,7,25129
0,2,0,12,23,7,25132
0,2,1,12,23,7,25135
0,2,2,12,23,7,25138
0,2,3,12,23,7,25141
0,2,4,12,23,7,25144
0,2,5,12,23,7,25147
0,2,6,12,23,7,25150
0,2,7,12,23,7,25153
0,2,8,12,23,7,25156
0,2,9,12,23,7,25159
0,2,10,12,23,7,25162
0,2,11,12,23,7,25165
0,2,12,12,23,7,25168
0,2,13,12,23,7,25171
0,2,14,12,23,7,25174
0,2,15,12,23,7,25177
0,2,16,12,23,7,25180
0,2,17,12,23,7,25183
0,2,18,12,23,7,25186
0,2,19,12,23,7,25189
0,2,20,12,23,7,25192
0,2,21,12,23,7,25195
0,2,22,12,23,7,25198
0,2,0,13,23,7,25201
0,2,1,13,23,7,25204
0,2,2,13,23,7,25207
0,2,3,13,23,7,25210
0,2,4,13,23,7,25213
0,2,5,13,23,7,25216
0,2,6,13,23,7,25219
0,2,7,13,23,7,25222
0,2,8,13,23,7,25225
0,2,9,13,23,7,25228
0,2,10,13,23,7,25231
0,2,11,13,23,7,25234
0,2,12,13,23,7,25237
0,2,13,13,23,7,25240
0,2,14,13,23,7,25243
0,2,15,13,23,7,25246
0,2,16,13,23,7,25249
0,2,17,13,23,7,25252
0,2,18,13,23,7,25255
0,2,19,13,23,7,25258
0,2,20,13,23,7,25261
0,2,21,13,23,7,25264
0,2,22,13,23,7,25267
0,2,23,13,23,7,25270
0,2,0,0,23,8,25273
0,2,1,0,23,8,25276
0,2,2,0,23,8,25279
0,2,3,0,23,8,25282
0,2,4,0,23,8,25285
0,2,5,0,23,8,25288
0,2,6,0,23,8,25291
0,2,7,0,23,8,25294
0,2,8,0,23,8,25297
0,2,9,0,23,8,25300
0,2,10,0,23,8,25303
0,2,11,0,23,8,25306
0,2,12,0,23,8,25309
0,2,13,0,23,8,25312
0,2,14,0,23,8,25315
0,2,15,0,23,8,25318
0,2,16,0,23,8,25321
0,2,17,0,23,8,25324
0,2,18,0,23,8,25327
0,2,19,0,23,8,25330
0,2,20,0,23,8,25333
0,2,21,0,23,8,25336
0,2,22,0,23,8,25339
0,2,23,0,23,8,25342
0,2,0,1,23,8,25345
0,2,1,1,23,8,25348
0,2,2,1,23,8,25351
0,2,3,1,23,8,25354
0,2,4,1,23,8,25357
0,2,5,1,23,8,25360
0,2,6,1,23,8,25363
0,2,7,1,23,8,25366
0,2,8,1,23,8,25369
0,2,9,1,23,8,25372
0,2,10,1,23,8,25375
0,2,11,1,23,8,25378
0,2,12,1,23,8,25381
0,2,13,1,23,8,25384
0,2,14,1,23,8,25387
0,2,15,1,23,8,25390
0,2,16,1,23,8,25393
0,2,17,1,23,8,25396
0,2,18,1,23,8,25399
0,2,19,1,23,8,25402
0,2,20,1,23,8,25405
0,2,21,1,23,8,25408
0,2,22,1,23,8,25411
0,2,23,1,23,8,25414
0,2,1,2,23,8,25417
0,2,2,2,23,8,25420
0,2,3,2,23,8,25423
0,2,4,2,23,8,25426
0,2,5,2,23,8,25429
0,2,6,2,23,8,25432
0,2,7,2,23,8,25435
0,2,8,2,23,8,25438
0,2,9,2,23,8,25441
0,2,10,2,23,8,25444
0,2,11,2,23,8,25447
0,2,12,2,23,8,25450
0,2,13,2,23,8,25453
0,2,14,2,23,8,25456
0,2,15,2,23,8,25459
0,2,16,2,23,8,25462
0,2,17,2,23,8,25465
0,2,18,2,23,8,25468
0,2,19,2,23,8,25471
0,2,20,2,23,8,25474
0,2,21,2,23,8,25477
0,2,22,2,23,8,25480
0,2,23,2,23,8,25483
0,2,1,3,23,8,25486
0,2,2,3,23,8,25489
0,2,3,3,23,8,25492
0,2,4,3,23,8,25495
0,2,5,3,23,8,25498
0,2,6,3,23,8,25501
0,2,7,3,23,8,25504
0,2,8,3,23,8,25507
0,2,9,3,23,8,25510
0,2,10,3,23,8,25513
0,2,11,3,23,8,25516
0,2,12,3,23,8,25519
0,2,13,3,23,8,25522
0,2,14,3,23,8,25525
0,2,15,3,23,8,25528
0,2,16,3,23,8,25531
0,2,17,3,23,8,25534
0,2,18,3,23,8,25537
0,2,19,3,23,8,25540
0,2,20,3,23,8,25543
0,2,21,3,23,8,25546
0,2,22,3,23,8,25549
0,2,23,3,23,8,25552
0,2,1,4,23,8,25555
0,2,2,4,23,8,25558
0,2,3,4,23,8,25561
0,2,4,4,23,8,25564
0,2,5,4,23,8,25567
0,2,6,4,23,8,25570
0,2,7,4,23,8,25573
0,2,8,4,23,8,25576
0,2,9,4,23,8,25579
0,2,10,4,23,8,25582
0,2,11,4,23,8,25585
0,2,12,4,23,8,25588
0,2,13,4,23,8,25591
0,2,14,4,23,8,25594
0,2,15,4,23,8,25597
0,2,16,4,23,8,25600
0,2,17,4,23,8,25603
0,2,18,4,23,8,25606
0,2,19,4,23,8,25609
0,2,20,4,23,8,25612
0,2,21,4,23,8,25615
0,2,22,4,23,8,25618
0,2,23,4,23,8,25621
0,2,1,5,23,8,25624
0,2,2,5,23,8,25627
0,2,3,5,23,8,25630
0,2,4,5,23,8,25633
0,2,5,5,23,8,25636
0,2,6,5,23,8,25639
0,2,7,5,23,8,25642
0,2,8,5,23,8,25645
0,2,9,5,23,8,25648
0,2,10,5,23,8,25651
0,2,11,5,23,8,25654
0,2,12,5,23,8,25657
0,2,13,5,23,8,25660
0,2,14,5,23,8,25663
0,2,15,5,23,8,25666
0,2,16,5,23,8,25669
0,2,17,5,23,8,25672
0,2,18,5,23,8,25675
0,2,19,5,23,8,25678
0,2,20,5,23,8,25681
0,2,21,5,23,8,25684
0,2,22,5,23,8,25687
0,2,23,5,23,8,25690
0,2,1,6,23,8,25693
0,2,2,6,23,8,25696
0,2,3,6,23,8,25699
0,2,4,6,23,8,25702
0,2,5,6,23,8,25705
0,2,6,6,23,8,25708
0,2,7,6,23,8,25711
0,2,8,6,23,8,25714
0,2,9,6,23,8,25717
0,2,10,6,23,8,25720
0,2,11,6,23,8,25723
0,2,12,6,23,8,25726
0,2,13,6,23,8,25729
0,2,14,6,23,8,25732
0,2,15,6,23,8,25735
0,2,16,6,23,8,25738
0,2,17,6,23,8,25741
0,2,18,6,23,8,25744
0,2,19,6,23,8,25747
0,2,20,6,23,8,25750
0,2,21,6,23,8,25753
0,2,22,6,23,8,25756
0,2,23,6,23,8,25759
0,2,1,7,23,8,25762
0,2,2,7,23,8,25765
0,2,3,7,23,8,25768
0,2,4,7,23,8,25771
0,2,5,7,23,8,25774
0,2,6,7,23,8,25777
0,2,7,7,23,8,25780
0,2,8,7,23,8,25783
0,2,9,7,23,8,25786
0,2,10,7,23,8,25789
0,2,11,7,23,8,25792
0,2,12,7,23,8,25795
0,2,13,7,23,8,25798
0,2,14,7,23,8,25801
0,2,15,7,23,8,25804
0,2,16,7,23,8,25807
0,2,17,7,23,8,25810
0,2,18,7,23,8,25813
0,2,19,7,23,8,25816
0,2,20,7,23,8,25819
0,2,21,7,23,8,25822
0,2,22,7,23,8,25825
0,2,23,7,23,8,25828
0,2,0,8,23,8,25831
0,2,1,8,23,8,25834
0,2,2,8,23,8,25837
0,2,3,8,23,8,25840
0,2,4,8,23,8,25843
0,2,5,8,23,8,25846
0,2,6,8,23,8,25849
0,2,7,8,23,8,25852
0,2,8,8,23,8,25855
0,2,9,8,23,8,25858
0,2,10,8,23,8,25861
0,2,11,8,23,8,25864
0,2,12,8,23,8,25867
0,2,13,8,23,8,25870
0,2,14,8,23,8,25873
0,2,15,8,23,8,25876
0,2,16,8,23,8,25879
0,2,17,8,23,8,25882
0,2,18,8,23,8,25885
0,2,19,8,23,8,25888
0,2,20,8,23,8,25891
0,2,21,8,23,8,25894
0,2,22,8,23,8,25897
0,2,0,9,23,8,25900
0,2,1,9,23,8,25903
0,2,2,9,23,8,25906
0,2,3,9,23,8,25909
0,2,4,9,23,8,25912
0,2,5,9,23,8,25915
0,2,6,9,23,8,25918
0,2,7,9,23,8,25921
0,2,8,9,23,8,25924
0,2,9,9,23,8,25927
0,2,10,9,23,8,25930
0,2,11,9,23,8,25933
0,2,12,9,23,8,25936
0,2,13,9,23,8,25939
0,2,14,9,23,8,25942
0,2,15,9,23,8,25945
0,2,16,9,23,8,25948
0,2,17,9,23,8,25951
0,2,18,9,23,8,25954
0,2,19,9,23,8,25957
0,2,20,9,23,8,25960
0,2,21,9,23,8,25963
0,2,22,9,23,8,25966
0,2,0,10,23,8,25969
0,2,1,10,23,8,25972
0,2,2,10,23,8,25975
0,2,3,10,23,8,25978
0,2,4,10,23,8,25981
0,2,5,10,23,8,25984
0,2,6,10,23,8,25987
0,2,7,10,23,8,25990
0,2,8,10,23,8,25993
0,2,9,10,23,8,25996
0,2,10,10,23,8,25999
0,2,11,10,23,8,26002
0,2,12,10,23,8,26005
0,2,13,10,23,8,26008
0,2,14,10,23,8,26011
0,2,15,10,23,8,26014
0,2,16,10,23,8,26017
0,2,17,10,23,8,26020
0,2,18,10,23,8,26023
0,2,19,10,23,8,26026
0,2,20,10,23,8,26029
0,2,21,10,23,8,26032
0,2,22,10,23,8,26035
0,2,0,11,23,8,26038
0,2,1,11,23,8,26041
0,2,2,11,23,8,26044
0,2,3,11,23,8,26047
0,2,4,11,23,8,26050
0,2,5,11,23,8,26053
0,2,6,11,23,8,26056
0,2,7,11,23,8,26059
0,2,8,11,23,8,26062
0,2,9,11,23,8,26065
0,2,10,11,23,8,26068
0,2,11,11,23,8,26071
0,2,12,11,23,8,26074
0,2,13,11,23,8,26077
0,2,14,11,23,8,26080
0,2,15,11,23,8,26083
0,2,16,11,23,8,26086
0,2,17,11,23,8,26089
0,2,18,11,23,8,26092
0,2,19,11,23,8,26095
0,2,20,11,23,8,26098
0,2,21,11,23,8,26101
0,2,22,11,23,8,26104
0,2,0,12,23,8,26107
0,2,1,12,23,8,26110
0,2,2,12,23,8,26113
0,2,3,12,23,8,26116
0,2,4,12,23,8,26119
0,2,5,12,23,8,26122
0,2,6,12,23,8,26125
0,2,7,12,23,8,26128
0,2,8,12,23,8,26131
0,2,9,12,23,8,26134
0,2,10,12,23,8,26137
0,2,11,12,23,8,26140
0,2,12,12,23,8,26143
0,2,13,12,23,8,26146
0,2,14,12,23,8,26149
0,2,15,12,23,8,26152
0,2,16,12,23,8,26155
0,2,17,12,23,8,26158
0,2,18,12,23,8,26161
0,2,19,12,23,8,26164
0,2,20,12,23,8,26167
0,2,21,12,23,8,26170
0,2,22,12,23,8,26173
0,2,0,13,23,8,26176
0,2,1,13,23,8,26179
0,2,2,13,23,8,26182
0,2,3,13,23,8,26185
0,2,4,13,23,8,26188
0,2,5,13,23,8,26191
0,2,6,13,23,8,26194
0,2,7,13,23,8,26197
0,2,8,13,23,8,26200
0,2,9,13,23,8,26203
0,2,10,13,23,8,26206
0,2,11,13,23,8,26209
0,2,12,13,23,8,26212
0,2,13,13,23,8,26215
0,2,14,13,23,8,26218
0,2,15,13,23,8,26221
0,2,16,13,23,8,26224
0,2,17,13,23,8,26227
0,2,18,13,23,8,26230
0,2,19,13,23,8,26233
0,2,20,13,23,8,26236
0,2,21,13,23,8,26239
0,2,22,13,23,8,26242
0,3,0,0,23,0,26245
0,3,1,0,23,0,26248
0,3,2,0,23,0,26251
0,3,3,0,23,0,26254
0,3,4,0,23,0,26257
0,3,5,0,23,0,26260
0,3,6,0,23,0,26263
0,3,7,0,23,0,26266
0,3,8,0,23,0,26269
0,3,9,0,23,0,26272
0,3,10,0,23,0,26275
0,3,11,0,23,0,26278
0,3,12,0,23,0,26281
0,3,13,0,23,0,26284
0,3,14,0,23,0,26287
0,3,15,0,23,0,26290
0,3,16,0,23,0,26293
0,3,17,0,23,0,26296
0,3,18,0,23,0,26299
0,3,19,0,23,0,26302
0,3,20,0,23,0,26305
0,3,21,0,23,0,26308
0,3,22,0,23,0,26311
0,3,0,1,23,0,26314
0,3,1,1,23,0,26317
0,3,2,1,23,0,26320
0,3,3,1,23,0,26323
0,3,4,1,23,0,26326
0,3,5,1,23,0,26329
0,3,6,1,23,0,26332
0,3,7,1,23,0,26335
0,3,8,1,23,0,26338
0,3,9,1,23,0,26341
0,3,10,1,23,0,26344
0,3,11,1,23,0,26347
0,3,12,1,23,0,26350
0,3,13,1,23,0,26353
0,3,14,1,23,0,26356
0,3,15,1,23,0,26359
0,3,16,1,23,0,26362
0,3,17,1,23,0,26365
0,3,18,1,23,0,26368
0,3,19,1,23,0,26371
0,3,20,1,23,0,26374
0,3,21,1,23,0,26377
0,3,22,1,23,0,26380
0,3,0,2,23,0,26383
0,3,1,2,23,0,26386
0,3,2,2,23,0,26389
0,3,3,2,23,0,26392
0,3,4,2,23,0,26395
0,3,5,2,23,0,26398
0,3,6,2,23,0,26401
0,3,7,2,23,0,26404
0,3,8,2,23,0,26407
0,3,9,2,23,0,26410
0,3,10,2,23,0,26413
0,3,11,2,23,0,26416
0,3,12,2,23,0,26419
0,3,13,2,23,0,26422
0,3,14,2,23,0,26425
0,3,15,2,23,0,26428
0,3,16,2,23,0,26431
0,3,17,2,23,0,26434
0,3,18,2,23,0,26437
0,3,19,2,23,0,26440
0,3,20,2,23,0,26443
0,3,21,2,23,0,26446
0,3,22,2,23,0,26449
0,3,1,3,23,0,26452
0,3,2,3,23,0,26455
0,3,3,3,23,0,26458
0,3,4,3,23,0,26461
0,3,5,3,23,0,26464
0,3,6,3,23,0,26467
0,3,7,3,23,0,26470
0,3,8,3,23,0,26473
0,3,9,3,23,0,26476
0,3,10,3,23,0,26479
0,3,11,3,23,0,26482
0,3,12,3,23,0,26485
0,3,13,3,23,0,26488
0,3,14,3,23,0,26491
0,3,15,3,23,0,26494
0,3,16,3,23,0,26497
0,3,17,3,23,0,26500
0,3,18,3,23,0,26503
0,3,19,3,23,0,26506
0,3,20,3,23,0,26509
0,3,21,3,23,0,26512
0,3,22,3,23,0,26515
0,3,1,4,23,0,26518
0,3,2,4,23,0,26521
0,3,3,4,23,0,26524
0,3,4,4,23,0,26527
0,3,5,4,23,0,26530
0,3,6,4,23,0,26533
0,3,7,4,23,0,26536
0,3,8,4,23,0,26539
0,3,9,4,23,0,26542
0,3,10,4,23,0,26545
0,3,11,4,23,0,26548
0,3,12,4,23,0,26551
0,3,13,4,23,0,26554
0,3,14,4,23,0,26557
0,3,15,4,23,0,26560
0,3,16,4,23,0,26563
0,3,17,4,23,0,26566
0,3,18,4,23,0,26569
0,3,19,4,23,0,26572
0,3,20,4,23,0,26575
0,3,21,4,23,0,26578
0,3,22,4,23,0,26581
0,3,1,5,23,0,26584
0,3,2,5,23,0,26587
0,3,3,5,23,0,26590
0,3,4,5,23,0,26593
0,3,5,5,23,0,26596
0,3,6,5,23,0,26599
0,3,7,5,23,0,26602
0,3,8,5,23,0,26605
0,3,9,5,23,0,26608
0,3,10,5,23,0,26611
0,3,11,5,23,0,26614
0,3,12,5,23,0,26617
0,3,13,5,23,0,26620
0,3,14,5,23,0,26623
0,3,15,5,23,0,26626
0,3,16,5,23,0,26629
0,3,17,5,23,0,26632
0,3,18,5,23,0,26635
0,3,19,5,23,0,26638
0,3,20,5,23,0,26641
0,3,21,5,23,0,26644
0,3,22,5,23,0,26647
0,3,1,6,23,0,26650
0,3,2,6,23,0,26653
0,3,3,6,23,0,26656
0,3,4,6,23,0,26659
0,3,5,6,23,0,26662
0,3,6,6,23,0,26665
0,3,7,6,23,0,26668
0,3,8,6,23,0,26671
0,3,9,6,23,0,26674
0,3,10,6,23,0,26677
0,3,11,6,23,0,26680
0,3,12,6,23,0,26683
0,3,13,6,23,0,26686
0,3,14,6,23,0,26689
0,3,15,6,23,0,26692
0,3,16,6,23,0,26695
0,3,17,6,23,0,26698
0,3,18,6,23,0,26701
0,3,19,6,23,0,26704
0,3,20,6,23,0,26707
0,3,21,6,23,0,26710
0,3,22,6,23,0,26713
0,3,23,6,23,0,26716
0,3,1,7,23,0,26719
0,3,2,7,23,0,26722
0,3,3,7,23,0,26725
0,3,4,7,23,0,26728
0,3,5,7,23,0,26731
0,3,6,7,23,0,26734
0,3,7,7,23,0,26737
0,3,8,7,23,0,26740
0,3,9,7,23,0,26743
0,3,10,7,23,0,26746
0,3,11,7,23,0,26749
0,3,12,7,23,0,26752
0,3,13,7,23,0,26755
0,3,14,7,23,0,26758
0,3,15,7,23,0,26761
0,3,16,7,23,0,26764
0,3,17,7,23,0,26767
0,3,18,7,23,0,26770
0,3,19,7,23,0,26773
0,3,20,7,23,0,26776
0,3,21,7,23,0,26779
0,3,22,7,23,0,26782
0,3,23,7,23,0,26785
0,3,1,8,23,0,26788
0,3,2,8,23,0,26791
0,3,3,8,23,0,26794
0,3,4,8,23,0,26797
0,3,5,8,23,0,26800
0,3,6,8,23,0,26803
0,3,7,8,23,0,26806
0,3,8,8,23,0,26809
0,3,9,8,23,0,26812
0,3,10,8,23,0,26815
0,3,11,8,23,0,26818
0,3,12,8,23,0,26821
0,3,13,8,23,0,26824
0,3,14,8,23,0,26827
0,3,15,8,23,0,26830
0,3,16,8,23,0,26833
0,3,17,8,23,0,26836
0,3,18,8,23,0,26839
0,3,19,8,23,0,26842
0,3,20,8,23,0,26845
0,3,21,8,23,0,26848
0,3,22,8,23,0,26851
0,3,23,8,23,0,26854
0,3,0,9,23,0,26857
0,3,1,9,23,0,26860
0,3,2,9,23,0,26863
0,3,3,9,23,0,26866
0,3,4,9,23,0,26869
0,3,5,9,23,0,26872
0,3,6,9,23,0,26875
0,3,7,9,23,0,26878
0,3,8,9,23,0,26881
0,3,9,9,23,0,26884
0,3,10,9,23,0,26887
0,3,11,9,23,0,26890
0,3,12,9,23,0,26893
0,3,13,9,23,0,26896
0,3,14,9,23,0,26899
0,3,15,9,23,0,26902
0,3,16,9,23,0,26905
0,3,17,9,23,0,26908
0,3,18,9,23,0,26911
0,3,19,9,23,0,26914
0,3,20,9,23,0,26917
0,3,21,9,23,0,26920
0,3,22,9,23,0,26923
0,3,23,9,23,0,26926
0,3,0,10,23,0,26929
0,3,1,10,23,0,26932
0,3,2,10,23,0,26935
0,3,3,10,23,0,26938
0,3,4,10,23,0,26941
0,3,5,10,23,0,26944
0,3,6,10,23,0,26947
0,3,7,10,23,0,26950
0,3,8,10,23,0,26953
0,3,9,10,23,0,26956
0,3,10,10,23,0,26959
0,3,11,10,23,0,26962
0,3,12,10,23,0,26965
0,3,13,10,23,0,26968
0,3,14,10,23,0,26971
0,3,15,10,23,0,26974
0,3,16,10,23,0,26977
0,3,17,10,23,0,26980
0,3,18,10,23,0,26983
0,3,19,10,23,0,26986
0,3,20,10,23,0,26989
0,3,21,10,23,0,26992
0,3,22,10,23,0,26995
0,3,23,10,23,0,26998
0,3,0,11,23,0,27001
0,3,1,11,23,0,27004
0,3,2,11,23,0,27007
0,3,3,11,23,0,27010
0,3,4,11,23,0,27013
0,3,5,11,23,0,27016
0,3,6,11,23,0,27019
0,3,7,11,23,0,27022
0,3,8,11,23,0,27025
0,3,9,11,23,0,27028
0,3,10,11,23,0,27031
0,3,11,11,23,0,27034
0,3,12,11,23,0,27037
0,3,13,11,23,0,27040
0,3,14,11,23,0,27043
0,3,15,11,23,0,27046
0,3,16,11,23,0,27049
0,3,17,11,23,0,27052
0,3,18,11,23,0,27055
0,3,19,11,23,0,27058
0,3,20,11,23,0,27061
0,3,21,11,23,0,27064
0,3,22,11,23,0,27067
0,3,23,11,23,0,27070
0,3,0,12,23,0,27073
0,3,1,12,23,0,27076
0,3,2,12,23,0,27079
0,3,3,12,23,0,27082
0,3,4,12,23,0,27085
0,3,5,12,23,0,27088
0,3,6,12,23,0,27091
0,3,7,12,23,0,27094
0,3,8,12,23,0,27097
0,3,9,12,23,0,27100
0,3,10,12,23,0,27103
0,3,11,12,23,0,27106
0,3,12,12,23,0,27109
0,3,13,12,23,0,27112
0,3,14,12,23,0,27115
0,3,15,12,23,0,27118
0,3,16,12,23,0,27121
0,3,17,12,23,0,27124
0,3,18,12,23,0,27127
0,3,19,12,23,0,27130
0,3,20,12,23,0,27133
0,3,21,12,23,0,27136
0,3,22,12,23,0,27139
0,3,23,12,23,0,27142
0,3,0,13,23,0,27145
0,3,1,13,23,0,27148
0,3,2,13,23,0,27151
0,3,3,13,23,0,27154
0,3,4,13,23,0,27157
0,3,5,13,23,0,27160
0,3,6,13,23,0,27163
0,3,7,13,23,0,27166
0,3,8,13,23,0,27169
0,3,9,13,23,0,27172
0,3,10,13,23,0,27175
0,3,11,13,23,0,27178
0,3,12,13,23,0,27181
0,3,13,13,23,0,27184
0,3,14,13,23,0,27187
0,3,15,13,23,0,27190
0,3,16,13,23,0,27193
0,3,17,13,23,0,27196
0,3,18,13,23,0,27199
0,3,19,13,23,0,27202
0,3,20,13,23,0,27205
0,3,21,13,23,0,27208
0,3,22,13,23,0,27211
0,3,23,13,23,0,27214
0,3,0,0,23,1,27217
0,3,1,0,23,1,27220
0,3,2,0,23,1,27223
0,3,3,0,23,1,27226
0,3,4,0,23,1,27229
0,3,5,0,23,1,27232
0,3,6,0,23,1,27235
0,3,7,0,23,1,27238
0,3,8,0,23,1,27241
0,3,9,0,23,1,27244
0,3,10,0,23,1,27247
0,3,11,0,23,1,27250
0,3,12,0,23,1,27253
0,3,13,0,23,1,27256
0,3,14,0,23,1,27259
0,3,15,0,23,1,27262
0,3,16,0,23,1,27265
0,3,17,0,23,1,27268
0,3,18,0,23,1,27271
0,3,19,0,23,1,27274
0,3,20,0,23,1,27277
0,3,21,0,23,1,27280
0,3,22,0,23,1,27283
0,3,23,0,23,1,27286
0,3,0,1,23,1,27289
0,3,1,1,23,1,27292
0,3,2,1,23,1,27295
0,3,3,1,23,1,27298
0,3,4,1,23,1,27301
0,3,5,1,23,1,27304
0,3,6,1,23,1,27307
0,3,7,1,23,1,27310
0,3,8,1,23,1,27313
0,3,9,1,23,1,27316
0,3,10,1,23,1,27319
0,3,11,1,23,1,27322
0,3,12,1,23,1,27325
0,3,13,1,23,1,27328
0,3,14,1,23,1,27331
0,3,15,1,23,1,27334
0,3,16,1,23,1,27337
0,3,17,1,23,1,27340
0,3,18,1,23,1,27343
0,3,19,1,23,1,27346
0,3,20,1,23,1,27349
0,3,21,1,23,1,27352
0,3,22,1,23,1,27355
0,3,0,2,23,1,27358
0,3,1,2,23,1,27361
0,3,2,2,23,1,27364
0,3,3,2,23,1,27367
0,3,4,2,23,1,27370
0,3,5,2,23,1,27373
0,3,6,2,23,1,27376
0,3,7,2,23,1,27379
0,3,8,2,23,1,27382
0,3,9,2,23,1,27385
0,3,10,2,23,1,27388
0,3,11,2,23,1,27391
0,3,12,2,23,1,27394
0,3,13,2,23,1,27397
0,3,14,2,23,1,27400
0,3,15,2,23,1,27403
0,3,16,2,23,1,27406
0,3,17,2,23,1,27409
0,3,18,2,23,1,27412
0,3,19,2,23,1,27415
0,3,20,2,23,1,27418
0,3,21,2,23,1,27421
0,3,22,2,23,1,27424
0,3,1,3,23,1,27427
0,3,2,3,23,1,27430
0,3,3,3,23,1,27433
0,3,4,3,23,1,27436
0,3,5,3,23,1,27439
0,3,6,3,23,1,27442
0,3,7,3,23,1,27445
0,3,8,3,23,1,27448
0,3,9,3,23,1,27451
0,3,10,3,23,1,27454
0,3,11,3,23,1,27457
0,3,12,3,23,1,27460
0,3,13,3,23,1,27463
0,3,14,3,23,1,27466
0,3,15,3,23,1,27469
0,3,16,3,23,1,27472
0,3,17,3,23,1,27475
0,3,18,3,23,1,27478
0,3,19,3,23,1,27481
0,3,20,3,23,1,27484
0,3,21,3,23,1,27487
0,3,22,3,23,1,27490
0,3,1,4,23,1,27493
0,3,2,4,23,1,27496
0,3,3,4,23,1,27499
0,3,4,4,23,1,27502
0,3,5,4,23,1,27505
0,3,6,4,23,1,27508
0,3,7,4,23,1,27511
0,3,8,4,23,1,27514
0,3,9,4,23,1,27517
0,3,10,4,23,1,27520
0,3,11,4,23,1,27523
0,3,12,4,23,1,27526
0,3,13,4,23,1,27529
0,3,14,4,23,1,27532
0,3,15,4,23,1,27535
0,3,16,4,23,1,27538
0,3,17,4,23,1,27541
0,3,18,4,23,1,27544
0,3,19,4,23,1,27547
0,3,20,4,23,1,27550
0,3,21,4,23,1,27553
0,3,22,4,23,1,27556
0,3,1,5,23,1,27559
0,3,2,5,23,1,27562
0,3,3,5,23,1,27565
0,3,4,5,23,1,27568
0,3,5,5,23,1,27571
0,3,6,5,23,1,27574
0,3,7,5,23,1,27577
0,3,8,5,23,1,27580
0,3,9,5,23,1,27583
0,3,10,5,23,1,27586
0,3,11,5,23,1,27589
0,3,12,5,23,1,27592
0,3,13,5,23,1,27595
0,3,14,5,23,1,27598
0,3,15,5,23,1,27601
0,3,16,5,23,1,27604
0,3,17,5,23,1,27607
0,3,18,5,23,1,27610
0,3,19,5,23,1,27613
0,3,20,5,23,1,27616
0,3,21,5,23,1,27619
0,3,22,5,23,1,27622
0,3,1,6,23,1,27625
0,3,2,6,23,1,27628
0,3,3,6,23,1,27631
0,3,4,6,23,1,27634
0,3,5,6,23,1,27637
0,3,6,6,23,1,27640
0,3,7,6,23,1,27643
0,3,8,6,23,1,27646
0,3,9,6,23,1,27649
0,3,10,6,23,1,27652
0,3,11,6,23,1,27655
0,3,12,6,23,1,27658
0,3,13,6,23,1,27661
0,3,14,6,23,1,27664
0,3,15,6,23,1,27667
0,3,16,6,23,1,27670
0,3,17,6,23,1,27673
0,3,18,6,23,1,27676
0,3,19,6,23,1,27679
0,3,20,6,23,1,27682
0,3,21,6,23,1,27685
0,3,22,6,23,1,27688
0,3,1,7,23,1,27691
0,3,2,7,23,1,27694
0,3,3,7,23,1,27697
0,3,4,7,23,1,27700
0,3,5,7,23,1,27703
0,3,6,7,23,1,27706
0,3,7,7,23,1,27709
0,3,8,7,23,1,27712
0,3,9,7,23,1,27715
0,3,10,7,23,1,27718
0,3,11,7,23,1,27721
0,3,12,7,23,1,27724
0,3,13,7,23,1,27727
0,3,14,7,23,1,27730
0,3,15,7,23,1,27733
0,3,16,7,23,1,27736
0,3,17,7,23,1,27739
0,3,18,7,23,1,27742
0,3,19,7,23,1,27745
0,3,20,7,23,1,27748
0,3,21,7,23,1,27751
0,3,22,7,23,1,27754
0,3,23,7,23,1,27757
0,3,1,8,23,1,27760
0,3,2,8,23,1,27763
0,3,3,8,23,1,27766
0,3,4,8,23,1,27769
0,3,5,8,23,1,27772
0,3,6,8,23,1,27775
0,3,7,8,23,1,27778
0,3,8,8,23,1,27781
0,3,9,8,23,1,27784
0,3,10,8,23,1,27787
0,3,11,8,23,1,27790
0,3,12,8,23,1,27793
0,3,13,8,23,1,27796
0,3,14,8,23,1,27799
0,3,15,8,23,1,27802
0,3,16,8,23,1,27805
0,3,17,8,23,1,27808
0,3,18,8,23,1,27811
0,3,19,8,23,1,27814
0,3,20,8,23,1,27817
0,3,21,8,23,1,27820
0,3,22,8,23,1,27823
0,3,23,8,23,1,27826
0,3,0,9,23,1,27829
0,3,1,9,23,1,27832
0,3,2,9,23,1,27835
0,3,3,9,23,1,27838
0,3,4,9,23,1,27841
0,3,5,9,23,1,27844
0,3,6,9,23,1,27847
0,3,7,9,23,1,27850
0,3,8,9,23,1,27853
0,3,9,9,23,1,27856
0,3,10,9,23,1,27859
0,3,11,9,23,1,27862
0,3,12,9,23,1,27865
0,3,13,9,23,1,27868
0,3,14,9,23,1,27871
0,3,15,9,23,1,27874
0,3,16,9,23,1,27877
0,3,17,9,23,1,27880
0,3,18,9,23,1,27883
0,3,19,9,23,1,27886
0,3,20,9,23,1,27889
0,3,21,9,23,1,27892
0,3,22,9,23,1,27895
0,3,23,9,23,1,27898
0,3,0,10,23,1,27901
0,3,1,10,23,1,27904
0,3,2,10,23,1,27907
0,3,3,10,23,1,27910
0,3,4,10,23,1,27913
0,3,5,10,23,1,27916
0,3,6,10,23,1,27919
0,3,7,10,23,1,27922
0,3,8,10,23,1,27925
0,3,9,10,23,1,27928
0,3,10,10,23,1,27931
0,3,11,10,23,1,27934
0,3,12,10,23,1,27937
0,3,13,10,23,1,27940
0,3,14,10,23,1,27943
0,3,15,10,23,1,27946
0,3,16,10,23,1,27949
0,3,17,10,23,1,27952
0,3,18,10,23,1,27955
0,3,19,10,23,1,27958
0,3,20,10,23,1,27961
0,3,21,10,23,1,27964
0,3,22,10,23,1,27967
0,3,23,10,23,1,27970
0,3,0,11,23,1,27973
0,3,1,11,23,1,27976
0,3,2,11,23,1,27979
0,3,3,11,23,1,27982
0,3,4,11,23,1,27985
0,3,5,11,23,1,27988
0,3,6,11,23,1,27991
0,3,7,11,23,1,27994
0,3,8,11,23,1,27997
0,3,9,11,23,1,28000
0,3,10,11,23,1,28003
0,3,11,11,23,1,28006
0,3,12,11,23,1,28009
0,3,13,11,23,1,28012
0,3,14,11,23,1,28015
0,3,15,11,23,1,28018
0,3,16,11,23,1,28021
0,3,17,11,23,1,28024
0,3,18,11,23,1,28027
0,3,19,11,23,1,28030
0,3,20,11,23,1,28033
0,3,21,11,23,1,28036
0,3,22,11,23,1,28039
0,3,23,11,23,1,28042
0,3,0,12,23,1,28045
0,3,1,12,23,1,28048
0,3,2,12,23,1,28051
0,3,3,12,23,1,28054
0,3,4,12,23,1,28057
0,3,5,12,23,1,28060
0,3,6,12,23,1,28063
0,3,7,12,23,1,28066
0,3,8,12,23,1,28069
0,3,9,12,23,1,28072
0,3,10,12,23,1,28075
0,3,11,12,23,1,28078
0,3,12,12,23,1,28081
0,3,13,12,23,1,28084
0,3,14,12,23,1,28087
0,3,15,12,23,1,28090
0,3,16,12,23,1,28093
0,3,17,12,23,1,28096
0,3,18,12,23,1,28099
0,3,19,12,23,1,28102
0,3,20,12,23,1,28105
0,3,21,12,23,1,28108
0,3,22,12,23,1,28111
0,3,23,12,23,1,28114
0,3,0,13,23,1,28117
0,3,1,13,23,1,28120
0,3,2,13,23,1,28123
0,3,3,13,23,1,28126
0,3,4,13,23,1,28129
0,3,5,13,23,1,28132
0,3,6,13,23,1,28135
0,3,7,13,23,1,28138
0,3,8,13,23,1,28141
0,3,9,13,23,1,28144
0,3,10,13,23,1,28147
0,3,11,13,23,1,28150
0,3,12,13,23,1,28153
0,3,13,13,23,1,28156
0,3,14,13,23,1,28159
0,3,15,13,23,1,28162
0,3,16,13,23,1,28165
0,3,17,13,23,1,28168
0,3,18,13,23,1,28171
0,3,19,13,23,1,28174
0,3,20,13,23,1,28177
0,3,21,13,23,1,28180
0,3,22,13,23,1,28183
0,3,23,13,23,1,28186
0,3,0,0,23,2,28189
0,3,1,0,23,2,28192
0,3,2,0,23,2,28195
0,3,3,0,23,2,28198
0,3,4,0,23,2,28201
0,3,5,0,23,2,28204
0,3,6,0,23,2,28207
0,3,7,0,23,2,28210
0,3,8,0,23,2,28213
0,3,9,0,23,2,28216
0,3,10,0,23,2,28219
0,3,11,0,23,2,28222
0,3,12,0,23,2,28225
0,3,13,0,23,2,28228
0,3,14,0,23,2,28231
0,3,15,0,23,2,28234
0,3,16,0,23,2,28237
0,3,17,0,23,2,28240
0,3,18,0,23,2,28243
0,3,19,0,23,2,28246
0,3,20,0,23,2,28249
0,3,21,0,23,2,28252
0,3,22,0,23,2,28255
0,3,23,0,23,2,28258
0,3,0,1,23,2,28261
0,3,1,1,23,2,28264
0,3,2,1,23,2,28267
0,3,3,1,23,2,28270
0,3,4,1,23,2,28273
0,3,5,1,23,2,28276
0,3,6,1,23,2,28279
0,3,7,1,23,2,28282
0,3,8,1,23,2,28285
0,3,9,1,23,2,28288
0,3,10,1,23,2,28291
0,3,11,1,23,2,28294
0,3,12,1,23,2,28297
0,3,13,1,23,2,28300
0,3,14,1,23,2,28303
0,3,15,1,23,2,28306
0,3,16,1,23,2,28309
0,3,17,1,23,2,28312
0,3,18,1,23,2,28315
0,3,19,1,23,2,28318
0,3,20,1,23,2,28321
0,3,21,1,23,2,28324
0,3,22,1,23,2,28327
0,3,23,1,23,2,28330
0,3,0,2,23,2,28333
0,3,1,2,23,2,28336
0,3,2,2,23,2,28339
0,3,3,2,23,2,28342
0,3,4,2,23,2,28345
0,3,5,2,23,2,28348
0,3,6,2,23,2,28351
0,3,7,2,23,2,28354
0,3,8,2,23,2,28357
0,3,9,2,23,2,28360
0,3,10,2,23,2,28363
0,3,11,2,23,2,28366
0,3,12,2,23,2,28369
0,3,13,2,23,2,28372
0,3,14,2,23,2,28375
0,3,15,2,23,2,28378
0,3,16,2,23,2,28381
0,3,17,2,23,2,28384
0,3,18,2,23,2,28387
0,3,19,2,23,2,28390
0,3,20,2,23,2,28393
0,3,21,2,23,2,28396
0,3,22,2,23,2,28399
0,3,1,3,23,2,28402
0,3,2,3,23,2,28405
0,3,3,3,23,2,28408
0,3,4,3,23,2,28411
0,3,5,3,23,2,28414
0,3,6,3,23,2,28417
0,3,7,3,23,2,28420
0,3,8,3,23,2,28423
0,3,9,3,23,2,28426
0,3,10,3,23,2,28429
0,3,11,3,23,2,28432
0,3,12,3,23,2,28435
0,3,13,3,23,2,28438
0,3,14,3,23,2,28441
0,3,15,3,23,2,28444
0,3,16,3,23,2,28447
0,3,17,3,23,2,28450
0,3,18,3,23,2,28453
0,3,19,3,23,2,28456
0,3,20,3,23,2,28459
0,3,21,3,23,2,28462
0,3,22,3,23,2,28465
0,3,1,4,23,2,28468
0,3,2,4,23,2,28471
0,3,3,4,23,2,28474
0,3,4,4,23,2,28477
0,3,5,4,23,2,28480
0,3,6,4,23,2,28483
0,3,7,4,23,2,28486
0,3,8,4,23,2,28489
0,3,9,4,23,2,28492
0,3,10,4,23,2,28495
0,3,11,4,23,2,28498
0,3,12,4,23,2,28501
0,3,13,4,23,2,28504
0,3,14,4,23,2,28507
0,3,15,4,23,2,28510
0,3,16,4,23,2,28513
0,3,17,4,23,2,28516
0,3,18,4,23,2,28519
0,3,19,4,23,2,28522
0,3,20,4,23,2,28525
0,3,21,4,23,2,28528
0,3,22,4,23,2,28531
0,3,1,5,23,2,28534
0,3,2,5,23,2,28537
0,3,3,5,23,2,28540
0,3,4,5,23,2,28543
0,3,5,5,23,2,28546
0,3,6,5,23,2,28549
0,3,7,5,23,2,28552
0,3,8,5,23,2,28555
0,3,9,5,23,2,28558
0,3,10,5,23,2,28561
0,3,11,5,23,2,28564
0,3,12,5,23,2,28567
0,3,13,5,23,2,28570
0,3,14,5,23,2,28573
0,3,15,5,23,2,28576
0,3,16,5,23,2,28579
0,3,17,5,23,2,28582
0,3,18,5,23,2,28585
0,3,19,5,23,2,28588
0,3,20,5,23,2,28591
0,3,21,5,23,2,28594
0,3,22,5,23,2,28597
0,3,1,6,23,2,28600
0,3,2,6,23,2,28603
0,3,3,6,23,2,28606
0,3,4,6,23,2,28609
0,3,5,6,23,2,28612
0,3,6,6,23,2,28615
0,3,7,6,23,2,28618
0,3,8,6,23,2,28621
0,3,9,6,23,2,28624
0,3,10,6,23,2,28627
0,3,11,6,23,2,28630
0,3,12,6,23,2,28633
0,3,13,6,23,2,28636
0,3,14,6,23,2,28639
0,3,15,6,23,2,28642
0,3,16,6,23,2,28645
0,3,17,6,23,2,28648
0,3,18,6,23,2,28651
0,3,19,6,23,2,28654
0,3,20,6,23,2,28657
0,3,21,6,23,2,28660
0,3,22,6,23,2,28663
0,3,1,7,23,2,28666
0,3,2,7,23,2,28669
0,3,3,7,23,2,28672
0,3,4,7,23,2,28675
0,3,5,7,23,2,28678
0,3,6,7,23,2,28681
0,3,7,7,23,2,28684
0,3,8,7,23,2,28687
0,3,9,7,23,2,28690
0,3,10,7,23,2,28693
0,3,11,7,23,2,28696
0,3,12,7,23,2,28699
0,3,13,7,23,2,28702
0,3,14,7,23,2,28705
0,3,15,7,23,2,28708
0,3,16,7,23,2,28711
0,3,17,7,23,2,28714
0,3,18,7,23,2,28717
0,3,19,7,23,2,28720
0,3,20,7,23,2,28723
0,3,21,7,23,2,28726
0,3,22,7,23,2,28729
0,3,1,8,23,2,28732
0,3,2,8,23,2,28735
0,3,3,8,23,2,28738
0,3,4,8,23,2,28741
0,3,5,8,23,2,28744
0,3,6,8,23,2,28747
0,3,7,8,23,2,28750
0,3,8,8,23,2,28753
0,3,9,8,23,2,28756
0,3,10,8,23,2,28759
0,3,11,8,23,2,28762
0,3,12,8,23,2,28765
0,3,13,8,23,2,28768
0,3,14,8,23,2,28771
0,3,15,8,23,2,28774
0,3,16,8,23,2,28777
0,3,17,8,23,2,28780
0,3,18,8,23,2,28783
0,3,19,8,23,2,28786
0,3,20,8,23,2,28789
0,3,21,8,23,2,28792
0,3,22,8,23,2,28795
0,3,23,8,23,2,28798
0,3,0,9,23,2,28801
0,3,1,9,23,2,28804
0,3,2,9,23,2,28807
0,3,3,9,23,2,28810
0,3,4,9,23,2,28813
0,3,5,9,23,2,28816
0,3,6,9,23,2,28819
0,3,7,9,23,2,28822
0,3,8,9,23,2,28825
0,3,9,9,23,2,28828
0,3,10,9,23,2,28831
0,3,11,9,23,2,28834
0,3,12,9,23,2,28837
0,3,13,9,23,2,28840
0,3,14,9,23,2,28843
0,3,15,9,23,2,28846
0,3,16,9,23,2,28849
0,3,17,9,23,2,28852
0,3,18,9,23,2,28855
0,3,19,9,23,2,28858
0,3,20,9,23,2,28861
0,3,21,9,23,2,28864
0,3,22,9,23,2,28867
0,3,23,9,23,2,28870
0,3,0,10,23,2,28873
0,3,1,10,23,2,28876
0,3,2,10,23,2,28879
0,3,3,10,23,2,28882
0,3,4,10,23,2,28885
0,3,5,10,23,2,28888
0,3,6,10,23,2,28891
0,3,7,10,23,2,28894
0,3,8,10,23,2,28897
0,3,9,10,23,2,28900
0,3,10,10,23,2,28903
0,3,11,10,23,2,28906
0,3,12,10,23,2,28909
0,3,13,10,23,2,28912
0,3,14,10,23,2,28915
0,3,15,10,23,2,28918
0,3,16,10,23,2,28921
0,3,17,10,23,2,28924
0,3,18,10,23,2,28927
0,3,19,10,23,2,28930
0,3,20,10,23,2,28933
0,3,21,10,23,2,28936
0,3,22,10,23,2,28939
0,3,23,10,23,2,28942
0,3,0,11,23,2,28945
0,3,1,11,23,2,28948
0,3,2,11,23,2,28951
0,3,3,11,23,2,28954
0,3,4,11,23,2,28957
0,3,5,11,23,2,28960
0,3,6,11,23,2,28963
0,3,7,11,23,2,28966
0,3,8,11,23,2,28969
0,3,9,11,23,2,28972
0,3,10,11,23,2,28975
0,3,11,11,23,2,28978
0,3,12,11,23,2,28981
0,3,13,11,23,2,28984
0,3,14,11,23,2,28987
0,3,15,11,23,2,28990
0,3,16,11,23,2,28993
0,3,17,11,23,2,28996
0,3,18,11,23,2,28999
0,3,19,11,23,2,29002
0,3,20,11,23,2,29005
0,3,21,11,23,2,29008
0,3,22,11,23,2,29011
0,3,23,11,23,2,29014
0,3,0,12,23,2,29017
0,3,1,12,23,2,29020
0,3,2,12,23,2,29023
0,3,3,12,23,2,29026
0,3,4,12,23,2,29029
0,3,5,12,23,2,29032
0,3,6,12,23,2,29035
0,3,7,12,23,2,29038
0,3,8,12,23,2,29041
0,3,9,12,23,2,29044
0,3,10,12,23,2,29047
0,3,11,12,23,2,29050
0,3,12,12,23,2,29053
0,3,13,12,23,2,29056
0,3,14,12,23,2,29059
0,3,15,12,23,2,29062
0,3,16,12,23,2,29065
0,3,17,12,23,2,29068
0,3,18,12,23,2,29071
0,3,19,12,23,2,29074
0,3,20,12,23,2,29077
0,3,21,12,23,2,29080
0,3,22,12,23,2,29083
0,3,23,12,23,2,29086
0,3,0,13,23,2,29089
0,3,1,13,23,2,29092
0,3,2,13,23,2,29095
0,3,3,13,23,2,29098
0,3,4,13,23,2,29101
0,3,5,13,23,2,29104
0,3,6,13,23,2,29107
0,3,7,13,23,2,29110
0,3,8,13,23,2,29113
0,3,9,13,23,2,29116
0,3,10,13,23,2,29119
0,3,11,13,23,2,29122
0,3,12,13,23,2,29125
0,3,13,13,23,2,29128
0,3,14,13,23,2,29131
0,3,15,13,23,2,29134
0,3,16,13,23,2,29137
0,3,17,13,23,2,29140
0,3,18,13,23,2,29143
0,3,19,13,23,2,29146
0,3,20,13,23,2,29149
0,3,21,13,23,2,29152
0,3,22,13,23,2,29155
0,3,23,13,23,2,29158
0,3,0,0,23,3,29161
0,3,1,0,23,3,29164
0,3,2,0,23,3,29167
0,3,3,0,23,3,29170
0,3,4,0,23,3,29173
0,3,5,0,23,3,29176
0,3,6,0,23,3,29179
0,3,7,0,23,3,29182
0,3,8,0,23,3,29185
0,3,9,0,23,3,29188
0,3,10,0,23,3,29191
0,3,11,0,23,3,29194
0,3,12,0,23,3,29197
0,3,13,0,23,3,29200
0,3,14,0,23,3,29203
0,3,15,0,23,3,29206
0,3,16,0,23,3,29209
0,3,17,0,23,3,29212
0,3,18,0,23,3,29215
0,3,19,0,23,3,29218
0,3,20,0,23,3,29221
0,3,21,0,23,3,29224
0,3,22,0,23,3,29227
0,3,23,0,23,3,29230
0,3,0,1,23,3,29233
0,3,1,1,23,3,29236
0,3,2,1,23,3,29239
0,3,3,1,23,3,29242
0,3,4,1,23,3,29245
0,3,5,1,23,3,29248
0,3,6,1,23,3,29251
0,3,7,1,23,3,29254
0,3,8,1,23,3,29257
0,3,9,1,23,3,29260
0,3,10,1,23,3,29263
0,3,11,1,23,3,29266
0,3,12,1,23,3,29269
0,3,13,1,23,3,29272
0,3,14,1,23,3,29275
0,3,15,1,23,3,29278
0,3,16,1,23,3,29281
0,3,17,1,23,3,29284
0,3,18,1,23,3,29287
0,3,19,1,23,3,29290
0,3,20,1,23,3,29293
0,3,21,1,23,3,29296
0,3,22,1,23,3,29299
0,3,23,1,23,3,29302
0,3,0,2,23,3,29305
0,3,1,2,23,3,29308
0,3,2,2,23,3,29311
0,3,3,2,23,3,29314
0,3,4,2,23,3,29317
0,3,5,2,23,3,29320
0,3,6,2,23,3,29323
0,3,7,2,23,3,29326
0,3,8,2,23,3,29329
0,3,9,2,23,3,29332
0,3,10,2,23,3,29335
0,3,11,2,23,3,29338
0,3,12,2,23,3,29341
0,3,13,2,23,3,29344
0,3,14,2,23,3,29347
0,3,15,2,23,3,29350
0,3,16,2,23,3,29353
0,3,17,2,23,3,29356
0,3,18,2,23,3,29359
0,3,19,2,23,3,29362
0,3,20,2,23,3,29365
0,3,21,2,23,3,29368
0,3,22,2,23,3,29371
0,3,23,2,23,3,29374
0,3,1,3,23,3,29377
0,3,2,3,23,3,29380
0,3,3,3,23,3,29383
0,3,4,3,23,3,29386
0,3,5,3,23,3,29389
0,3,6,3,23,3,29392
0,3,7,3,23,3,29395
0,3,8,3,23,3,29398
0,3,9,3,23,3,29401
0,3,10,3,23,3,29404
0,3,11,3,23,3,29407
0,3,12,3,23,3,29410
0,3,13,3,23,3,29413
0,3,14,3,23,3,29416
0,3,15,3,23,3,29419
0,3,16,3,23,3,29422
0,3,17,3,23,3,29425
0,3,18,3,23,3,29428
0,3,19,3,23,3,29431
0,3,20,3,23,3,29434
0,3,21,3,23,3,29437
0,3,22,3,23,3,29440
0,3,1,4,23,3,29443
0,3,2,4,23,3,29446
0,3,3,4,23,3,29449
0,3,4,4,23,3,29452
0,3,5,4,23,3,29455
0,3,6,4,23,3,29458
0,3,7,4,23,3,29461
0,3,8,4,23,3,29464
0,3,9,4,23,3,29467
0,3,10,4,23,3,29470
0,3,11,4,23,3,29473
0,3,12,4,23,3,29476
0,3,13,4,23,3,29479
0,3,14,4,23,3,29482
0,3,15,4,23,3,29485
0,3,16,4,23,3,29488
0,3,17,4,23,3,29491
0,3,18,4,23,3,29494
0,3,19,4,23,3,29497
0,3,20,4,23,3,29500
0,3,21,4,23,3,29503
0,3,22,4,23,3,29506
0,3,1,5,23,3,29509
0,3,2,5,23,3,29512
0,3,3,5,23,3,29515
0,3,4,5,23,3,29518
0,3,5,5,23,3,29521
0,3,6,5,23,3,29524
0,3,7,5,23,3,29527
0,3,8,5,23,3,29530
0,3,9,5,23,3,29533
0,3,10,5,23,3,29536
0,3,11,5,23,3,29539
0,3,12,5,23,3,29542
0,3,13,5,23,3,29545
0,3,14,5,23,3,29548
0,3,15,5,23,3,29551
0,3,16,5,23,3,29554
0,3,17,5,23,3,29557
0,3,18,5,23,3,29560
0,3,19,5,23,3,29563
0,3,20,5,23,3,29566
0,3,21,5,23,3,29569
0,3,22,5,23,3,29572
0,3,1,6,23,3,29575
0,3,2,6,23,3,29578
0,3,3,6,23,3,29581
0,3,4,6,23,3,29584
0,3,5,6,23,3,29587
0,3,6,6,23,3,29590
0,3,7,6,23,3,29593
0,3,8,6,23,3,29596
0,3,9,6,23,3,29599
0,3,10,6,23,3,29602
0,3,11,6,23,3,29605
0,3,12,6,23,3,29608
0,3,13,6,23,3,29611
0,3,14,6,23,3,29614
0,3,15,6,23,3,29617
0,3,16,6,23,3,29620
0,3,17,6,23,3,29623
0,3,18,6,23,3,29626
0,3,19,6,23,3,29629
0,3,20,6,23,3,29632
0,3,21,6,23,3,29635
0,3,22,6,23,3,29638
0,3,1,7,23,3,29641
0,3,2,7,23,3,29644
0,3,3,7,23,3,29647
0,3,4,7,23,3,29650
0,3,5,7,23,3,29653
0,3,6,7,23,3,29656
0,3,7,7,23,3,29659
0,3,8,7,23,3,29662
0,3,9,7,23,3,29665
0,3,10,7,23,3,29668
0,3,11,7,23,3,29671
0,3,12,7,23,3,29674
0,3,13,7,23,3,29677
0,3,14,7,23,3,29680
0,3,15,7,23,3,29683
0,3,16,7,23,3,29686
0,3,17,7,23,3,29689
0,3,18,7,23,3,29692
0,3,19,7,23,3,29695
0,3,20,7,23,3,29698
0,3,21,7,23,3,29701
0,3,22,7,23,3,29704
0,3,1,8,23,3,29707
0,3,2,8,23,3,29710
0,3,3,8,23,3,29713
0,3,4,8,23,3,29716
0,3,5,8,23,3,29719
0,3,6,8,23,3,29722
0,3,7,8,23,3,29725
0,3,8,8,23,3,29728
0,3,9,8,23,3,29731
0,3,10,8,23,3,29734
0,3,11,8,23,3,29737
0,3,12,8,23,3,29740
0,3,13,8,23,3,29743
0,3,14,8,23,3,29746
0,3,15,8,23,3,29749
0,3,16,8,23,3,29752
0,3,17,8,23,3,29755
0,3,18,8,23,3,29758
0,3,19,8,23,3,29761
0,3,20,8,23,3,29764
0,3,21,8,23,3,29767
0,3,22,8,23,3,29770
0,3,0,9,23,3,29773
0,3,1,9,23,3,29776
0,3,2,9,23,3,29779
0,3,3,9,23,3,29782
0,3,4,9,23,3,29785
0,3,5,9,23,3,29788
0,3,6,9,23,3,29791
0,3,7,9,23,3,29794
0,3,8,9,23,3,29797
0,3,9,9,23,3,29800
0,3,10,9,23,3,29803
0,3,11,9,23,3,29806
0,3,12,9,23,3,29809
0,3,13,9,23,3,29812
0,3,14,9,23,3,29815
0,3,15,9,23,3,29818
0,3,16,9,23,3,29821
0,3,17,9,23,3,29824
0,3,18,9,23,3,29827
0,3,19,9,23,3,29830
0,3,20,9,23,3,29833
0,3,21,9,23,3,29836
0,3,22,9,23,3,29839
0,3,23,9,23,3,29842
0,3,0,10,23,3,29845
0,3,1,10,23,3,29848
0,3,2,10,23,3,29851
0,3,3,10,23,3,29854
0,3,4,10,23,3,29857
0,3,5,10,23,3,29860
0,3,6,10,23,3,29863
0,3,7,10,23,3,29866
0,3,8,10,23,3,29869
0,3,9,10,23,3,29872
0,3,10,10,23,3,29875
0,3,11,10,23,3,29878
0,3,12,10,23,3,29881
0,3,13,10,23,3,29884
0,3,14,10,23,3,29887
0,3,15,10,23,3,29890
0,3,16,10,23,3,29893
0,3,17,10,23,3,29896
0,3,18,10,23,3,29899
0,3,19,10,23,3,29902
0,3,20,10,23,3,29905
0,3,21,10,23,3,29908
0,3,22,10,23,3,29911
0,3,23,10,23,3,29914
0,3,0,11,23,3,29917
0,3,1,11,23,3,29920
0,3,2,11,23,3,29923
0,3,3,11,23,3,29926
0,3,4,11,23,3,29929
0,3,5,11,23,3,29932
0,3,6,11,23,3,29935
0,3,7,11,23,3,29938
0,3,8,11,23,3,29941
0,3,9,11,23,3,29944
0,3,10,11,23,3,29947
0,3,11,11,23,3,29950
0,3,12,11,23,3,29953
0,3,13,11,23,3,29956
0,3,14,11,23,3,29959
0,3,15,11,23,3,29962
0,3,16,11,23,3,29965
0,3,17,11,23,3,29968
0,3,18,11,23,3,29971
0,3,19,11,23,3,29974
0,3,20,11,23,3,29977
0,3,21,11,23,3,29980
0,3,22,11,23,3,29983
0,3,23,11,23,3,29986
0,3,0,12,23,3,29989
0,3,1,12,23,3,29992
0,3,2,12,23,3,29995
0,3,3,12,23,3,29998
0,3,4,12,23,3,30001
0,3,5,12,23,3,30004
0,3,6,12,23,3,30007
0,3,7,12,23,3,30010
0,3,8,12,23,3,30013
0,3,9,12,23,3,30016
0,3,10,12,23,3,30019
0,3,11,12,23,3,30022
0,3,12,12,23,3,30025
0,3,13,12,23,3,30028
0,3,14,12,23,3,30031
0,3,15,12,23,3,30034
0,3,16,12,23,3,30037
0,3,17,12,23,3,30040
0,3,18,12,23,3,30043
0,3,19,12,23,3,30046
0,3,20,12,23,3,30049
0,3,21,12,23,3,30052
0,3,22,12,23,3,30055
0,3,23,12,23,3,30058
0,3,0,13,23,3,30061
0,3,1,13,23,3,30064
0,3,2,13,23,3,30067
0,3,3,13,23,3,30070
0,3,4,13,23,3,30073
0,3,5,13,23,3,30076
0,3,6,13,23,3,30079
0,3,7,13,23,3,30082
0,3,8,13,23,3,30085
0,3,9,13,23,3,30088
0,3,10,13,23,3,30091
0,3,11,13,23,3,30094
0,3,12,13,23,3,30097
0,3,13,13,23,3,30100
0,3,14,13,23,3,30103
0,3,15,13,23,3,30106
0,3,16,13,23,3,30109
0,3,17,13,23,3,30112
0,3,18,13,23,3,30115
0,3,19,13,23,3,30118
0,3,20,13,23,3,30121
0,3,21,13,23,3,30124
0,3,22,13,23,3,30127
0,3,23,13,23,3,30130
0,3,0,0,23,4,30133
0,3,1,0,23,4,30136
0,3,2,0,23,4,30139
0,3,3,0,23,4,30142
0,3,4,0,23,4,30145
0,3,5,0,23,4,30148
0,3,6,0,23,4,30151
0,3,7,0,23,4,30154
0,3,8,0,23,4,30157
0,3,9,0,23,4,30160
0,3,10,0,23,4,30163
0,3,11,0,23,4,30166
0,3,12,0,23,4,30169
0,3,13,0,23,4,30172
0,3,14,0,23,4,30175
0,3,15,0,23,4,30178
0,3,16,0,23,4,30181
0,3,17,0,23,4,30184
0,3,18,0,23,4,30187
0,3,19,0,23,4,30190
0,3,20,0,23,4,30193
0,3,21,0,23,4,30196
0,3,22,0,23,4,30199
0,3,23,0,23,4,30202
0,3,0,1,23,4,30205
0,3,1,1,23,4,30208
0,3,2,1,23,4,30211
0,3,3,1,23,4,30214
0,3,4,1,23,4,30217
0,3,5,1,23,4,30220
0,3,6,1,23,4,30223
0,3,7,1,23,4,30226
0,3,8,1,23,4,30229
0,3,9,1,23,4,30232
0,3,10,1,23,4,30235
0,3,11,1,23,4,30238
0,3,12,1,23,4,30241
0,3,13,1,23,4,30244
0,3,14,1,23,4,30247
0,3,15,1,23,4,30250
0,3,16,1,23,4,30253
0,3,17,1,23,4,30256
0,3,18,1,23,4,30259
0,3,19,1,23,4,30262
0,3,20,1,23,4,30265
0,3,21,1,23,4,30268
0,3,22,1,23,4,30271
0,3,23,1,23,4,30274
0,3,0,2,23,4,30277
0,3,1,2,23,4,30280
0,3,2,2,23,4,30283
0,3,3,2,23,4,30286
0,3,4,2,23,4,30289
0,3,5,2,23,4,30292
0,3,6,2,23,4,30295
0,3,7,2,23,4,30298
0,3,8,2,23,4,30301
0,3,9,2,23,4,30304
0,3,10,2,23,4,30307
0,3,11,2,23,4,30310
0,3,12,2,23,4,30313
0,3,13,2,23,4,30316
0,3,14,2,23,4,30319
0,3,15,2,23,4,30322
0,3,16,2,23,4,30325
0,3,17,2,23,4,30328
0,3,18,2,23,4,30331
0,3,19,2,23,4,30334
0,3,20,2,23,4,30337
0,3,21,2,23,4,30340
0,3,22,2,23,4,30343
0,3,23,2,23,4,30346
0,3,1,3,23,4,30349
0,3,2,3,23,4,30352
0,3,3,3,23,4,30355
0,3,4,3,23,4,30358
0,3,5,3,23,4,30361
0,3,6,3,23,4,30364
0,3,7,3,23,4,30367
0,3,8,3,23,4,30370
0,3,9,3,23,4,30373
0,3,10,3,23,4,30376
0,3,11,3,23,4,30379
0,3,12,3,23,4,30382
0,3,13,3,23,4,30385
0,3,14,3,23,4,30388
0,3,15,3,23,4,30391
0,3,16,3,23,4,30394
0,3,17,3,23,4,30397
0,3,18,3,23,4,30400
0,3,19,3,23,4,30403
0,3,20,3,23,4,30406
0,3,21,3,23,4,30409
0,3,22,3,23,4,30412
0,3,23,3,23,4,30415
0,3,1,4,23,4,30418
0,3,2,4,23,4,30421
0,3,3,4,23,4,30424
0,3,4,4,23,4,30427
0,3,5,4,23,4,30430
0,3,6,4,23,4,30433
0,3,7,4,23,4,30436
0,3,8,4,23,4,30439
0,3,9,4,23,4,30442
0,3,10,4,23,4,30445
0,3,11,4,23,4,30448
0,3,12,4,23,4,30451
0,3,13,4,23,4,30454
0,3,14,4,23,4,30457
0,3,15,4,23,4,30460
0,3,16,4,23,4,30463
0,3,17,4,23,4,30466
0,3,18,4,23,4,30469
0,3,19,4,23,4,30472
0,3,20,4,23,4,30475
0,3,21,4,23,4,30478
0,3,22,4,23,4,30481
0,3,1,5,23,4,30484
0,3,2,5,23,4,30487
0,3,3,5,23,4,30490
0,3,4,5,23,4,30493
0,3,5,5,23,4,30496
0,3,6,5,23,4,30499
0,3,7,5,23,4,30502
0,3,8,5,23,4,30505
0,3,9,5,23,4,30508
0,3,10,5,23,4,30511
0,3,11,5,23,4,30514
0,3,12,5,23,4,30517
0,3,13,5,23,4,30520
0,3,14,5,23,4,30523
0,3,15,5,23,4,30526
0,3,16,5,23,4,30529
0,3,17,5,23,4,30532
0,3,18,5,23,4,30535
0,3,19,5,23,4,30538
0,3,20,5,23,4,30541
0,3,21,5,23,4,30544
0,3,22,5,23,4,30547
0,3,1,6,23,4,30550
0,3,2,6,23,4,30553
0,3,3,6,23,4,30556
0,3,4,6,23,4,30559
0,3,5,6,23,4,30562
0,3,6,6,23,4,30565
0,3,7,6,23,4,30568
0,3,8,6,23,4,30571
0,3,9,6,23,4,30574
0,3,10,6,23,4,30577
0,3,11,6,23,4,30580
0,3,12,6,23,4,30583
0,3,13,6,23,4,30586
0,3,14,6,23,4,30589
0,3,15,6,23,4,30592
0,3,16,6,23,4,30595
0,3,17,6,23,4,30598
0,3,18,6,23,4,30601
0,3,19,6,23,4,30604
0,3,20,6,23,4,30607
0,3,21,6,23,4,30610
0,3,22,6,23,4,30613
0,3,1,7,23,4,30616
0,3,2,7,23,4,30619
0,3,3,7,23,4,30622
0,3,4,7,23,4,30625
0,3,5,7,23,4,30628
0,3,6,7,23,4,30631
0,3,7,7,23,4,30634
0,3,8,7,23,4,30637
0,3,9,7,23,4,30640
0,3,10,7,23,4,30643
0,3,11,7,23,4,30646
0,3,12,7,23,4,30649
0,3,13,7,23,4,30652
0,3,14,7,23,4,30655
0,3,15,7,23,4,30658
0,3,16,7,23,4,30661
0,3,17,7,23,4,30664
0,3,18,7,23,4,30667
0,3,19,7,23,4,30670
0,3,20,7,23,4,30673
0,3,21,7,23,4,30676
0,3,22,7,23,4,30679
0,3,1,8,23,4,30682
0,3,2,8,23,4,30685
0,3,3,8,23,4,30688
0,3,4,8,23,4,30691
0,3,5,8,23,4,30694
0,3,6,8,23,4,30697
0,3,7,8,23,4,30700
0,3,8,8,23,4,30703
0,3,9,8,23,4,30706
0,3,10,8,23,4,30709
0,3,11,8,23,4,30712
0,3,12,8,23,4,30715
0,3,13,8,23,4,30718
0,3,14,8,23,4,30721
0,3,15,8,23,4,30724
0,3,16,8,23,4,30727
0,3,17,8,23,4,30730
0,3,18,8,23,4,30733
0,3,19,8,23,4,30736
0,3,20,8,23,4,30739
0,3,21,8,23,4,30742
0,3,22,8,23,4,30745
0,3,0,9,23,4,30748
0,3,1,9,23,4,30751
0,3,2,9,23,4,30754
0,3,3,9,23,4,30757
0,3,4,9,23,4,30760
0,3,5,9,23,4,30763
0,3,6,9,23,4,30766
0,3,7,9,23,4,30769
0,3,8,9,23,4,30772
0,3,9,9,23,4,30775
0,3,10,9,23,4,30778
0,3,11,9,23,4,30781
0,3,12,9,23,4,30784
0,3,13,9,23,4,30787
0,3,14,9,23,4,30790
0,3,15,9,23,4,30793
0,3,16,9,23,4,30796
0,3,17,9,23,4,30799
0,3,18,9,23,4,30802
0,3,19,9,23,4,30805
0,3,20,9,23,4,30808
0,3,21,9,23,4,30811
0,3,22,9,23,4,30814
0,3,0,10,23,4,30817
0,3,1,10,23,4,30820
0,3,2,10,23,4,30823
0,3,3,10,23,4,30826
0,3,4,10,23,4,30829
0,3,5,10,23,4,30832
0,3,6,10,23,4,30835
0,3,7,10,23,4,30838
0,3,8,10,23,4,30841
0,3,9,10,23,4,30844
0,3,10,10,23,4,30847
0,3,11,10,23,4,30850
0,3,12,10,23,4,30853
0,3,13,10,23,4,30856
0,3,14,10,23,4,30859
0,3,15,10,23,4,30862
0,3,16,10,23,4,30865
0,3,17,10,23,4,30868
0,3,18,10,23,4,30871
0,3,19,10,23,4,30874
0,3,20,10,23,4,30877
0,3,21,10,23,4,30880
0,3,22,10,23,4,30883
0,3,23,10,23,4,30886
0,3,0,11,23,4,30889
0,3,1,11,23,4,30892
0,3,2,11,23,4,30895
0,3,3,11,23,4,30898
0,3,4,11,23,4,30901
0,3,5,11,23,4,30904
0,3,6,11,23,4,30907
0,3,7,11,23,4,30910
0,3,8,11,23,4,30913
0,3,9,11,23,4,30916
0,3,10,11,23,4,30919
0,3,11,11,23,4,30922
0,3,12,11,23,4,30925
0,3,13,11,23,4,30928
0,3,14,11,23,4,30931
0,3,15,11,23,4,30934
0,3,16,11,23,4,30937
0,3,17,11,23,4,30940
0,3,18,11,23,4,30943
0,3,19,11,23,4,30946
0,3,20,11,23,4,30949
0,3,21,11,23,4,30952
0,3,22,11,23,4,30955
0,3,23,11,23,4,30958
0,3,0,12,23,4,30961
0,3,1,12,23,4,30964
0,3,2,12,23,4,30967
0,3,3,12,23,4,30970
0,3,4,12,23,4,30973
0,3,5,12,23,4,30976
0,3,6,12,23,4,30979
0,3,7,12,23,4,30982
0,3,8,12,23,4,30985
0,3,9,12,23,4,30988
0,3,10,12,23,4,30991
0,3,11,12,23,4,30994
0,3,12,12,23,4,30997
0,3,13,12,23,4,31000
0,3,14,12,23,4,31003
0,3,15,12,23,4,31006
0,3,16,12,23,4,31009
0,3,17,12,23,4,31012
0,3,18,12,23,4,31015
0,3,19,12,23,4,31018
0,3,20,12,23,4,31021
0,3,21,12,23,4,31024
0,3,22,12,23,4,31027
0,3,23,12,23,4,31030
0,3,0,13,23,4,31033
0,3,1,13,23,4,31036
0,3,2,13,23,4,31039
0,3,3,13,23,4,31042
0,3,4,13,23,4,31045
0,3,5,13,23,4,31048
0,3,6,13,23,4,31051
0,3,7,13,23,4,31054
0,3,8,13,23,4,31057
0,3,9,13,23,4,31060
0,3,10,13,23,4,31063
0,3,11,13,23,4,31066
0,3,12,13,23,4,31069
0,3,13,13,23,4,31072
0,3,14,13,23,4,31075
0,3,15,13,23,4,31078
0,3,16,13,23,4,31081
0,3,17,13,23,4,31084
0,3,18,13,23,4,31087
0,3,19,13,23,4,31090
0,3,20,13,23,4,31093
0,3,21,13,23,4,31096
0,3,22,13,23,4,31099
0,3,23,13,23,4,31102
0,3,0,0,23,5,31105
0,3,1,0,23,5,31108
0,3,2,0,23,5,31111
0,3,3,0,23,5,31114
0,3,4,0,23,5,31117
0,3,5,0,23,5,31120
0,3,6,0,23,5,31123
0,3,7,0,23,5,31126
0,3,8,0,23,5,31129
0,3,9,0,23,5,31132
0,3,10,0,23,5,31135
0,3,11,0,23,5,31138
0,3,12,0,23,5,31141
0,3,13,0,23,5,31144
0,3,14,0,23,5,31147
0,3,15,0,23,5,31150
0,3,16,0,23,5,31153
0,3,17,0,23,5,31156
0,3,18,0,23,5,31159
0,3,19,0,23,5,31162
0,3,20,0,23,5,31165
0,3,21,0,23,5,31168
0,3,22,0,23,5,31171
0,3,23,0,23,5,31174
0,3,0,1,23,5,31177
0,3,1,1,23,5,31180
0,3,2,1,23,5,31183
0,3,3,1,23,5,31186
0,3,4,1,23,5,31189
0,3,5,1,23,5,31192
0,3,6,1,23,5,31195
0,3,7,1,23,5,31198
0,3,8,1,23,5,31201
0,3,9,1,23,5,31204
0,3,10,1,23,5,31207
0,3,11,1,23,5,31210
0,3,12,1,23,5,31213
0,3,13,1,23,5,31216
0,3,14,1,23,5,31219
0,3,15,1,23,5,31222
0,3,16,1,23,5,31225
0,3,17,1,23,5,31228
0,3,18,1,23,5,31231
0,3,19,1,23,5,31234
0,3,20,1,23,5,31237
0,3,21,1,23,5,31240
0,3,22,1,23,5,31243
0,3,23,1,23,5,31246
0,3,0,2,23,5,31249
0,3,1,2,23,5,31252
0,3,2,2,23,5,31255
0,3,3,2,23,5,31258
0,3,4,2,23,5,31261
0,3,5,2,23,5,31264
0,3,6,2,23,5,31267
0,3,7,2,23,5,31270
0,3,8,2,23,5,31273
0,3,9,2,23,5,31276
0,3,10,2,23,5,31279
0,3,11,2,23,5,31282
0,3,12,2,23,5,31285
0,3,13,2,23,5,31288
0,3,14,2,23,5,31291
0,3,15,2,23,5,31294
0,3,16,2,23,5,31297
0,3,17,2,23,5,31300
0,3,18,2,23,5,31303
0,3,19,2,23,5,31306
0,3,20,2,23,5,31309
0,3,21,2,23,5,31312
0,3,22,2,23,5,31315
0,3,23,2,23,5,31318
0,3,1,3,23,5,31321
0,3,2,3,23,5,31324
0,3,3,3,23,5,31327
0,3,4,3,23,5,31330
0,3,5,3,23,5,31333
0,3,6,3,23,5,31336
0,3,7,3,23,5,31339
0,3,8,3,23,5,31342
0,3,9,3,23,5,31345
0,3,10,3,23,5,31348
0,3,11,3,23,5,31351
0,3,12,3,23,5,31354
0,3,13,3,23,5,31357
0,3,14,3,23,5,31360
0,3,15,3,23,5,31363
0,3,16,3,23,5,31366
0,3,17,3,23,5,31369
0,3,18,3,23,5,31372
0,3,19,3,23,5,31375
0,3,20,3,23,5,31378
0,3,21,3,23,5,31381
0,3,22,3,23,5,31384
0,3,23,3,23,5,31387
0,3,1,4,23,5,31390
0,3,2,4,23,5,31393
0,3,3,4,23,5,31396
0,3,4,4,23,5,31399
0,3,5,4,23,5,31402
0,3,6,4,23,5,31405
0,3,7,4,23,5,31408
0,3,8,4,23,5,31411
0,3,9,4,23,5,31414
0,3,10,4,23,5,31417
0,3,11,4,23,5,31420
0,3,12,4,23,5,31423
0,3,13,4,23,5,31426
0,3,14,4,23,5,31429
0,3,15,4,23,5,31432
0,3,16,4,23,5,31435
0,3,17,4,23,5,31438
0,3,18,4,23,5,31441
0,3,19,4,23,5,31444
0,3,20,4,23,5,31447
0,3,21,4,23,5,31450
0,3,22,4,23,5,31453
0,3,23,4,23,5,31456
0,3,1,5,23,5,31459
0,3,2,5,23,5,31462
0,3,3,5,23,5,31465
0,3,4,5,23,5,31468
0,3,5,5,23,5,31471
0,3,6,5,23,5,31474
0,3,7,5,23,5,31477
0,3,8,5,23,5,31480
0,3,9,5,23,5,31483
0,3,10,5,23,5,31486
0,3,11,5,23,5,31489
0,3,12,5,23,5,31492
0,3,13,5,23,5,31495
0,3,14,5,23,5,31498
0,3,15,5,23,5,31501
0,3,16,5,23,5,31504
0,3,17,5,23,5,31507
0,3,18,5,23,5,31510
0,3,19,5,23,5,31513
0,3,20,5,23,5,31516
0,3,21,5,23,5,31519
0,3,22,5,23,5,31522
0,3,1,6,23,5,31525
0,3,2,6,23,5,31528
0,3,3,6,23,5,31531
0,3,4,6,23,5,31534
0,3,5,6,23,5,31537
0,3,6,6,23,5,31540
0,3,7,6,23,5,31543
0,3,8,6,23,5,31546
0,3,9,6,23,5,31549
0,3,10,6,23,5,31552
0,3,11,6,23,5,31555
0,3,12,6,23,5,31558
0,3,13,6,23,5,31561
0,3,14,6,23,5,31564
0,3,15,6,23,5,31567
0,3,16,6,23,5,31570
0,3,17,6,23,5,31573
0,3,18,6,23,5,31576
0,3,19,6,23,5,31579
0,3,20,6,23,5,31582
0,3,21,6,23,5,31585
0,3,22,6,23,5,31588
0,3,1,7,23,5,31591
0,3,2,7,23,5,31594
0,3,3,7,23,5,31597
0,3,4,7,23,5,31600
0,3,5,7,23,5,31603
0,3,6,7,23,5,31606
0,3,7,7,23,5,31609
0,3,8,7,23,5,31612
0,3,9,7,23,5,31615
0,3,10,7,23,5,31618
0,3,11,7,23,5,31621
0,3,12,7,23,5,31624
0,3,13,7,23,5,31627
0,3,14,7,23,5,31630
0,3,15,7,23,5,31633
0,3,16,7,23,5,31636
0,3,17,7,23,5,31639
0,3,18,7,23,5,31642
0,3,19,7,23,5,31645
0,3,20,7,23,5,31648
0,3,21,7,23,5,31651
0,3,22,7,23,5,31654
0,3,1,8,23,5,31657
0,3,2,8,23,5,31660
0,3,3,8,23,5,31663
0,3,4,8,23,5,31666
0,3,5,8,23,5,31669
0,3,6,8,23,5,31672
0,3,7,8,23,5,31675
0,3,8,8,23,5,31678
0,3,9,8,23,5,31681
0,3,10,8,23,5,31684
0,3,11,8,23,5,31687
0,3,12,8,23,5,31690
0,3,13,8,23,5,31693
0,3,14,8,23,5,31696
0,3,15,8,23,5,31699
0,3,16,8,23,5,31702
0,3,17,8,23,5,31705
0,3,18,8,23,5,31708
0,3,19,8,23,5,31711
0,3,20,8,23,5,31714
0,3,21,8,23,5,31717
0,3,22,8,23,5,31720
0,3,0,9,23,5,31723
0,3,1,9,23,5,31726
0,3,2,9,23,5,31729
0,3,3,9,23,5,31732
0,3,4,9,23,5,31735
0,3,5,9,23,5,31738
0,3,6,9,23,5,31741
0,3,7,9,23,5,31744
0,3,8,9,23,5,31747
0,3,9,9,23,5,31750
0,3,10,9,23,5,31753
0,3,11,9,23,5,31756
0,3,12,9,23,5,31759
0,3,13,9,23,5,31762
0,3,14,9,23,5,31765
0,3,15,9,23,5,31768
0,3,16,9,23,5,31771
0,3,17,9,23,5,31774
0,3,18,9,23,5,31777
0,3,19,9,23,5,31780
0,3,20,9,23,5,31783
0,3,21,9,23,5,31786
0,3,22,9,23,5,31789
0,3,0,10,23,5,31792
0,3,1,10,23,5,31795
0,3,2,10,23,5,31798
0,3,3,10,23,5,31801
0,3,4,10,23,5,31804
0,3,5,10,23,5,31807
0,3,6,10,23,5,31810
0,3,7,10,23,5,31813
0,3,8,10,23,5,31816
0,3,9,10,23,5,31819
0,3,10,10,23,5,31822
0,3,11,10,23,5,31825
0,3,12,10,23,5,31828
0,3,13,10,23,5,31831
0,3,14,10,23,5,31834
0,3,15,10,23,5,31837
0,3,16,10,23,5,31840
0,3,17,10,23,5,31843
0,3,18,10,23,5,31846
0,3,19,10,23,5,31849
0,3,20,10,23,5,31852
0,3,21,10,23,5,31855
0,3,22,10,23,5,31858
0,3,0,11,23,5,31861
0,3,1,11,23,5,31864
0,3,2,11,23,5,31867
0,3,3,11,23,5,31870
0,3,4,11,23,5,31873
0,3,5,11,23,5,31876
0,3,6,11,23,5,31879
0,3,7,11,23,5,31882
0,3,8,11,23,5,31885
0,3,9,11,23,5,31888
0,3,10,11,23,5,31891
0,3,11,11,23,5,31894
0,3,12,11,23,5,31897
0,3,13,11,23,5,31900
0,3,14,11,23,5,31903
0,3,15,11,23,5,31906
0,3,16,11,23,5,31909
0,3,17,11,23,5,31912
0,3,18,11,23,5,31915
0,3,19,11,23,5,31918
0,3,20,11,23,5,31921
0,3,21,11,23,5,31924
0,3,22,11,23,5,31927
0,3,23,11,23,5,31930
0,3,0,12,23,5,31933
0,3,1,12,23,5,31936
0,3,2,12,23,5,31939
0,3,3,12,23,5,31942
0,3,4,12,23,5,31945
0,3,5,12,23,5,31948
0,3,6,12,23,5,31951
0,3,7,12,23,5,31954
0,3,8,12,23,5,31957
0,3,9,12,23,5,31960
0,3,10,12,23,5,31963
0,3,11,12,23,5,31966
0,3,12,12,23,5,31969
0,3,13,12,23,5,31972
0,3,14,12,23,5,31975
0,3,15,12,23,5,31978
0,3,16,12,23,5,31981
0,3,17,12,23,5,31984
0,3,18,12,23,5,31987
0,3,19,12,23,5,31990
0,3,20,12,23,5,31993
0,3,21,12,23,5,31996
0,3,22,12,23,5,31999
0,3,23,12,23,5,32002
0,3,0,13,23,5,32005
0,3,1,13,23,5,32008
0,3,2,13,23,5,32011
0,3,3,13,23,5,32014
0,3,4,13,23,5,32017
0,3,5,13,23,5,32020
0,3,6,13,23,5,32023
0,3,7,13,23,5,32026
0,3,8,13,23,5,32029
0,3,9,13,23,5,32032
0,3,10,13,23,5,32035
0,3,11,13,23,5,32038
0,3,12,13,23,5,32041
0,3,13,13,23,5,32044
0,3,14,13,23,5,32047
0,3,15,13,23,5,32050
0,3,16,13,23,5,32053
0,3,17,13,23,5,32056
0,3,18,13,23,5,32059
0,3,19,13,23,5,32062
0,3,20,13,23,5,32065
0,3,21,13,23,5,32068
0,3,22,13,23,5,32071
0,3,23,13,23,5,32074
0,3,0,0,23,6,32077
0,3,1,0,23,6,32080
0,3,2,0,23,6,32083
0,3,3,0,23,6,32086
0,3,4,0,23,6,32089
0,3,5,0,23,6,32092
0,3,6,0,23,6,32095
0,3,7,0,23,6,32098
0,3,8,0,23,6,32101
0,3,9,0,23,6,32104
0,3,10,0,23,6,32107
0,3,11,0,23,6,32110
0,3,12,0,23,6,32113
0,3,13,0,23,6,32116
0,3,14,0,23,6,32119
0,3,15,0,23,6,32122
0,3,16,0,23,6,32125
0,3,17,0,23,6,32128
0,3,18,0,23,6,32131
0,3,19,0,23,6,32134
0,3,20,0,23,6,32137
0,3,21,0,23,6,32140
0,3,22,0,23,6,32143
0,3,23,0,23,6,32146
0,3,0,1,23,6,32149
0,3,1,1,23,6,32152
0,3,2,1,23,6,32155
0,3,3,1,23,6,32158
0,3,4,1,23,6,32161
0,3,5,1,23,6,32164
0,3,6,1,23,6,32167
0,3,7,1,23,6,32170
0,3,8,1,23,6,32173
0,3,9,1,23,6,32176
0,3,10,1,23,6,32179
0,3,11,1,23,6,32182
0,3,12,1,23,6,32185
0,3,13,1,23,6,32188
0,3,14,1,23,6,32191
0,3,15,1,23,6,32194
0,3,16,1,23,6,32197
0,3,17,1,23,6,32200
0,3,18,1,23,6,32203
0,3,19,1,23,6,32206
0,3,20,1,23,6,32209
0,3,21,1,23,6,32212
0,3,22,1,23,6,32215
0,3,23,1,23,6,32218
0,3,0,2,23,6,32221
0,3,1,2,23,6,32224
0,3,2,2,23,6,32227
0,3,3,2,23,6,32230
0,3,4,2,23,6,32233
0,3,5,2,23,6,32236
0,3,6,2,23,6,32239
0,3,7,2,23,6,32242
0,3,8,2,23,6,32245
0,3,9,2,23,6,32248
0,3,10,2,23,6,32251
0,3,11,2,23,6,32254
0,3,12,2,23,6,32257
0,3,13,2,23,6,32260
0,3,14,2,23,6,32263
0,3,15,2,23,6,32266
0,3,16,2,23,6,32269
0,3,17,2,23,6,32272
0,3,18,2,23,6,32275
0,3,19,2,23,6,32278
0,3,20,2,23,6,32281
0,3,21,2,23,6,32284
0,3,22,2,23,6,32287
0,3,23,2,23,6,32290
0,3,1,3,23,6,32293
0,3,2,3,23,6,32296
0,3,3,3,23,6,32299
0,3,4,3,23,6,32302
0,3,5,3,23,6,32305
0,3,6,3,23,6,32308
0,3,7,3,23,6,32311
0,3,8,3,23,6,32314
0,3,9,3,23,6,32317
0,3,10,3,23,6,32320
0,3,11,3,23,6,32323
0,3,12,3,23,6,32326
0,3,13,3,23,6,32329
0,3,14,3,23,6,32332
0,3,15,3,23,6,32335
0,3,16,3,23,6,32338
0,3,17,3,23,6,32341
0,3,18,3,23,6,32344
0,3,19,3,23,6,32347
0,3,20,3,23,6,32350
0,3,21,3,23,6,32353
0,3,22,3,23,6,32356
0,3,23,3,23,6,32359
0,3,1,4,23,6,32362
0,3,2,4,23,6,32365
0,3,3,4,23,6,32368
0,3,4,4,23,6,32371
0,3,5,4,23,6,32374
0,3,6,4,23,6,32377
0,3,7,4,23,6,32380
0,3,8,4,23,6,32383
0,3,9,4,23,6,32386
0,3,10,4,23,6,32389
0,3,11,4,23,6,32392
0,3,12,4,23,6,32395
0,3,13,4,23,6,32398
0,3,14,4,23,6,32401
0,3,15,4,23,6,32404
0,3,16,4,23,6,32407
0,3,17,4,23,6,32410
0,3,18,4,23,6,32413
0,3,19,4,23,6,32416
0,3,20,4,23,6,32419
0,3,21,4,23,6,32422
0,3,22,4,23,6,32425
0,3,23,4,23,6,32428
0,3,1,5,23,6,32431
0,3,2,5,23,6,32434
0,3,3,5,23,6,32437
0,3,4,5,23,6,32440
0,3,5,5,23,6,32443
0,3,6,5,23,6,32446
0,3,7,5,23,6,32449
0,3,8,5,23,6,32452
0,3,9,5,23,6,32455
0,3,10,5,23,6,32458
0,3,11,5,23,6,32461
0,3,12,5,23,6,32464
0,3,13,5,23,6,32467
0,3,14,5,23,6,32470
0,3,15,5,23,6,32473
0,3,16,5,23,6,32476
0,3,17,5,23,6,32479
0,3,18,5,23,6,32482
0,3,19,5,23,6,32485
0,3,20,5,23,6,32488
0,3,21,5,23,6,32491
0,3,22,5,23,6,32494
0,3,23,5,23,6,32497
0,3,1,6,23,6,32500
0,3,2,6,23,6,32503
0,3,3,6,23,6,32506
0,3,4,6,23,6,32509
0,3,5,6,23,6,32512
0,3,6,6,23,6,32515
0,3,7,6,23,6,32518
0,3,8,6,23,6,32521
0,3,9,6,23,6,32524
0,3,10,6,23,6,32527
0,3,11,6,23,6,32530
0,3,12,6,23,6,32533
0,3,13,6,23,6,32536
0,3,14,6,23,6,32539
0,3,15,6,23,6,32542
0,3,16,6,23,6,32545
0,3,17,6,23,6,32548
0,3,18,6,23,6,32551
0,3,19,6,23,6,32554
0,3,20,6,23,6,32557
0,3,21,6,23,6,32560
0,3,22,6,23,6,32563
0,3,1,7,23,6,32566
0,3,2,7,23,6,32569
0,3,3,7,23,6,32572
0,3,4,7,23,6,32575
0,3,5,7,23,6,32578
0,3,6,7,23,6,32581
0,3,7,7,23,6,32584
0,3,8,7,23,6,32587
0,3,9,7,23,6,32590
0,3,10,7,23,6,32593
0,3,11,7,23,6,32596
0,3,12,7,23,6,32599
0,3,13,7,23,6,32602
0,3,14,7,23,6,32605
0,3,15,7,23,6,32608
0,3,16,7,23,6,32611
0,3,17,7,23,6,32614
0,3,18,7,23,6,32617
0,3,19,7,23,6,32620
0,3,20,7,23,6,32623
0,3,21,7,23,6,32626
0,3,22,7,23,6,32629
0,3,1,8,23,6,32632
0,3,2,8,23,6,32635
0,3,3,8,23,6,32638
0,3,4,8,23,6,32641
0,3,5,8,23,6,32644
0,3,6,8,23,6,32647
0,3,7,8,23,6,32650
0,3,8,8,23,6,32653
0,3,9,8,23,6,32656
0,3,10,8,23,6,32659
0,3,11,8,23,6,32662
0,3,12,8,23,6,32665
0,3,13,8,23,6,32668
0,3,14,8,23,6,32671
0,3,15,8,23,6,32674
0,3,16,8,23,6,32677
0,3,17,8,23,6,32680
0,3,18,8,23,6,32683
0,3,19,8,23,6,32686
0,3,20,8,23,6,32689
0,3,21,8,23,6,32692
0,3,22,8,23,6,32695
0,3,0,9,23,6,32698
0,3,1,9,23,6,32701
0,3,2,9,23,6,32704
0,3,3,9,23,6,32707
0,3,4,9,23,6,32710
0,3,5,9,23,6,32713
0,3,6,9,23,6,32716
0,3,7,9,23,6,32719
0,3,8,9,23,6,32722
0,3,9,9,23,6,32725
0,3,10,9,23,6,32728
0,3,11,9,23,6,32731
0,3,12,9,23,6,32734
0,3,13,9,23,6,32737
0,3,14,9,23,6,32740
0,3,15,9,23,6,32743
0,3,16,9,23,6,32746
0,3,17,9,23,6,32749
0,3,18,9,23,6,32752
0,3,19,9,23,6,32755
0,3,20,9,23,6,32758
0,3,21,9,23,6,32761
0,3,22,9,23,6,32764
0,3,0,10,23,6,32767
0,3,1,10,23,6,32770
0,3,2,10,23,6,32773
0,3,3,10,23,6,32776
0,3,4,10,23,6,32779
0,3,5,10,23,6,32782
0,3,6,10,23,6,32785
0,3,7,10,23,6,32788
0,3,8,10,23,6,32791
0,3,9,10,23,6,32794
0,3,10,10,23,6,32797
0,3,11,10,23,6,32800
0,3,12,10,23,6,32803
0,3,13,10,23,6,32806
0,3,14,10,23,6,32809
0,3,15,10,23,6,32812
0,3,16,10,23,6,32815
0,3,17,10,23,6,32818
0,3,18,10,23,6,32821
0,3,19,10,23,6,32824
0,3,20,10,23,6,32827
0,3,21,10,23,6,32830
0,3,22,10,23,6,32833
0,3,0,11,23,6,32836
0,3,1,11,23,6,32839
0,3,2,11,23,6,32842
0,3,3,11,23,6,32845
0,3,4,11,23,6,32848
0,3,5,11,23,6,32851
0,3,6,11,23,6,32854
0,3,7,11,23,6,32857
0,3,8,11,23,6,32860
0,3,9,11,23,6,32863
0,3,10,11,23,6,32866
0,3,11,11,23,6,32869
0,3,12,11,23,6,32872
0,3,13,11,23,6,32875
0,3,14,11,23,6,32878
0,3,15,11,23,6,32881
0,3,16,11,23,6,32884
0,3,17,11,23,6,32887
0,3,18,11,23,6,32890
0,3,19,11,23,6,32893
0,3,20,11,23,6,32896
0,3,21,11,23,6,32899
0,3,22,11,23,6,32902
0,3,0,12,23,6,32905
0,3,1,12,23,6,32908
0,3,2,12,23,6,32911
0,3,3,12,23,6,32914
0,3,4,12,23,6,32917
0,3,5,12,23,6,32920
0,3,6,12,23,6,32923
0,3,7,12,23,6,32926
0,3,8,12,23,6,32929
0,3,9,12,23,6,32932
0,3,10,12,23,6,32935
0,3,11,12,23,6,32938
0,3,12,12,23,6,32941
0,3,13,12,23,6,32944
0,3,14,12,23,6,32947
0,3,15,12,23,6,32950
0,3,16,12,23,6,32953
0,3,17,12,23,6,32956
0,3,18,12,23,6,32959
0,3,19,12,23,6,32962
0,3,20,12,23,6,32965
0,3,21,12,23,6,32968
0,3,22,12,23,6,32971
0,3,23,12,23,6,32974
0,3,0,13,23,6,32977
0,3,1,13,23,6,32980
0,3,2,13,23,6,32983
0,3,3,13,23,6,32986
0,3,4,13,23,6,32989
0,3,5,13,23,6,32992
0,3,6,13,23,6,32995
0,3,7,13,23,6,32998
0,3,8,13,23,6,33001
0,3,9,13,23,6,33004
0,3,10,13,23,6,33007
0,3,11,13,23,6,33010
0,3,12,13,23,6,33013
0,3,13,13,23,6,33016
0,3,14,13,23,6,33019
0,3,15,13,23,6,33022
0,3,16,13,23,6,33025
0,3,17,13,23,6,33028
0,3,18,13,23,6,33031
0,3,19,13,23,6,33034
0,3,20,13,23,6,33037
0,3,21,13,23,6,33040
0,3,22,13,23,6,33043
0,3,23,13,23,6,33046
0,3,0,0,23,7,33049
0,3,1,0,23,7,33052
0,3,2,0,23,7,33055
0,3,3,0,23,7,33058
0,3,4,0,23,7,33061
0,3,5,0,23,7,33064
0,3,6,0,23,7,33067
0,3,7,0,23,7,33070
0,3,8,0,23,7,33073
0,3,9,0,23,7,33076
0,3,10,0,23,7,33079
0,3,11,0,23,7,33082
0,3,12,0,23,7,33085
0,3,13,0,23,7,33088
0,3,14,0,23,7,33091
0,3,15,0,23,7,33094
0,3,16,0,23,7,33097
0,3,17,0,23,7,33100
0,3,18,0,23,7,33103
0,3,19,0,23,7,33106
0,3,20,0,23,7,33109
0,3,21,0,23,7,33112
0,3,22,0,23,7,33115
0,3,23,0,23,7,33118
0,3,0,1,23,7,33121
0,3,1,1,23,7,33124
0,3,2,1,23,7,33127
0,3,3,1,23,7,33130
0,3,4,1,23,7,33133
0,3,5,1,23,7,33136
0,3,6,1,23,7,33139
0,3,7,1,23,7,33142
0,3,8,1,23,7,33145
0,3,9,1,23,7,33148
0,3,10,1,23,7,33151
0,3,11,1,23,7,33154
0,3,12,1,23,7,33157
0,3,13,1,23,7,33160
0,3,14,1,23,7,33163
0,3,15,1,23,7,33166
0,3,16,1,23,7,33169
0,3,17,1,23,7,33172
0,3,18,1,23,7,33175
0,3,19,1,23,7,33178
0,3,20,1,23,7,33181
0,3,21,1,23,7,33184
0,3,22,1,23,7,33187
0,3,23,1,23,7,33190
0,3,0,2,23,7,33193
0,3,1,2,23,7,33196
0,3,2,2,23,7,33199
0,3,3,2,23,7,33202
0,3,4,2,23,7,33205
0,3,5,2,23,7,33208
0,3,6,2,23,7,33211
0,3,7,2,23,7,33214
0,3,8,2,23,7,33217
0,3,9,2,23,7,33220
0,3,10,2,23,7,33223
0,3,11,2,23,7,33226
0,3,12,2,23,7,33229
0,3,13,2,23,7,33232
0,3,14,2,23,7,33235
0,3,15,2,23,7,33238
0,3,16,2,23,7,33241
0,3,17,2,23,7,33244
0,3,18,2,23,7,33247
0,3,19,2,23,7,33250
0,3,20,2,23,7,33253
0,3,21,2,23,7,33256
0,3,22,2,23,7,33259
0,3,23,2,23,7,33262
0,3,1,3,23,7,33265
0,3,2,3,23,7,33268
0,3,3,3,23,7,33271
0,3,4,3,23,7,33274
0,3,5,3,23,7,33277
0,3,6,3,23,7,33280
0,3,7,3,23,7,33283
0,3,8,3,23,7,33286
0,3,9,3,23,7,33289
0,3,10,3,23,7,33292
0,3,11,3,23,7,33295
0,3,12,3,23,7,33298
0,3,13,3,23,7,33301
0,3,14,3,23,7,33304
0,3,15,3,23,7,33307
0,3,16,3,23,7,33310
0,3,17,3,23,7,33313
0,3,18,3,23,7,33316
0,3,19,3,23,7,33319
0,3,20,3,23,7,33322
0,3,21,3,23,7,33325
0,3,22,3,23,7,33328
0,3,23,3,23,7,33331
0,3,1,4,23,7,33334
0,3,2,4,23,7,33337
0,3,3,4,23,7,33340
0,3,4,4,23,7,33343
0,3,5,4,23,7,33346
0,3,6,4,23,7,33349
0,3,7,4,23,7,33352
0,3,8,4,23,7,33355
0,3,9,4,23,7,33358
0,3,10,4,23,7,33361
0,3,11,4,23,7,33364
0,3,12,4,23,7,33367
0,3,13,4,23,7,33370
0,3,14,4,23,7,33373
0,3,15,4,23,7,33376
0,3,16,4,23,7,33379
0,3,17,4,23,7,33382
0,3,18,4,23,7,33385
0,3,19,4,23,7,33388
0,3,20,4,23,7,33391
0,3,21,4,23,7,33394
0,3,22,4,23,7,33397
0,3,23,4,23,7,33400
0,3,1,5,23,7,33403
0,3,2,5,23,7,33406
0,3,3,5,23,7,33409
0,3,4,5,23,7,33412
0,3,5,5,23,7,33415
0,3,6,5,23,7,33418
0,3,7,5,23,7,33421
0,3,8,5,23,7,33424
0,3,9,5,23,7,33427
0,3,10,5,23,7,33430
0,3,11,5,23,7,33433
0,3,12,5,23,7,33436
0,3,13,5,23,7,33439
0,3,14,5,23,7,33442
0,3,15,5,23,7,33445
0,3,16,5,23,7,33448
0,3,17,5,23,7,33451
0,3,18,5,23,7,33454
0,3,19,5,23,7,33457
0,3,20,5,23,7,33460
0,3,21,5,23,7,33463
0,3,22,5,23,7,33466
0,3,23,5,23,7,33469
0,3,1,6,23,7,33472
0,3,2,6,23,7,33475
0,3,3,6,23,7,33478
0,3,4,6,23,7,33481
0,3,5,6,23,7,33484
0,3,6,6,23,7,33487
0,3,7,6,23,7,33490
0,3,8,6,23,7,33493
0,3,9,6,23,7,33496
0,3,10,6,23,7,33499
0,3,11,6,23,7,33502
0,3,12,6,23,7,33505
0,3,13,6,23,7,33508
0,3,14,6,23,7,33511
0,3,15,6,23,7,33514
0,3,16,6,23,7,33517
0,3,17,6,23,7,33520
0,3,18,6,23,7,33523
0,3,19,6,23,7,33526
0,3,20,6,23,7,33529
0,3,21,6,23,7,33532
0,3,22,6,23,7,33535
0,3,23,6,23,7,33538
0,3,1,7,23,7,33541
0,3,2,7,23,7,33544
0,3,3,7,23,7,33547
0,3,4,7,23,7,33550
0,3,5,7,23,7,33553
0,3,6,7,23,7,33556
0,3,7,7,23,7,33559
0,3,8,7,23,7,33562
0,3,9,7,23,7,33565
0,3,10,7,23,7,33568
0,3,11,7,23,7,33571
0,3,12,7,23,7,33574
0,3,13,7,23,7,33577
0,3,14,7,23,7,33580
0,3,15,7,23,7,33583
0,3,16,7,23,7,33586
0,3,17,7,23,7,33589
0,3,18,7,23,7,33592
0,3,19,7,23,7,33595
0,3,20,7,23,7,33598
0,3,21,7,23,7,33601
0,3,22,7,23,7,33604
0,3,1,8,23,7,33607
0,3,2,8,23,7,33610
0,3,3,8,23,7,33613
0,3,4,8,23,7,33616
0,3,5,8,23,7,33619
0,3,6,8,23,7,33622
0,3,7,8,23,7,33625
0,3,8,8,23,7,33628
0,3,9,8,23,7,33631
0,3,10,8,23,7,33634
0,3,11,8,23,7,33637
0,3,12,8,23,7,33640
0,3,13,8,23,7,33643
0,3,14,8,23,7,33646
0,3,15,8,23,7,33649
0,3,16,8,23,7,33652
0,3,17,8,23,7,33655
0,3,18,8,23,7,33658
0,3,19,8,23,7,33661
0,3,20,8,23,7,33664
0,3,21,8,23,7,33667
0,3,22,8,23,7,33670
0,3,0,9,23,7,33673
0,3,1,9,23,7,33676
0,3,2,9,23,7,33679
0,3,3,9,23,7,33682
0,3,4,9,23,7,33685
0,3,5,9,23,7,33688
0,3,6,9,23,7,33691
0,3,7,9,23,7,33694
0,3,8,9,23,7,33697
0,3,9,9,23,7,33700
0,3,10,9,23,7,33703
0,3,11,9,23,7,33706
0,3,12,9,23,7,33709
0,3,13,9,23,7,33712
0,3,14,9,23,7,33715
0,3,15,9,23,7,33718
0,3,16,9,23,7,33721
0,3,17,9,23,7,33724
0,3,18,9,23,7,33727
0,3,19,9,23,7,33730
0,3,20,9,23,7,33733
0,3,21,9,23,7,33736
0,3,22,9,23,7,33739
0,3,0,10,23,7,33742
0,3,1,10,23,7,33745
0,3,2,10,23,7,33748
0,3,3,10,23,7,33751
0,3,4,10,23,7,33754
0,3,5,10,23,7,33757
0,3,6,10,23,7,33760
0,3,7,10,23,7,33763
0,3,8,10,23,7,33766
0,3,9,10,23,7,33769
0,3,10,10,23,7,33772
0,3,11,10,23,7,33775
0,3,12,10,23,7,33778
0,3,13,10,23,7,33781
0,3,14,10,23,7,33784
0,3,15,10,23,7,33787
0,3,16,10,23,7,33790
0,3,17,10,23,7,33793
0,3,18,10,23,7,33796
0,3,19,10,23,7,33799
0,3,20,10,23,7,33802
0,3,21,10,23,7,33805
0,3,22,10,23,7,33808
0,3,0,11,23,7,33811
0,3,1,11,23,7,33814
0,3,2,11,23,7,33817
0,3,3,11,23,7,33820
0,3,4,11,23,7,33823
0,3,5,11,23,7,33826
0,3,6,11,23,7,33829
0,3,7,11,23,7,33832
0,3,8,11,23,7,33835
0,3,9,11,23,7,33838
0,3,10,11,23,7,33841
0,3,11,11,23,7,33844
0,3,12,11,23,7,33847
0,3,13,11,23,7,33850
0,3,14,11,23,7,33853
0,3,15,11,23,7,33856
0,3,16,11,23,7,33859
0,3,17,11,23,7,33862
0,3,18,11,23,7,33865
0,3,19,11,23,7,33868
0,3,20,11,23,7,33871
0,3,21,11,23,7,33874
0,3,22,11,23,7,33877
0,3,0,12,23,7,33880
0,3,1,12,23,7,33883
0,3,2,12,23,7,33886
0,3,3,12,23,7,33889
0,3,4,12,23,7,33892
0,3,5,12,23,7,33895
0,3,6,12,23,7,33898
0,3,7,12,23,7,33901
0,3,8,12,23,7,33904
0,3,9,12,23,7,33907
0,3,10,12,23,7,33910
0,3,11,12,23,7,33913
0,3,12,12,23,7,33916
0,3,13,12,23,7,33919
0,3,14,12,23,7,33922
0,3,15,12,23,7,33925
0,3,16,12,23,7,33928
0,3,17,12,23,7,33931
0,3,18,12,23,7,33934
0,3,19,12,23,7,33937
0,3,20,12,23,7,33940
0,3,21,12,23,7,33943
0,3,22,12,23,7,33946
0,3,0,13,23,7,33949
0,3,1,13,23,7,33952
0,3,2,13,23,7,33955
0,3,3,13,23,7,33958
0,3,4,13,23,7,33961
0,3,5,13,23,7,33964
0,3,6,13,23,7,33967
0,3,7,13,23,7,33970
0,3,8,13,23,7,33973
0,3,9,13,23,7,33976
0,3,10,13,23,7,33979
0,3,11,13,23,7,33982
0,3,12,13,23,7,33985
0,3,13,13,23,7,33988
0,3,14,13,23,7,33991
0,3,15,13,23,7,33994
0,3,16,13,23,7,33997
0,3,17,13,23,7,34000
0,3,18,13,23,7,34003
0,3,19,13,23,7,34006
0,3,20,13,23,7,34009
0,3,21,13,23,7,34012
0,3,22,13,23,7,34015
0,3,23,13,23,7,34018
0,3,0,0,23,8,34021
0,3,1,0,23,8,34024
0,3,2,0,23,8,34027
0,3,3,0,23,8,34030
0,3,4,0,23,8,34033
0,3,5,0,23,8,34036
0,3,6,0,23,8,34039
0,3,7,0,23,8,34042
0,3,8,0,23,8,34045
0,3,9,0,23,8,34048
0,3,10,0,23,8,34051
0,3,11,0,23,8,34054
0,3,12,0,23,8,34057
0,3,13,0,23,8,34060
0,3,14,0,23,8,34063
0,3,15,0,23,8,34066
0,3,16,0,23,8,34069
0,3,17,0,23,8,34072
0,3,18,0,23,8,34075
0,3,19,0,23,8,34078
0,3,20,0,23,8,34081
0,3,21,0,23,8,34084
0,3,22,0,23,8,34087
0,3,23,0,23,8,34090
0,3,0,1,23,8,34093
0,3,1,1,23,8,34096
0,3,2,1,23,8,34099
0,3,3,1,23,8,34102
0,3,4,1,23,8,34105
0,3,5,1,23,8,34108
0,3,6,1,23,8,34111
0,3,7,1,23,8,34114
0,3,8,1,23,8,34117
0,3,9,1,23,8,34120
0,3,10,1,23,8,34123
0,3,11,1,23,8,34126
0,3,12,1,23,8,34129
0,3,13,1,23,8,34132
0,3,14,1,23,8,34135
0,3,15,1,23,8,34138
0,3,16,1,23,8,34141
0,3,17,1,23,8,34144
0,3,18,1,23,8,34147
0,3,19,1,23,8,34150
0,3,20,1,23,8,34153
0,3,21,1,23,8,34156
0,3,22,1,23,8,34159
0,3,23,1,23,8,34162
0,3,0,2,23,8,34165
0,3,1,2,23,8,34168
0,3,2,2,23,8,34171
0,3,3,2,23,8,34174
0,3,4,2,23,8,34177
0,3,5,2,23,8,34180
0,3,6,2,23,8,34183
0,3,7,2,23,8,34186
0,3,8,2,23,8,34189
0,3,9,2,23,8,34192
0,3,10,2,23,8,34195
0,3,11,2,23,8,34198
0,3,12,2,23,8,34201
0,3,13,2,23,8,34204
0,3,14,2,23,8,34207
0,3,15,2,23,8,34210
0,3,16,2,23,8,34213
0,3,17,2,23,8,34216
0,3,18,2,23,8,34219
0,3,19,2,23,8,34222
0,3,20,2,23,8,34225
0,3,21,2,23,8,34228
0,3,22,2,23,8,34231
0,3,23,2,23,8,34234
0,3,1,3,23,8,34237
0,3,2,3,23,8,34240
0,3,3,3,23,8,34243
0,3,4,3,23,8,34246
0,3,5,3,23,8,34249
0,3,6,3,23,8,34252
0,3,7,3,23,8,34255
0,3,8,3,23,8,34258
0,3,9,3,23,8,34261
0,3,10,3,23,8,34264
0,3,11,3,23,8,34267
0,3,12,3,23,8,34270
0,3,13,3,23,8,34273
0,3,14,3,23,8,34276
0,3,15,3,23,8,34279
0,3,16,3,23,8,34282
0,3,17,3,23,8,34285
0,3,18,3,23,8,34288
0,3,19,3,23,8,34291
0,3,20,3,23,8,34294
0,3,21,3,23,8,34297
0,3,22,3,23,8,34300
0,3,23,3,23,8,34303
0,3,1,4,23,8,34306
0,3,2,4,23,8,34309
0,3,3,4,23,8,34312
0,3,4,4,23,8,34315
0,3,5,4,23,8,34318
0,3,6,4,23,8,34321
0,3,7,4,23,8,34324
0,3,8,4,23,8,34327
0,3,9,4,23,8,34330
0,3,10,4,23,8,34333
0,3,11,4,23,8,34336
0,3,12,4,23,8,34339
0,3,13,4,23,8,34342
0,3,14,4,23,8,34345
0,3,15,4,23,8,34348
0,3,16,4,23,8,34351
0,3,17,4,23,8,34354
0,3,18,4,23,8,34357
0,3,19,4,23,8,34360
0,3,20,4,23,8,34363
0,3,21,4,23,8,34366
0,3,22,4,23,8,34369
0,3,23,4,23,8,34372
0,3,1,5,23,8,34375
0,3,2,5,23,8,34378
0,3,3,5,23,8,34381
0,3,4,5,23,8,34384
0,3,5,5,23,8,34387
0,3,6,5,23,8,34390
0,3,7,5,23,8,34393
0,3,8,5,23,8,34396
0,3,9,5,23,8,34399
0,3,10,5,23,8,34402
0,3,11,5,23,8,34405
0,3,12,5,23,8,34408
0,3,13,5,23,8,34411
0,3,14,5,23,8,34414
0,3,15,5,23,8,34417
0,3,16,5,23,8,34420
0,3,17,5,23,8,34423
0,3,18,5,23,8,34426
0,3,19,5,23,8,34429
0,3,20,5,23,8,34432
0,3,21,5,23,8,34435
0,3,22,5,23,8,34438
0,3,23,5,23,8,34441
0,3,1,6,23,8,34444
0,3,2,6,23,8,34447
0,3,3,6,23,8,34450
0,3,4,6,23,8,34453
0,3,5,6,23,8,34456
0,3,6,6,23,8,34459
0,3,7,6,23,8,34462
0,3,8,6,23,8,34465
0,3,9,6,23,8,34468
0,3,10,6,23,8,34471
0,3,11,6,23,8,34474
0,3,12,6,23,8,34477
0,3,13,6,23,8,34480
0,3,14,6,23,8,34483
0,3,15,6,23,8,34486
0,3,16,6,23,8,34489
0,3,17,6,23,8,34492
0,3,18,6,23,8,34495
0,3,19,6,23,8,34498
0,3,20,6,23,8,34501
0,3,21,6,23,8,34504
0,3,22,6,23,8,34507
0,3,23,6,23,8,34510
0,3,1,7,23,8,34513
0,3,2,7,23,8,34516
0,3,3,7,23,8,34519
0,3,4,7,23,8,34522
0,3,5,7,23,8,34525
0,3,6,7,23,8,34528
0,3,7,7,23,8,34531
0,3,8,7,23,8,34534
0,3,9,7,23,8,34537
0,3,10,7,23,8,34540
0,3,11,7,23,8,34543
0,3,12,7,23,8,34546
0,3,13,7,23,8,34549
0,3,14,7,23,8,34552
0,3,15,7,23,8,34555
0,3,16,7,23,8,34558
0,3,17,7,23,8,34561
0,3,18,7,23,8,34564
0,3,19,7,23,8,34567
0,3,20,7,23,8,34570
0,3,21,7,23,8,34573
0,3,22,7,23,8,34576
0,3,23,7,23,8,34579
0,3,1,8,23,8,34582
0,3,2,8,23,8,34585
0,3,3,8,23,8,34588
0,3,4,8,23,8,34591
0,3,5,8,23,8,34594
0,3,6,8,23,8,34597
0,3,7,8,23,8,34600
0,3,8,8,23,8,34603
0,3,9,8,23,8,34606
0,3,10,8,23,8,34609
0,3,11,8,23,8,34612
0,3,12,8,23,8,34615
0,3,13,8,23,8,34618
0,3,14,8,23,8,34621
0,3,15,8,23,8,34624
0,3,16,8,23,8,34627
0,3,17,8,23,8,34630
0,3,18,8,23,8,34633
0,3,19,8,23,8,34636
0,3,20,8,23,8,34639
0,3,21,8,23,8,34642
0,3,22,8,23,8,34645
0,3,0,9,23,8,34648
0,3,1,9,23,8,34651
0,3,2,9,23,8,34654
0,3,3,9,23,8,34657
0,3,4,9,23,8,34660
0,3,5,9,23,8,34663
0,3,6,9,23,8,34666
0,3,7,9,23,8,34669
0,3,8,9,23,8,34672
0,3,9,9,23,8,34675
0,3,10,9,23,8,34678
0,3,11,9,23,8,34681
0,3,12,9,23,8,34684
0,3,13,9,23,8,34687
0,3,14,9,23,8,34690
0,3,15,9,23,8,34693
0,3,16,9,23,8,34696
0,3,17,9,23,8,34699
0,3,18,9,23,8,34702
0,3,19,9,23,8,34705
0,3,20,9,23,8,34708
0,3,21,9,23,8,34711
0,3,22,9,23,8,34714
0,3,0,10,23,8,34717
0,3,1,10,23,8,34720
0,3,2,10,23,8,34723
0,3,3,10,23,8,34726
0,3,4,10,23,8,34729
0,3,5,10,23,8,34732
0,3,6,10,23,8,34735
0,3,7,10,23,8,34738
0,3,8,10,23,8,34741
0,3,9,10,23,8,34744
0,3,10,10,23,8,34747
0,3,11,10,23,8,34750
0,3,12,10,23,8,34753
0,3,13,10,23,8,34756
0,3,14,10,23,8,34759
0,3,15,10,23,8,34762
0,3,16,10,23,8,34765
0,3,17,10,23,8,34768
0,3,18,10,23,8,34771
0,3,19,10,23,8,34774
0,3,20,10,23,8,34777
0,3,21,10,23,8,34780
0,3,22,10,23,8,34783
0,3,0,11,23,8,34786
0,3,1,11,23,8,34789
0,3,2,11,23,8,34792
0,3,3,11,23,8,34795
0,3,4,11,23,8,34798
0,3,5,11,23,8,34801
0,3,6,11,23,8,34804
0,3,7,11,23,8,34807
0,3,8,11,23,8,34810
0,3,9,11,23,8,34813
0,3,10,11,23,8,34816
0,3,11,11,23,8,34819
0,3,12,11,23,8,34822
0,3,13,11,23,8,34825
0,3,14,11,23,8,34828
0,3,15,11,23,8,34831
0,3,16,11,23,8,34834
0,3,17,11,23,8,34837
0,3,18,11,23,8,34840
0,3,19,11,23,8,34843
0,3,20,11,23,8,34846
0,3,21,11,23,8,34849
0,3,22,11,23,8,34852
0,3,0,12,23,8,34855
0,3,1,12,23,8,34858
0,3,2,12,23,8,34861
0,3,3,12,23,8,34864
0,3,4,12,23,8,34867
0,3,5,12,23,8,34870
0,3,6,12,23,8,34873
0,3,7,12,23,8,34876
0,3,8,12,23,8,34879
0,3,9,12,23,8,34882
0,3,10,12,23,8,34885
0,3,11,12,23,8,34888
0,3,12,12,23,8,34891
0,3,13,12,23,8,34894
0,3,14,12,23,8,34897
0,3,15,12,23,8,34900
0,3,16,12,23,8,34903
0,3,17,12,23,8,34906
0,3,18,12,23,8,34909
0,3,19,12,23,8,34912
0,3,20,12,23,8,34915
0,3,21,12,23,8,34918
0,3,22,12,23,8,34921
0,3,0,13,23,8,34924
0,3,1,13,23,8,34927
0,3,2,13,23,8,34930
0,3,3,13,23,8,34933
0,3,4,13,23,8,34936
0,3,5,13,23,8,34939
0,3,6,13,23,8,34942
0,3,7,13,23,8,34945
0,3,8,13,23,8,34948
0,3,9,13,23,8,34951
0,3,10,13,23,8,34954
0,3,11,13,23,8,34957
0,3,12,13,23,8,34960
0,3,13,13,23,8,34963
0,3,14,13,23,8,34966
0,3,15,13,23,8,34969
0,3,16,13,23,8,34972
0,3,17,13,23,8,34975
0,3,18,13,23,8,34978
0,3,19,13,23,8,34981
0,3,20,13,23,8,34984
0,3,21,13,23,8,34987
0,3,22,13,23,8,34990
0,4,0,0,23,0,34993
0,4,1,0,23,0,34996
0,4,2,0,23,0,34999
0,4,3,0,23,0,35002
0,4,4,0,23,0,35005
0,4,5,0,23,0,35008
0,4,6,0,23,0,35011
0,4,7,0,23,0,35014
0,4,8,0,23,0,35017
0,4,9,0,23,0,35020
0,4,10,0,23,0,35023
0,4,11,0,23,0,35026
0,4,12,0,23,0,35029
0,4,13,0,23,0,35032
0,4,14,0,23,0,35035
0,4,15,0,23,0,35038
0,4,16,0,23,0,35041
0,4,17,0,23,0,35044
0,4,18,0,23,0,35047
0,4,19,0,23,0,35050
0,4,20,0,23,0,35053
0,4,21,0,23,0,35056
0,4,22,0,23,0,35059
0,4,0,1,23,0,35062
0,4,1,1,23,0,35065
0,4,2,1,23,0,35068
0,4,3,1,23,0,35071
0,4,4,1,23,0,35074
0,4,5,1,23,0,35077
0,4,6,1,23,0,35080
0,4,7,1,23,0,35083
0,4,8,1,23,0,35086
0,4,9,1,23,0,35089
0,4,10,1,23,0,35092
0,4,11,1,23,0,35095
0,4,12,1,23,0,35098
0,4,13,1,23,0,35101
0,4,14,1,23,0,35104
0,4,15,1,23,0,35107
0,4,16,1,23,0,35110
0,4,17,1,23,0,35113
0,4,18,1,23,0,35116
0,4,19,1,23,0,35119
0,4,20,1,23,0,35122
0,4,21,1,23,0,35125
0,4,22,1,23,0,35128
0,4,0,2,23,0,35131
0,4,1,2,23,0,35134
0,4,2,2,23,0,35137
0,4,3,2,23,0,35140
0,4,4,2,23,0,35143
0,4,5,2,23,0,35146
0,4,6,2,23,0,35149
0,4,7,2,23,0,35152
0,4,8,2,23,0,35155
0,4,9,2,23,0,35158
0,4,10,2,23,0,35161
0,4,11,2,23,0,35164
0,4,12,2,23,0,35167
0,4,13,2,23,0,35170
0,4,14,2,23,0,35173
0,4,15,2,23,0,35176
0,4,16,2,23,0,35179
0,4,17,2,23,0,35182
0,4,18,2,23,0,35185
0,4,19,2,23,0,35188
0,4,20,2,23,0,35191
0,4,21,2,23,0,35194
0,4,22,2,23,0,35197
0,4,0,3,23,0,35200
0,4,1,3,23,0,35203
0,4,2,3,23,0,35206
0,4,3,3,23,0,35209
0,4,4,3,23,0,35212
0,4,5,3,23,0,35215
0,4,6,3,23,0,35218
0,4,7,3,23,0,35221
0,4,8,3,23,0,35224
0,4,9,3,23,0,35227
0,4,10,3,23,0,35230
0,4,11,3,23,0,35233
0,4,12,3,23,0,35236
0,4,13,3,23,0,35239
0,4,14,3,23,0,35242
0,4,15,3,23,0,35245
0,4,16,3,23,0,35248
0,4,17,3,23,0,35251
0,4,18,3,23,0,35254
0,4,19,3,23,0,35257
0,4,20,3,23,0,35260
0,4,21,3,23,0,35263
0,4,22,3,23,0,35266
0,4,1,4,23,0,35269
0,4,2,4,23,0,35272
0,4,3,4,23,0,35275
0,4,4,4,23,0,35278
0,4,5,4,23,0,35281
0,4,6,4,23,0,35284
0,4,7,4,23,0,35287
0,4,8,4,23,0,35290
0,4,9,4,23,0,35293
0,4,10,4,23,0,35296
0,4,11,4,23,0,35299
0,4,12,4,23,0,35302
0,4,13,4,23,0,35305
0,4,14,4,23,0,35308
0,4,15,4,23,0,35311
0,4,16,4,23,0,35314
0,4,17,4,23,0,35317
0,4,18,4,23,0,35320
0,4,19,4,23,0,35323
0,4,20,4,23,0,35326
0,4,21,4,23,0,35329
0,4,22,4,23,0,35332
0,4,1,5,23,0,35335
0,4,2,5,23,0,35338
0,4,3,5,23,0,35341
0,4,4,5,23,0,35344
0,4,5,5,23,0,35347
0,4,6,5,23,0,35350
0,4,7,5,23,0,35353
0,4,8,5,23,0,35356
0,4,9,5,23,0,35359
0,4,10,5,23,0,35362
0,4,11,5,23,0,35365
0,4,12,5,23,0,35368
0,4,13,5,23,0,35371
0,4,14,5,23,0,35374
0,4,15,5,23,0,35377
0,4,16,5,23,0,35380
0,4,17,5,23,0,35383
0,4,18,5,23,0,35386
0,4,19,5,23,0,35389
0,4,20,5,23,0,35392
0,4,21,5,23,0,35395
0,4,22,5,23,0,35398
0,4,1,6,23,0,35401
0,4,2,6,23,0,35404
0,4,3,6,23,0,35407
0,4,4,6,23,0,35410
0,4,5,6,23,0,35413
0,4,6,6,23,0,35416
0,4,7,6,23,0,35419
0,4,8,6,23,0,35422
0,4,9,6,23,0,35425
0,4,10,6,23,0,35428
0,4,11,6,23,0,35431
0,4,12,6,23,0,35434
0,4,13,6,23,0,35437
0,4,14,6,23,0,35440
0,4,15,6,23,0,35443
0,4,16,6,23,0,35446
0,4,17,6,23,0,35449
0,4,18,6,23,0,35452
0,4,19,6,23,0,35455
0,4,20,6,23,0,35458
0,4,21,6,23,0,35461
0,4,22,6,23,0,35464
0,4,23,6,23,0,35467
0,4,1,7,23,0,35470
0,4,2,7,23,0,35473
0,4,3,7,23,0,35476
0,4,4,7,23,0,35479
0,4,5,7,23,0,35482
0,4,6,7,23,0,35485
0,4,7,7,23,0,35488
0,4,8,7,23,0,35491
0,4,9,7,23,0,35494
0,4,10,7,23,0,35497
0,4,11,7,23,0,35500
0,4,12,7,23,0,35503
0,4,13,7,23,0,35506
0,4,14,7,23,0,35509
0,4,15,7,23,0,35512
0,4,16,7,23,0,35515
0,4,17,7,23,0,35518
0,4,18,7,23,0,35521
0,4,19,7,23,0,35524
0,4,20,7,23,0,35527
0,4,21,7,23,0,35530
0,4,22,7,23,0,35533
0,4,23,7,23,0,35536
0,4,1,8,23,0,35539
0,4,2,8,23,0,35542
0,4,3,8,23,0,35545
0,4,4,8,23,0,35548
0,4,5,8,23,0,35551
0,4,6,8,23,0,35554
0,4,7,8,23,0,35557
0,4,8,8,23,0,35560
0,4,9,8,23,0,35563
0,4,10,8,23,0,35566
0,4,11,8,23,0,35569
0,4,12,8,23,0,35572
0,4,13,8,23,0,35575
0,4,14,8,23,0,35578
0,4,15,8,23,0,35581
0,4,16,8,23,0,35584
0,4,17,8,23,0,35587
0,4,18,8,23,0,35590
0,4,19,8,23,0,35593
0,4,20,8,23,0,35596
0,4,21,8,23,0,35599
0,4,22,8,23,0,35602
0,4,23,8,23,0,35605
0,4,1,9,23,0,35608
0,4,2,9,23,0,35611
0,4,3,9,23,0,35614
0,4,4,9,23,0,35617
0,4,5,9,23,0,35620
0,4,6,9,23,0,35623
0,4,7,9,23,0,35626
0,4,8,9,23,0,35629
0,4,9,9,23,0,35632
0,4,10,9,23,0,35635
0,4,11,9,23,0,35638
0,4,12,9,23,0,35641
0,4,13,9,23,0,35644
0,4,14,9,23,0,35647
0,4,15,9,23,0,35650
0,4,16,9,23,0,35653
0,4,17,9,23,0,35656
0,4,18,9,23,0,35659
0,4,19,9,23,0,35662
0,4,20,9,23,0,35665
0,4,21,9,23,0,35668
0,4,22,9,23,0,35671
0,4,23,9,23,0,35674
0,4,0,10,23,0,35677
0,4,1,10,23,0,35680
0,4,2,10,23,0,35683
0,4,3,10,23,0,35686
0,4,4,10,23,0,35689
0,4,5,10,23,0,35692
0,4,6,10,23,0,35695
0,4,7,10,23,0,35698
0,4,8,10,23,0,35701
0,4,9,10,23,0,35704
0,4,10,10,23,0,35707
0,4,11,10,23,0,35710
0,4,12,10,23,0,35713
0,4,13,10,23,0,35716
0,4,14,10,23,0,35719
0,4,15,10,23,0,35722
0,4,16,10,23,0,35725
0,4,17,10,23,0,35728
0,4,18,10,23,0,35731
0,4,19,10,23,0,35734
0,4,20,10,23,0,35737
0,4,21,10,23,0,35740
0,4,22,10,23,0,35743
0,4,23,10,23,0,35746
0,4,0,11,23,0,35749
0,4,1,11,23,0,35752
0,4,2,11,23,0,35755
0,4,3,11,23,0,35758
0,4,4,11,23,0,35761
0,4,5,11,23,0,35764
0,4,6,11,23,0,35767
0,4,7,11,23,0,35770
0,4,8,11,23,0,35773
0,4,9,11,23,0,35776
0,4,10,11,23,0,35779
0,4,11,11,23,0,35782
0,4,12,11,23,0,35785
0,4,13,11,23,0,35788
0,4,14,11,23,0,35791
0,4,15,11,23,0,35794
0,4,16,11,23,0,35797
0,4,17,11,23,0,35800
0,4,18,11,23,0,35803
0,4,19,11,23,0,35806
0,4,20,11,23,0,35809
0,4,21,11,23,0,35812
0,4,22,11,23,0,35815
0,4,23,11,23,0,35818
0,4,0,12,23,0,35821
0,4,1,12,23,0,35824
0,4,2,12,23,0,35827
0,4,3,12,23,0,35830
0,4,4,12,23,0,35833
0,4,5,12,23,0,35836
0,4,6,12,23,0,35839
0,4,7,12,23,0,35842
0,4,8,12,23,0,35845
0,4,9,12,23,0,35848
0,4,10,12,23,0,35851
0,4,11,12,23,0,35854
0,4,12,12,23,0,35857
0,4,13,12,23,0,35860
0,4,14,12,23,0,35863
0,4,15,12,23,0,35866
0,4,16,12,23,0,35869
0,4,17,12,23,0,35872
0,4,18,12,23,0,35875
0,4,19,12,23,0,35878
0,4,20,12,23,0,35881
0,4,21,12,23,0,35884
0,4,22,12,23,0,35887
0,4,23,12,23,0,35890
0,4,0,13,23,0,35893
0,4,1,13,23,0,35896
0,4,2,13,23,0,35899
0,4,3,13,23,0,35902
0,4,4,13,23,0,35905
0,4,5,13,23,0,35908
0,4,6,13,23,0,35911
0,4,7,13,23,0,35914
0,4,8,13,23,0,35917
0,4,9,13,23,0,35920
0,4,10,13,23,0,35923
0,4,11,13,23,0,35926
0,4,12,13,23,0,35929
0,4,13,13,23,0,35932
0,4,14,13,23,0,35935
0,4,15,13,23,0,35938
0,4,16,13,23,0,35941
0,4,17,13,23,0,35944
0,4,18,13,23,0,35947
0,4,19,13,23,0,35950
0,4,20,13,23,0,35953
0,4,21,13,23,0,35956
0,4,22,13,23,0,35959
0,4,23,13,23,0,35962
0,4,0,0,23,1,35965
0,4,1,0,23,1,35968
0,4,2,0,23,1,35971
0,4,3,0,23,1,35974
0,4,4,0,23,1,35977
0,4,5,0,23,1,35980
0,4,6,0,23,1,35983
0,4,7,0,23,1,35986
0,4,8,0,23,1,35989
0,4,9,0,23,1,35992
0,4,10,0,23,1,35995
0,4,11,0,23,1,35998
0,4,12,0,23,1,36001
0,4,13,0,23,1,36004
0,4,14,0,23,1,36007
0,4,15,0,23,1,36010
0,4,16,0,23,1,36013
0,4,17,0,23,1,36016
0,4,18,0,23,1,36019
0,4,19,0,23,1,36022
0,4,20,0,23,1,36025
0,4,21,0,23,1,36028
0,4,22,0,23,1,36031
0,4,23,0,23,1,36034
0,4,0,1,23,1,36037
0,4,1,1,23,1,36040
0,4,2,1,23,1,36043
0,4,3,1,23,1,36046
0,4,4,1,23,1,36049
0,4,5,1,23,1,36052
0,4,6,1,23,1,36055
0,4,7,1,23,1,36058
0,4,8,1,23,1,36061
0,4,9,1,23,1,36064
0,4,10,1,23,1,36067
0,4,11,1,23,1,36070
0,4,12,1,23,1,36073
0,4,13,1,23,1,36076
0,4,14,1,23,1,36079
0,4,15,1,23,1,36082
0,4,16,1,23,1,36085
0,4,17,1,23,1,36088
0,4,18,1,23,1,36091
0,4,19,1,23,1,36094
0,4,20,1,23,1,36097
0,4,21,1,23,1,36100
0,4,22,1,23,1,36103
0,4,0,2,23,1,36106
0,4,1,2,23,1,36109
0,4,2,2,23,1,36112
0,4,3,2,23,1,36115
0,4,4,2,23,1,36118
0,4,5,2,23,1,36121
0,4,6,2,23,1,36124
0,4,7,2,23,1,36127
0,4,8,2,23,1,36130
0,4,9,2,23,1,36133
0,4,10,2,23,1,36136
0,4,11,2,23,1,36139
0,4,12,2,23,1,36142
0,4,13,2,23,1,36145
0,4,14,2,23,1,36148
0,4,15,2,23,1,36151
0,4,16,2,23,1,36154
0,4,17,2,23,1,36157
0,4,18,2,23,1,36160
0,4,19,2,23,1,36163
0,4,20,2,23,1,36166
0,4,21,2,23,1,36169
0,4,22,2,23,1,36172
0,4,0,3,23,1,36175
0,4,1,3,23,1,36178
0,4,2,3,23,1,36181
0,4,3,3,23,1,36184
0,4,4,3,23,1,36187
0,4,5,3,23,1,36190
0,4,6,3,23,1,36193
0,4,7,3,23,1,36196
0,4,8,3,23,1,36199
0,4,9,3,23,1,36202
0,4,10,3,23,1,36205
0,4,11,3,23,1,36208
0,4,12,3,23,1,36211
0,4,13,3,23,1,36214
0,4,14,3,23,1,36217
0,4,15,3,23,1,36220
0,4,16,3,23,1,36223
0,4,17,3,23,1,36226
0,4,18,3,23,1,36229
0,4,19,3,23,1,36232
0,4,20,3,23,1,36235
0,4,21,3,23,1,36238
0,4,22,3,23,1,36241
0,4,1,4,23,1,36244
0,4,2,4,23,1,36247
0,4,3,4,23,1,36250
0,4,4,4,23,1,36253
0,4,5,4,23,1,36256
0,4,6,4,23,1,36259
0,4,7,4,23,1,36262
0,4,8,4,23,1,36265
0,4,9,4,23,1,36268
0,4,10,4,23,1,36271
0,4,11,4,23,1,36274
0,4,12,4,23,1,36277
0,4,13,4,23,1,36280
0,4,14,4,23,1,36283
0,4,15,4,23,1,36286
0,4,16,4,23,1,36289
0,4,17,4,23,1,36292
0,4,18,4,23,1,36295
0,4,19,4,23,1,36298
0,4,20,4,23,1,36301
0,4,21,4,23,1,36304
0,4,22,4,23,1,36307
0,4,1,5,23,1,36310
0,4,2,5,23,1,36313
0,4,3,5,23,1,36316
0,4,4,5,23,1,36319
0,4,5,5,23,1,36322
0,4,6,5,23,1,36325
0,4,7,5,23,1,36328
0,4,8,5,23,1,36331
0,4,9,5,23,1,36334
0,4,10,5,23,1,36337
0,4,11,5,23,1,36340
0,4,12,5,23,1,36343
0,4,13,5,23,1,36346
0,4,14,5,23,1,36349
0,4,15,5,23,1,36352
0,4,16,5,23,1,36355
0,4,17,5,23,1,36358
0,4,18,5,23,1,36361
0,4,19,5,23,1,36364
0,4,20,5,23,1,36367
0,4,21,5,23,1,36370
0,4,22,5,23,1,36373
0,4,1,6,23,1,36376
0,4,2,6,23,1,36379
0,4,3,6,23,1,36382
0,4,4,6,23,1,36385
0,4,5,6,23,1,36388
0,4,6,6,23,1,36391
0,4,7,6,23,1,36394
0,4,8,6,23,1,36397
0,4,9,6,23,1,36400
0,4,10,6,23,1,36403
0,4,11,6,23,1,36406
0,4,12,6,23,1,36409
0,4,13,6,23,1,36412
0,4,14,6,23,1,36415
0,4,15,6,23,1,36418
0,4,16,6,23,1,36421
0,4,17,6,23,1,36424
0,4,18,6,23,1,36427
0,4,19,6,23,1,36430
0,4,20,6,23,1,36433
0,4,21,6,23,1,36436
0,4,22,6,23,1,36439
0,4,1,7,23,1,36442
0,4,2,7,23,1,36445
0,4,3,7,23,1,36448
0,4,4,7,23,1,36451
0,4,5,7,23,1,36454
0,4,6,7,23,1,36457
0,4,7,7,23,1,36460
0,4,8,7,23,1,36463
0,4,9,7,23,1,36466
0,4,10,7,23,1,36469
0,4,11,7,23,1,36472
0,4,12,7,23,1,36475
0,4,13,7,23,1,36478
0,4,14,7,23,1,36481
0,4,15,7,23,1,36484
0,4,16,7,23,1,36487
0,4,17,7,23,1,36490
0,4,18,7,23,1,36493
0,4,19,7,23,1,36496
0,4,20,7,23,1,36499
0,4,21,7,23,1,36502
0,4,22,7,23,1,36505
0,4,23,7,23,1,36508
0,4,1,8,23,1,36511
0,4,2,8,23,1,36514
0,4,3,8,23,1,36517
0,4,4,8,23,1,36520
0,4,5,8,23,1,36523
0,4,6,8,23,1,36526
0,4,7,8,23,1,36529
0,4,8,8,23,1,36532
0,4,9,8,23,1,36535
0,4,10,8,23,1,36538
0,4,11,8,23,1,36541
0,4,12,8,23,1,36544
0,4,13,8,23,1,36547
0,4,14,8,23,1,36550
0,4,15,8,23,1,36553
0,4,16,8,23,1,36556
0,4,17,8,23,1,36559
0,4,18,8,23,1,36562
0,4,19,8,23,1,36565
0,4,20,8,23,1,36568
0,4,21,8,23,1,36571
0,4,22,8,23,1,36574
0,4,23,8,23,1,36577
0,4,1,9,23,1,36580
0,4,2,9,23,1,36583
0,4,3,9,23,1,36586
0,4,4,9,23,1,36589
0,4,5,9,23,1,36592
0,4,6,9,23,1,36595
0,4,7,9,23,1,36598
0,4,8,9,23,1,36601
0,4,9,9,23,1,36604
0,4,10,9,23,1,36607
0,4,11,9,23,1,36610
0,4,12,9,23,1,36613
0,4,13,9,23,1,36616
0,4,14,9,23,1,36619
0,4,15,9,23,1,36622
0,4,16,9,23,1,36625
0,4,17,9,23,1,36628
0,4,18,9,23,1,36631
0,4,19,9,23,1,36634
0,4,20,9,23,1,36637
0,4,21,9,23,1,36640
0,4,22,9,23,1,36643
0,4,23,9,23,1,36646
0,4,0,10,23,1,36649
0,4,1,10,23,1,36652
0,4,2,10,23,1,36655
0,4,3,10,23,1,36658
0,4,4,10,23,1,36661
0,4,5,10,23,1,36664
0,4,6,10,23,1,36667
0,4,7,10,23,1,36670
0,4,8,10,23,1,36673
0,4,9,10,23,1,36676
0,4,10,10,23,1,36679
0,4,11,10,23,1,36682
0,4,12,10,23,1,36685
0,4,13,10,23,1,36688
0,4,14,10,23,1,36691
0,4,15,10,23,1,36694
0,4,16,10,23,1,36697
0,4,17,10,23,1,36700
0,4,18,10,23,1,36703
0,4,19,10,23,1,36706
0,4,20,10,23,1,36709
0,4,21,10,23,1,36712
0,4,22,10,23,1,36715
0,4,23,10,23,1,36718
0,4,0,11,23,1,36721
0,4,1,11,23,1,36724
0,4,2,11,23,1,36727
0,4,3,11,23,1,36730
0,4,4,11,23,1,36733
0,4,5,11,23,1,36736
0,4,6,11,23,1,36739
0,4,7,11,23,1,36742
0,4,8,11,23,1,36745
0,4,9,11,23,1,36748
0,4,10,11,23,1,36751
0,4,11,11,23,1,36754
0,4,12,11,23,1,36757
0,4,13,11,23,1,36760
0,4,14,11,23,1,36763
0,4,15,11,23,1,36766
0,4,16,11,23,1,36769
0,4,17,11,23,1,36772
0,4,18,11,23,1,36775
0,4,19,11,23,1,36778
0,4,20,11,23,1,36781
0,4,21,11,23,1,36784
0,4,22,11,23,1,36787
0,4,23,11,23,1,36790
0,4,0,12,23,1,36793
0,4,1,12,23,1,36796
0,4,2,12,23,1,36799
0,4,3,12,23,1,36802
0,4,4,12,23,1,36805
0,4,5,12,23,1,36808
0,4,6,12,23,1,36811
0,4,7,12,23,1,36814
0,4,8,12,23,1,36817
0,4,9,12,23,1,36820
0,4,10,12,23,1,36823
0,4,11,12,23,1,36826
0,4,12,12,23,1,36829
0,4,13,12,23,1,36832
0,4,14,12,23,1,36835
0,4,15,12,23,1,36838
0,4,16,12,23,1,36841
0,4,17,12,23,1,36844
0,4,18,12,23,1,36847
0,4,19,12,23,1,36850
0,4,20,12,23,1,36853
0,4,21,12,23,1,36856
0,4,22,12,23,1,36859
0,4,23,12,23,1,36862
0,4,0,13,23,1,36865
0,4,1,13,23,1,36868
0,4,2,13,23,1,36871
0,4,3,13,23,1,36874
0,4,4,13,23,1,36877
0,4,5,13,23,1,36880
0,4,6,13,23,1,36883
0,4,7,13,23,1,36886
0,4,8,13,23,1,36889
0,4,9,13,23,1,36892
0,4,10,13,23,1,36895
0,4,11,13,23,1,36898
0,4,12,13,23,1,36901
0,4,13,13,23,1,36904
0,4,14,13,23,1,36907
0,4,15,13,23,1,36910
0,4,16,13,23,1,36913
0,4,17,13,23,1,36916
0,4,18,13,23,1,36919
0,4,19,13,23,1,36922
0,4,20,13,23,1,36925
0,4,21,13,23,1,36928
0,4,22,13,23,1,36931
0,4,23,13,23,1,36934
0,4,0,0,23,2,36937
0,4,1,0,23,2,36940
0,4,2,0,23,2,36943
0,4,3,0,23,2,36946
0,4,4,0,23,2,36949
0,4,5,0,23,2,36952
0,4,6,0,23,2,36955
0,4,7,0,23,2,36958
0,4,8,0,23,2,36961
0,4,9,0,23,2,36964
0,4,10,0,23,2,36967
0,4,11,0,23,2,36970
0,4,12,0,23,2,36973
0,4,13,0,23,2,36976
0,4,14,0,23,2,36979
0,4,15,0,23,2,36982
0,4,16,0,23,2,36985
0,4,17,0,23,2,36988
0,4,18,0,23,2,36991
0,4,19,0,23,2,36994
0,4,20,0,23,2,36997
0,4,21,0,23,2,37000
0,4,22,0,23,2,37003
0,4,23,0,23,2,37006
0,4,0,1,23,2,37009
0,4,1,1,23,2,37012
0,4,2,1,23,2,37015
0,4,3,1,23,2,37018
0,4,4,1,23,2,37021
0,4,5,1,23,2,37024
0,4,6,1,23,2,37027
0,4,7,1,23,2,37030
0,4,8,1,23,2,37033
0,4,9,1,23,2,37036
0,4,10,1,23,2,37039
0,4,11,1,23,2,37042
0,4,12,1,23,2,37045
0,4,13,1,23,2,37048
0,4,14,1,23,2,37051
0,4,15,1,23,2,37054
0,4,16,1,23,2,37057
0,4,17,1,23,2,37060
0,4,18,1,23,2,37063
0,4,19,1,23,2,37066
0,4,20,1,23,2,37069
0,4,21,1,23,2,37072
0,4,22,1,23,2,37075
0,4,23,1,23,2,37078
0,4,0,2,23,2,37081
0,4,1,2,23,2,37084
0,4,2,2,23,2,37087
0,4,3,2,23,2,37090
0,4,4,2,23,2,37093
0,4,5,2,23,2,37096
0,4,6,2,23,2,37099
0,4,7,2,23,2,37102
0,4,8,2,23,2,37105
0,4,9,2,23,2,37108
0,4,10,2,23,2,37111
0,4,11,2,23,2,37114
0,4,12,2,23,2,37117
0,4,13,2,23,2,37120
0,4,14,2,23,2,37123
0,4,15,2,23,2,37126
0,4,16,2,23,2,37129
0,4,17,2,23,2,37132
0,4,18,2,23,2,37135
0,4,19,2,23,2,37138
0,4,20,2,23,2,37141
0,4,21,2,23,2,37144
0,4,22,2,23,2,37147
0,4,0,3,23,2,37150
0,4,1,3,23,2,37153
0,4,2,3,23,2,37156
0,4,3,3,23,2,37159
0,4,4,3,23,2,37162
0,4,5,3,23,2,37165
0,4,6,3,23,2,37168
0,4,7,3,23,2,37171
0,4,8,3,23,2,37174
0,4,9,3,23,2,37177
0,4,10,3,23,2,37180
0,4,11,3,23,2,37183
0,4,12,3,23,2,37186
0,4,13,3,23,2,37189
0,4,14,3,23,2,37192
0,4,15,3,23,2,37195
0,4,16,3,23,2,37198
0,4,17,3,23,2,37201
0,4,18,3,23,2,37204
0,4,19,3,23,2,37207
0,4,20,3,23,2,37210
0,4,21,3,23,2,37213
0,4,22,3,23,2,37216
0,4,1,4,23,2,37219
0,4,2,4,23,2,37222
0,4,3,4,23,2,37225
0,4,4,4,23,2,37228
0,4,5,4,23,2,37231
0,4,6,4,23,2,37234
0,4,7,4,23,2,37237
0,4,8,4,23,2,37240
0,4,9,4,23,2,37243
0,4,10,4,23,2,37246
0,4,11,4,23,2,37249
0,4,12,4,23,2,37252
0,4,13,4,23,2,37255
0,4,14,4,23,2,37258
0,4,15,4,23,2,37261
0,4,16,4,23,2,37264
0,4,17,4,23,2,37267
0,4,18,4,23,2,37270
0,4,19,4,23,2,37273
0,4,20,4,23,2,37276
0,4,21,4,23,2,37279
0,4,22,4,23,2,37282
0,4,1,5,23,2,37285
0,4,2,5,23,2,37288
0,4,3,5,23,2,37291
0,4,4,5,23,2,37294
0,4,5,5,23,2,37297
0,4,6,5,23,2,37300
0,4,7,5,23,2,37303
0,4,8,5,23,2,37306
0,4,9,5,23,2,37309
0,4,10,5,23,2,37312
0,4,11,5,23,2,37315
0,4,12,5,23,2,37318
0,4,13,5,23,2,37321
0,4,14,5,23,2,37324
0,4,15,5,23,2,37327
0,4,16,5,23,2,37330
0,4,17,5,23,2,37333
0,4,18,5,23,2,37336
0,4,19,5,23,2,37339
0,4,20,5,23,2,37342
0,4,21,5,23,2,37345
0,4,22,5,23,2,37348
0,4,1,6,23,2,37351
0,4,2,6,23,2,37354
0,4,3,6,23,2,37357
0,4,4,6,23,2,37360
0,4,5,6,23,2,37363
0,4,6,6,23,2,37366
0,4,7,6,23,2,37369
0,4,8,6,23,2,37372
0,4,9,6,23,2,37375
0,4,10,6,23,2,37378
0,4,11,6,23,2,37381
0,4,12,6,23,2,37384
0,4,13,6,23,2,37387
0,4,14,6,23,2,37390
0,4,15,6,23,2,37393
0,4,16,6,23,2,37396
0,4,17,6,23,2,37399
0,4,18,6,23,2,37402
0,4,19,6,23,2,37405
0,4,20,6,23,2,37408
0,4,21,6,23,2,37411
0,4,22,6,23,2,37414
0,4,1,7,23,2,37417
0,4,2,7,23,2,37420
0,4,3,7,23,2,37423
0,4,4,7,23,2,37426
0,4,5,7,23,2,37429
0,4,6,7,23,2,37432
0,4,7,7,23,2,37435
0,4,8,7,23,2,37438
0,4,9,7,23,2,37441
0,4,10,7,23,2,37444
0,4,11,7,23,2,37447
0,4,12,7,23,2,37450
0,4,13,7,23,2,37453
0,4,14,7,23,2,37456
0,4,15,7,23,2,37459
0,4,16,7,23,2,37462
0,4,17,7,23,2,37465
0,4,18,7,23,2,37468
0,4,19,7,23,2,37471
0,4,20,7,23,2,37474
0,4,21,7,23,2,37477
0,4,22,7,23,2,37480
0,4,1,8,23,2,37483
0,4,2,8,23,2,37486
0,4,3,8,23,2,37489
0,4,4,8,23,2,37492
0,4,5,8,23,2,37495
0,4,6,8,23,2,37498
0,4,7,8,23,2,37501
0,4,8,8,23,2,37504
0,4,9,8,23,2,37507
0,4,10,8,23,2,37510
0,4,11,8,23,2,37513
0,4,12,8,23,2,37516
0,4,13,8,23,2,37519
0,4,14,8,23,2,37522
0,4,15,8,23,2,37525
0,4,16,8,23,2,37528
0,4,17,8,23,2,37531
0,4,18,8,23,2,37534
0,4,19,8,23,2,37537
0,4,20,8,23,2,37540
0,4,21,8,23,2,37543
0,4,22,8,23,2,37546
0,4,23,8,23,2,37549
0,4,1,9,23,2,37552
0,4,2,9,23,2,37555
0,4,3,9,23,2,37558
0,4,4,9,23,2,37561
0,4,5,9,23,2,37564
0,4,6,9,23,2,37567
0,4,7,9,23,2,37570
0,4,8,9,23,2,37573
0,4,9,9,23,2,37576
0,4,10,9,23,2,37579
0,4,11,9,23,2,37582
0,4,12,9,23,2,37585
0,4,13,9,23,2,37588
0,4,14,9,23,2,37591
0,4,15,9,23,2,37594
0,4,16,9,23,2,37597
0,4,17,9,23,2,37600
0,4,18,9,23,2,37603
0,4,19,9,23,2,37606
0,4,20,9,23,2,37609
0,4,21,9,23,2,37612
0,4,22,9,23,2,37615
0,4,23,9,23,2,37618
0,4,0,10,23,2,37621
0,4,1,10,23,2,37624
0,4,2,10,23,2,37627
0,4,3,10,23,2,37630
0,4,4,10,23,2,37633
0,4,5,10,23,2,37636
0,4,6,10,23,2,37639
0,4,7,10,23,2,37642
0,4,8,10,23,2,37645
0,4,9,10,23,2,37648
0,4,10,10,23,2,37651
0,4,11,10,23,2,37654
0,4,12,10,23,2,37657
0,4,13,10,23,2,37660
0,4,14,10,23,2,37663
0,4,15,10,23,2,37666
0,4,16,10,23,2,37669
0,4,17,10,23,2,37672
0,4,18,10,23,2,37675
0,4,19,10,23,2,37678
0,4,20,10,23,2,37681
0,4,21,10,23,2,37684
0,4,22,10,23,2,37687
0,4,23,10,23,2,37690
0,4,0,11,23,2,37693
0,4,1,11,23,2,37696
0,4,2,11,23,2,37699
0,4,3,11,23,2,37702
0,4,4,11,23,2,37705
0,4,5,11,23,2,37708
0,4,6,11,23,2,37711
0,4,7,11,23,2,37714
0,4,8,11,23,2,37717
0,4,9,11,23,2,37720
0,4,10,11,23,2,37723
0,4,11,11,23,2,37726
0,4,12,11,23,2,37729
0,4,13,11,23,2,37732
0,4,14,11,23,2,37735
0,4,15,11,23,2,37738
0,4,16,11,23,2,37741
0,4,17,11,23,2,37744
0,4,18,11,23,2,37747
0,4,19,11,23,2,37750
0,4,20,11,23,2,37753
0,4,21,11,23,2,37756
0,4,22,11,23,2,37759
0,4,23,11,23,2,37762
0,4,0,12,23,2,37765
0,4,1,12,23,2,37768
0,4,2,12,23,2,37771
0,4,3,12,23,2,37774
0,4,4,12,23,2,37777
0,4,5,12,23,2,37780
0,4,6,12,23,2,37783
0,4,7,12,23,2,37786
0,4,8,12,23,2,37789
0,4,9,12,23,2,37792
0,4,10,12,23,2,37795
0,4,11,12,23,2,37798
0,4,12,12,23,2,37801
0,4,13,12,23,2,37804
0,4,14,12,23,2,37807
0,4,15,12,23,2,37810
0,4,16,12,23,2,37813
0,4,17,12,23,2,37816
0,4,18,12,23,2,37819
0,4,19,12,23,2,37822
0,4,20,12,23,2,37825
0,4,21,12,23,2,37828
0,4,22,12,23,2,37831
0,4,23,12,23,2,37834
0,4,0,13,23,2,37837
0,4,1,13,23,2,37840
0,4,2,13,23,2,37843
0,4,3,13,23,2,37846
0,4,4,13,23,2,37849
0,4,5,13,23,2,37852
0,4,6,13,23,2,37855
0,4,7,13,23,2,37858
0,4,8,13,23,2,37861
0,4,9,13,23,2,37864
0,4,10,13,23,2,37867
0,4,11,13,23,2,37870
0,4,12,13,23,2,37873
0,4,13,13,23,2,37876
0,4,14,13,23,2,37879
0,4,15,13,23,2,37882
0,4,16,13,23,2,37885
0,4,17,13,23,2,37888
0,4,18,13,23,2,37891
0,4,19,13,23,2,37894
0,4,20,13,23,2,37897
0,4,21,13,23,2,37900
0,4,22,13,23,2,37903
0,4,23,13,23,2,37906
0,4,0,0,23,3,37909
0,4,1,0,23,3,37912
0,4,2,0,23,3,37915
0,4,3,0,23,3,37918
0,4,4,0,23,3,37921
0,4,5,0,23,3,37924
0,4,6,0,23,3,37927
0,4,7,0,23,3,37930
0,4,8,0,23,3,37933
0,4,9,0,23,3,37936
0,4,10,0,23,3,37939
0,4,11,0,23,3,37942
0,4,12,0,23,3,37945
0,4,13,0,23,3,37948
0,4,14,0,23,3,37951
0,4,15,0,23,3,37954
0,4,16,0,23,3,37957
0,4,17,0,23,3,37960
0,4,18,0,23,3,37963
0,4,19,0,23,3,37966
0,4,20,0,23,3,37969
0,4,21,0,23,3,37972
0,4,22,0,23,3,37975
0,4,23,0,23,3,37978
0,4,0,1,23,3,37981
0,4,1,1,23,3,37984
0,4,2,1,23,3,37987
0,4,3,1,23,3,37990
0,4,4,1,23,3,37993
0,4,5,1,23,3,37996
0,4,6,1,23,3,37999
0,4,7,1,23,3,38002
0,4,8,1,23,3,38005
0,4,9,1,23,3,38008
0,4,10,1,23,3,38011
0,4,11,1,23,3,38014
0,4,12,1,23,3,38017
0,4,13,1,23,3,38020
0,4,14,1,23,3,38023
0,4,15,1,23,3,38026
0,4,16,1,23,3,38029
0,4,17,1,23,3,38032
0,4,18,1,23,3,38035
0,4,19,1,23,3,38038
0,4,20,1,23,3,38041
0,4,21,1,23,3,38044
0,4,22,1,23,3,38047
0,4,23,1,23,3,38050
0,4,0,2,23,3,38053
0,4,1,2,23,3,38056
0,4,2,2,23,3,38059
0,4,3,2,23,3,38062
0,4,4,2,23,3,38065
0,4,5,2,23,3,38068
0,4,6,2,23,3,38071
0,4,7,2,23,3,38074
0,4,8,2,23,3,38077
0,4,9,2,23,3,38080
0,4,10,2,23,3,38083
0,4,11,2,23,3,38086
0,4,12,2,23,3,38089
0,4,13,2,23,3,38092
0,4,14,2,23,3,38095
0,4,15,2,23,3,38098
0,4,16,2,23,3,38101
0,4,17,2,23,3,38104
0,4,18,2,23,3,38107
0,4,19,2,23,3,38110
0,4,20,2,23,3,38113
0,4,21,2,23,3,38116
0,4,22,2,23,3,38119
0,4,23,2,23,3,38122
0,4,0,3,23,3,38125
0,4,1,3,23,3,38128
0,4,2,3,23,3,38131
0,4,3,3,23,3,38134
0,4,4,3,23,3,38137
0,4,5,3,23,3,38140
0,4,6,3,23,3,38143
0,4,7,3,23,3,38146
0,4,8,3,23,3,38149
0,4,9,3,23,3,38152
0,4,10,3,23,3,38155
0,4,11,3,23,3,38158
0,4,12,3,23,3,38161
0,4,13,3,23,3,38164
0,4,14,3,23,3,38167
0,4,15,3,23,3,38170
0,4,16,3,23,3,38173
0,4,17,3,23,3,38176
0,4,18,3,23,3,38179
0,4,19,3,23,3,38182
0,4,20,3,23,3,38185
0,4,21,3,23,3,38188
0,4,22,3,23,3,38191
0,4,1,4,23,3,38194
0,4,2,4,23,3,38197
0,4,3,4,23,3,38200
0,4,4,4,23,3,38203
0,4,5,4,23,3,38206
0,4,6,4,23,3,38209
0,4,7,4,23,3,38212
0,4,8,4,23,3,38215
0,4,9,4,23,3,38218
0,4,10,4,23,3,38221
0,4,11,4,23,3,38224
0,4,12,4,23,3,38227
0,4,13,4,23,3,38230
0,4,14,4,23,3,38233
0,4,15,4,23,3,38236
0,4,16,4,23,3,38239
0,4,17,4,23,3,38242
0,4,18,4,23,3,38245
0,4,19,4,23,3,38248
0,4,20,4,23,3,38251
0,4,21,4,23,3,38254
0,4,22,4,23,3,38257
0,4,1,5,23,3,38260
0,4,2,5,23,3,38263
0,4,3,5,23,3,38266
0,4,4,5,23,3,38269
0,4,5,5,23,3,38272
0,4,6,5,23,3,38275
0,4,7,5,23,3,38278
0,4,8,5,23,3,38281
0,4,9,5,23,3,38284
0,4,10,5,23,3,38287
0,4,11,5,23,3,38290
0,4,12,5,23,3,38293
0,4,13,5,23,3,38296
0,4,14,5,23,3,38299
0,4,15,5,23,3,38302
0,4,16,5,23,3,38305
0,4,17,5,23,3,38308
0,4,18,5,23,3,38311
0,4,19,5,23,3,38314
0,4,20,5,23,3,38317
0,4,21,5,23,3,38320
0,4,22,5,23,3,38323
0,4,1,6,23,3,38326
0,4,2,6,23,3,38329
0,4,3,6,23,3,38332
0,4,4,6,23,3,38335
0,4,5,6,23,3,38338
0,4,6,6,23,3,38341
0,4,7,6,23,3,38344
0,4,8,6,23,3,38347
0,4,9,6,23,3,38350
0,4,10,6,23,3,38353
0,4,11,6,23,3,38356
0,4,12,6,23,3,38359
0,4,13,6,23,3,38362
0,4,14,6,23,3,38365
0,4,15,6,23,3,38368
0,4,16,6,23,3,38371
0,4,17,6,23,3,38374
0,4,18,6,23,3,38377
0,4,19,6,23,3,38380
0,4,20,6,23,3,38383
0,4,21,6,23,3,38386
0,4,22,6,23,3,38389
0,4,1,7,23,3,38392
0,4,2,7,23,3,38395
0,4,3,7,23,3,38398
0,4,4,7,23,3,38401
0,4,5,7,23,3,38404
0,4,6,7,23,3,38407
0,4,7,7,23,3,38410
0,4,8,7,23,3,38413
0,4,9,7,23,3,38416
0,4,10,7,23,3,38419
0,4,11,7,23,3,38422
0,4,12,7,23,3,38425
0,4,13,7,23,3,38428
0,4,14,7,23,3,38431
0,4,15,7,23,3,38434
0,4,16,7,23,3,38437
0,4,17,7,23,3,38440
0,4,18,7,23,3,38443
0,4,19,7,23,3,38446
0,4,20,7,23,3,38449
0,4,21,7,23,3,38452
0,4,22,7,23,3,38455
0,4,1,8,23,3,38458
0,4,2,8,23,3,38461
0,4,3,8,23,3,38464
0,4,4,8,23,3,38467
0,4,5,8,23,3,38470
0,4,6,8,23,3,38473
0,4,7,8,23,3,38476
0,4,8,8,23,3,38479
0,4,9,8,23,3,38482
0,4,10,8,23,3,38485
0,4,11,8,23,3,38488
0,4,12,8,23,3,38491
0,4,13,8,23,3,38494
0,4,14,8,23,3,38497
0,4,15,8,23,3,38500
0,4,16,8,23,3,38503
0,4,17,8,23,3,38506
0,4,18,8,23,3,38509
0,4,19,8,23,3,38512
0,4,20,8,23,3,38515
0,4,21,8,23,3,38518
0,4,22,8,23,3,38521
0,4,1,9,23,3,38524
0,4,2,9,23,3,38527
0,4,3,9,23,3,38530
0,4,4,9,23,3,38533
0,4,5,9,23,3,38536
0,4,6,9,23,3,38539
0,4,7,9,23,3,38542
0,4,8,9,23,3,38545
0,4,9,9,23,3,38548
0,4,10,9,23,3,38551
0,4,11,9,23,3,38554
0,4,12,9,23,3,38557
0,4,13,9,23,3,38560
0,4,14,9,23,3,38563
0,4,15,9,23,3,38566
0,4,16,9,23,3,38569
0,4,17,9,23,3,38572
0,4,18,9,23,3,38575
0,4,19,9,23,3,38578
0,4,20,9,23,3,38581
0,4,21,9,23,3,38584
0,4,22,9,23,3,38587
0,4,23,9,23,3,38590
0,4,0,10,23,3,38593
0,4,1,10,23,3,38596
0,4,2,10,23,3,38599
0,4,3,10,23,3,38602
0,4,4,10,23,3,38605
0,4,5,10,23,3,38608
0,4,6,10,23,3,38611
0,4,7,10,23,3,38614
0,4,8,10,23,3,38617
0,4,9,10,23,3,38620
0,4,10,10,23,3,38623
0,4,11,10,23,3,38626
0,4,12,10,23,3,38629
0,4,13,10,23,3,38632
0,4,14,10,23,3,38635
0,4,15,10,23,3,38638
0,4,16,10,23,3,38641
0,4,17,10,23,3,38644
0,4,18,10,23,3,38647
0,4,19,10,23,3,38650
0,4,20,10,23,3,38653
0,4,21,10,23,3,38656
0,4,22,10,23,3,38659
0,4,23,10,23,3,38662
0,4,0,11,23,3,38665
0,4,1,11,23,3,38668
0,4,2,11,23,3,38671
0,4,3,11,23,3,38674
0,4,4,11,23,3,38677
0,4,5,11,23,3,38680
0,4,6,11,23,3,38683
0,4,7,11,23,3,38686
0,4,8,11,23,3,38689
0,4,9,11,23,3,38692
0,4,10,11,23,3,38695
0,4,11,11,23,3,38698
0,4,12,11,23,3,38701
0,4,13,11,23,3,38704
0,4,14,11,23,3,38707
0,4,15,11,23,3,38710
0,4,16,11,23,3,38713
0,4,17,11,23,3,38716
0,4,18,11,23,3,38719
0,4,19,11,23,3,38722
0,4,20,11,23,3,38725
0,4,21,11,23,3,38728
0,4,22,11,23,3,38731
0,4,23,11,23,3,38734
0,4,0,12,23,3,38737
0,4,1,12,23,3,38740
0,4,2,12,23,3,38743
0,4,3,12,23,3,38746
0,4,4,12,23,3,38749
0,4,5,12,23,3,38752
0,4,6,12,23,3,38755
0,4,7,12,23,3,38758
0,4,8,12,23,3,38761
0,4,9,12,23,3,38764
0,4,10,12,23,3,38767
0,4,11,12,23,3,38770
0,4,12,12,23,3,38773
0,4,13,12,23,3,38776
0,4,14,12,23,3,38779
0,4,15,12,23,3,38782
0,4,16,12,23,3,38785
0,4,17,12,23,3,38788
0,4,18,12,23,3,38791
0,4,19,12,23,3,38794
0,4,20,12,23,3,38797
0,4,21,12,23,3,38800
0,4,22,12,23,3,38803
0,4,23,12,23,3,38806
0,4,0,13,23,3,38809
0,4,1,13,23,3,38812
0,4,2,13,23,3,38815
0,4,3,13,23,3,38818
0,4,4,13,23,3,38821
0,4,5,13,23,3,38824
0,4,6,13,23,3,38827
0,4,7,13,23,3,38830
0,4,8,13,23,3,38833
0,4,9,13,23,3,38836
0,4,10,13,23,3,38839
0,4,11,13,23,3,38842
0,4,12,13,23,3,38845
0,4,13,13,23,3,38848
0,4,14,13,23,3,38851
0,4,15,13,23,3,38854
0,4,16,13,23,3,38857
0,4,17,13,23,3,38860
0,4,18,13,23,3,38863
0,4,19,13,23,3,38866
0,4,20,13,23,3,38869
0,4,21,13,23,3,38872
0,4,22,13,23,3,38875
0,4,23,13,23,3,38878
0,4,0,0,23,4,38881
0,4,1,0,23,4,38884
0,4,2,0,23,4,38887
0,4,3,0,23,4,38890
0,4,4,0,23,4,38893
0,4,5,0,23,4,38896
0,4,6,0,23,4,38899
0,4,7,0,23,4,38902
0,4,8,0,23,4,38905
0,4,9,0,23,4,38908
0,4,10,0,23,4,38911
0,4,11,0,23,4,38914
0,4,12,0,23,4,38917
0,4,13,0,23,4,38920
0,4,14,0,23,4,38923
0,4,15,0,23,4,38926
0,4,16,0,23,4,38929
0,4,17,0,23,4,38932
0,4,18,0,23,4,38935
0,4,19,0,23,4,38938
0,4,20,0,23,4,38941
0,4,21,0,23,4,38944
0,4,22,0,23,4,38947
0,4,23,0,23,4,38950
0,4,0,1,23,4,38953
0,4,1,1,23,4,38956
0,4,2,1,23,4,38959
0,4,3,1,23,4,38962
0,4,4,1,23,4,38965
0,4,5,1,23,4,38968
0,4,6,1,23,4,38971
0,4,7,1,23,4,38974
0,4,8,1,23,4,38977
0,4,9,1,23,4,38980
0,4,10,1,23,4,38983
0,4,11,1,23,4,38986
0,4,12,1,23,4,38989
0,4,13,1,23,4,38992
0,4,14,1,23,4,38995
0,4,15,1,23,4,38998
0,4,16,1,23,4,39001
0,4,17,1,23,4,39004
0,4,18,1,23,4,39007
0,4,19,1,23,4,39010
0,4,20,1,23,4,39013
0,4,21,1,23,4,39016
0,4,22,1,23,4,39019
0,4,23,1,23,4,39022
0,4,0,2,23,4,39025
0,4,1,2,23,4,39028
0,4,2,2,23,4,39031
0,4,3,2,23,4,39034
0,4,4,2,23,4,39037
0,4,5,2,23,4,39040
0,4,6,2,23,4,39043
0,4,7,2,23,4,39046
0,4,8,2,23,4,39049
0,4,9,2,23,4,39052
0,4,10,2,23,4,39055
0,4,11,2,23,4,39058
0,4,12,2,23,4,39061
0,4,13,2,23,4,39064
0,4,14,2,23,4,39067
0,4,15,2,23,4,39070
0,4,16,2,23,4,39073
0,4,17,2,23,4,39076
0,4,18,2,23,4,39079
0,4,19,2,23,4,39082
0,4,20,2,23,4,39085
0,4,21,2,23,4,39088
0,4,22,2,23,4,39091
0,4,23,2,23,4,39094
0,4,0,3,23,4,39097
0,4,1,3,23,4,39100
0,4,2,3,23,4,39103
0,4,3,3,23,4,39106
0,4,4,3,23,4,39109
0,4,5,3,23,4,39112
0,4,6,3,23,4,39115
0,4,7,3,23,4,39118
0,4,8,3,23,4,39121
0,4,9,3,23,4,39124
0,4,10,3,23,4,39127
0,4,11,3,23,4,39130
0,4,12,3,23,4,39133
0,4,13,3,23,4,39136
0,4,14,3,23,4,39139
0,4,15,3,23,4,39142
0,4,16,3,23,4,39145
0,4,17,3,23,4,39148
0,4,18,3,23,4,39151
0,4,19,3,23,4,39154
0,4,20,3,23,4,39157
0,4,21,3,23,4,39160
0,4,22,3,23,4,39163
0,4,23,3,23,4,39166
0,4,1,4,23,4,39169
0,4,2,4,23,4,39172
0,4,3,4,23,4,39175
0,4,4,4,23,4,39178
0,4,5,4,23,4,39181
0,4,6,4,23,4,39184
0,4,7,4,23,4,39187
0,4,8,4,23,4,39190
0,4,9,4,23,4,39193
0,4,10,4,23,4,39196
0,4,11,4,23,4,39199
0,4,12,4,23,4,39202
0,4,13,4,23,4,39205
0,4,14,4,23,4,39208
0,4,15,4,23,4,39211
0,4,16,4,23,4,39214
0,4,17,4,23,4,39217
0,4,18,4,23,4,39220
0,4,19,4,23,4,39223
0,4,20,4,23,4,39226
0,4,21,4,23,4,39229
0,4,22,4,23,4,39232
0,4,1,5,23,4,39235
0,4,2,5,23,4,39238
0,4,3,5,23,4,39241
0,4,4,5,23,4,39244
0,4,5,5,23,4,39247
0,4,6,5,23,4,39250
0,4,7,5,23,4,39253
0,4,8,5,23,4,39256
0,4,9,5,23,4,39259
0,4,10,5,23,4,39262
0,4,11,5,23,4,39265
0,4,12,5,23,4,39268
0,4,13,5,23,4,39271
0,4,14,5,23,4,39274
0,4,15,5,23,4,39277
0,4,16,5,23,4,39280
0,4,17,5,23,4,39283
0,4,18,5,23,4,39286
0,4,19,5,23,4,39289
0,4,20,5,23,4,39292
0,4,21,5,23,4,39295
0,4,22,5,23,4,39298
0,4,1,6,23,4,39301
0,4,2,6,23,4,39304
0,4,3,6,23,4,39307
0,4,4,6,23,4,39310
0,4,5,6,23,4,39313
0,4,6,6,23,4,39316
0,4,7,6,23,4,39319
0,4,8,6,23,4,39322
0,4,9,6,23,4,39325
0,4,10,6,23,4,39328
0,4,11,6,23,4,39331
0,4,12,6,23,4,39334
0,4,13,6,23,4,39337
0,4,14,6,23,4,39340
0,4,15,6,23,4,39343
0,4,16,6,23,4,39346
0,4,17,6,23,4,39349
0,4,18,6,23,4,39352
0,4,19,6,23,4,39355
0,4,20,6,23,4,39358
0,4,21,6,23,4,39361
0,4,22,6,23,4,39364
0,4,1,7,23,4,39367
0,4,2,7,23,4,39370
0,4,3,7,23,4,39373
0,4,4,7,23,4,39376
0,4,5,7,23,4,39379
0,4,6,7,23,4,39382
0,4,7,7,23,4,39385
0,4,8,7,23,4,39388
0,4,9,7,23,4,39391
0,4,10,7,23,4,39394
0,4,11,7,23,4,39397
0,4,12,7,23,4,39400
0,4,13,7,23,4,39403
0,4,14,7,23,4,39406
0,4,15,7,23,4,39409
0,4,16,7,23,4,39412
0,4,17,7,23,4,39415
0,4,18,7,23,4,39418
0,4,19,7,23,4,39421
0,4,20,7,23,4,39424
0,4,21,7,23,4,39427
0,4,22,7,23,4,39430
0,4,1,8,23,4,39433
0,4,2,8,23,4,39436
0,4,3,8,23,4,39439
0,4,4,8,23,4,39442
0,4,5,8,23,4,39445
0,4,6,8,23,4,39448
0,4,7,8,23,4,39451
0,4,8,8,23,4,39454
0,4,9,8,23,4,39457
0,4,10,8,23,4,39460
0,4,11,8,23,4,39463
0,4,12,8,23,4,39466
0,4,13,8,23,4,39469
0,4,14,8,23,4,39472
0,4,15,8,23,4,39475
0,4,16,8,23,4,39478
0,4,17,8,23,4,39481
0,4,18,8,23,4,39484
0,4,19,8,23,4,39487
0,4,20,8,23,4,39490
0,4,21,8,23,4,39493
0,4,22,8,23,4,39496
0,4,1,9,23,4,39499
0,4,2,9,23,4,39502
0,4,3,9,23,4,39505
0,4,4,9,23,4,39508
0,4,5,9,23,4,39511
0,4,6,9,23,4,39514
0,4,7,9,23,4,39517
0,4,8,9,23,4,39520
0,4,9,9,23,4,39523
0,4,10,9,23,4,39526
0,4,11,9,23,4,39529
0,4,12,9,23,4,39532
0,4,13,9,23,4,39535
0,4,14,9,23,4,39538
0,4,15,9,23,4,39541
0,4,16,9,23,4,39544
0,4,17,9,23,4,39547
0,4,18,9,23,4,39550
0,4,19,9,23,4,39553
0,4,20,9,23,4,39556
0,4,21,9,23,4,39559
0,4,22,9,23,4,39562
0,4,0,10,23,4,39565
0,4,1,10,23,4,39568
0,4,2,10,23,4,39571
0,4,3,10,23,4,39574
0,4,4,10,23,4,39577
0,4,5,10,23,4,39580
0,4,6,10,23,4,39583
0,4,7,10,23,4,39586
0,4,8,10,23,4,39589
0,4,9,10,23,4,39592
0,4,10,10,23,4,39595
0,4,11,10,23,4,39598
0,4,12,10,23,4,39601
0,4,13,10,23,4,39604
0,4,14,10,23,4,39607
0,4,15,10,23,4,39610
0,4,16,10,23,4,39613
0,4,17,10,23,4,39616
0,4,18,10,23,4,39619
0,4,19,10,23,4,39622
0,4,20,10,23,4,39625
0,4,21,10,23,4,39628
0,4,22,10,23,4,39631
0,4,23,10,23,4,39634
0,4,0,11,23,4,39637
0,4,1,11,23,4,39640
0,4,2,11,23,4,39643
0,4,3,11,23,4,39646
0,4,4,11,23,4,39649
0,4,5,11,23,4,39652
0,4,6,11,23,4,39655
0,4,7,11,23,4,39658
0,4,8,11,23,4,39661
0,4,9,11,23,4,39664
0,4,10,11,23,4,39667
0,4,11,11,23,4,39670
0,4,12,11,23,4,39673
0,4,13,11,23,4,39676
0,4,14,11,23,4,39679
0,4,15,11,23,4,39682
0,4,16,11,23,4,39685
0,4,17,11,23,4,39688
0,4,18,11,23,4,39691
0,4,19,11,23,4,39694
0,4,20,11,23,4,39697
0,4,21,11,23,4,39700
0,4,22,11,23,4,39703
0,4,23,11,23,4,39706
0,4,0,12,23,4,39709
0,4,1,12,23,4,39712
0,4,2,12,23,4,39715
0,4,3,12,23,4,39718
0,4,4,12,23,4,39721
0,4,5,12,23,4,39724
0,4,6,12,23,4,39727
0,4,7,12,23,4,39730
0,4,8,12,23,4,39733
0,4,9,12,23,4,39736
0,4,10,12,23,4,39739
0,4,11,12,23,4,39742
0,4,12,12,23,4,39745
0,4,13,12,23,4,39748
0,4,14,12,23,4,39751
0,4,15,12,23,4,39754
0,4,16,12,23,4,39757
0,4,17,12,23,4,39760
0,4,18,12,23,4,39763
0,4,19,12,23,4,39766
0,4,20,12,23,4,39769
0,4,21,12,23,4,39772
0,4,22,12,23,4,39775
0,4,23,12,23,4,39778
0,4,0,13,23,4,39781
0,4,1,13,23,4,39784
0,4,2,13,23,4,39787
0,4,3,13,23,4,39790
0,4,4,13,23,4,39793
0,4,5,13,23,4,39796
0,4,6,13,23,4,39799
0,4,7,13,23,4,39802
0,4,8,13,23,4,39805
0,4,9,13,23,4,39808
0,4,10,13,23,4,39811
0,4,11,13,23,4,39814
0,4,12,13,23,4,39817
0,4,13,13,23,4,39820
0,4,14,13,23,4,39823
0,4,15,13,23,4,39826
0,4,16,13,23,4,39829
0,4,17,13,23,4,39832
0,4,18,13,23,4,39835
0,4,19,13,23,4,39838
0,4,20,13,23,4,39841
0,4,21,13,23,4,39844
0,4,22,13,23,4,39847
0,4,23,13,23,4,39850
0,4,0,0,23,5,39853
0,4,1,0,23,5,39856
0,4,2,0,23,5,39859
0,4,3,0,23,5,39862
0,4,4,0,23,5,39865
0,4,5,0,23,5,39868
0,4,6,0,23,5,39871
0,4,7,0,23,5,39874
0,4,8,0,23,5,39877
0,4,9,0,23,5,39880
0,4,10,0,23,5,39883
0,4,11,0,23,5,39886
0,4,12,0,23,5,39889
0,4,13,0,23,5,39892
0,4,14,0,23,5,39895
0,4,15,0,23,5,39898
0,4,16,0,23,5,39901
0,4,17,0,23,5,39904
0,4,18,0,23,5,39907
0,4,19,0,23,5,39910
0,4,20,0,23,5,39913
0,4,21,0,23,5,39916
0,4,22,0,23,5,39919
0,4,23,0,23,5,39922
0,4,0,1,23,5,39925
0,4,1,1,23,5,39928
0,4,2,1,23,5,39931
0,4,3,1,23,5,39934
0,4,4,1,23,5,39937
0,4,5,1,23,5,39940
0,4,6,1,23,5,39943
0,4,7,1,23,5,39946
0,4,8,1,23,5,39949
0,4,9,1,23,5,39952
0,4,10,1,23,5,39955
0,4,11,1,23,5,39958
0,4,12,1,23,5,39961
0,4,13,1,23,5,39964
0,4,14,1,23,5,39967
0,4,15,1,23,5,39970
0,4,16,1,23,5,39973
0,4,17,1,23,5,39976
0,4,18,1,23,5,39979
0,4,19,1,23,5,39982
0,4,20,1,23,5,39985
0,4,21,1,23,5,39988
0,4,22,1,23,5,39991
0,4,23,1,23,5,39994
0,4,0,2,23,5,39997
0,4,1,2,23,5,40000
0,4,2,2,23,5,40003
0,4,3,2,23,5,40006
0,4,4,2,23,5,40009
0,4,5,2,23,5,40012
0,4,6,2,23,5,40015
0,4,7,2,23,5,40018
0,4,8,2,23,5,40021
0,4,9,2,23,5,40024
0,4,10,2,23,5,40027
0,4,11,2,23,5,40030
0,4,12,2,23,5,40033
0,4,13,2,23,5,40036
0,4,14,2,23,5,40039
0,4,15,2,23,5,40042
0,4,16,2,23,5,40045
0,4,17,2,23,5,40048
0,4,18,2,23,5,40051
0,4,19,2,23,5,40054
0,4,20,2,23,5,40057
0,4,21,2,23,5,40060
0,4,22,2,23,5,40063
0,4,23,2,23,5,40066
0,4,0,3,23,5,40069
0,4,1,3,23,5,40072
0,4,2,3,23,5,40075
0,4,3,3,23,5,40078
0,4,4,3,23,5,40081
0,4,5,3,23,5,40084
0,4,6,3,23,5,40087
0,4,7,3,23,5,40090
0,4,8,3,23,5,40093
0,4,9,3,23,5,40096
0,4,10,3,23,5,40099
0,4,11,3,23,5,40102
0,4,12,3,23,5,40105
0,4,13,3,23,5,40108
0,4,14,3,23,5,40111
0,4,15,3,23,5,40114
0,4,16,3,23,5,40117
0,4,17,3,23,5,40120
0,4,18,3,23,5,40123
0,4,19,3,23,5,40126
0,4,20,3,23,5,40129
0,4,21,3,23,5,40132
0,4,22,3,23,5,40135
0,4,23,3,23,5,40138
0,4,1,4,23,5,40141
0,4,2,4,23,5,40144
0,4,3,4,23,5,40147
0,4,4,4,23,5,40150
0,4,5,4,23,5,40153
0,4,6,4,23,5,40156
0,4,7,4,23,5,40159
0,4,8,4,23,5,40162
0,4,9,4,23,5,40165
0,4,10,4,23,5,40168
0,4,11,4,23,5,40171
0,4,12,4,23,5,40174
0,4,13,4,23,5,40177
0,4,14,4,23,5,40180
0,4,15,4,23,5,40183
0,4,16,4,23,5,40186
0,4,17,4,23,5,40189
0,4,18,4,23,5,40192
0,4,19,4,23,5,40195
0,4,20,4,23,5,40198
0,4,21,4,23,5,40201
0,4,22,4,23,5,40204
0,4,23,4,23,5,40207
0,4,1,5,23,5,40210
0,4,2,5,23,5,40213
0,4,3,5,23,5,40216
0,4,4,5,23,5,40219
0,4,5,5,23,5,40222
0,4,6,5,23,5,40225
0,4,7,5,23,5,40228
0,4,8,5,23,5,40231
0,4,9,5,23,5,40234
0,4,10,5,23,5,40237
0,4,11,5,23,5,40240
0,4,12,5,23,5,40243
0,4,13,5,23,5,40246
0,4,14,5,23,5,40249
0,4,15,5,23,5,40252
0,4,16,5,23,5,40255
0,4,17,5,23,5,40258
0,4,18,5,23,5,40261
0,4,19,5,23,5,40264
0,4,20,5,23,5,40267
0,4,21,5,23,5,40270
0,4,22,5,23,5,40273
0,4,1,6,23,5,40276
0,4,2,6,23,5,40279
0,4,3,6,23,5,40282
0,4,4,6,23,5,40285
0,4,5,6,23,5,40288
0,4,6,6,23,5,40291
0,4,7,6,23,5,40294
0,4,8,6,23,5,40297
0,4,9,6,23,5,40300
0,4,10,6,23,5,40303
0,4,11,6,23,5,40306
0,4,12,6,23,5,40309
0,4,13,6,23,5,40312
0,4,14,6,23,5,40315
0,4,15,6,23,5,40318
0,4,16,6,23,5,40321
0,4,17,6,23,5,40324
0,4,18,6,23,5,40327
0,4,19,6,23,5,40330
0,4,20,6,23,5,40333
0,4,21,6,23,5,40336
0,4,22,6,23,5,40339
0,4,1,7,23,5,40342
0,4,2,7,23,5,40345
0,4,3,7,23,5,40348
0,4,4,7,23,5,40351
0,4,5,7,23,5,40354
0,4,6,7,23,5,40357
0,4,7,7,23,5,40360
0,4,8,7,23,5,40363
0,4,9,7,23,5,40366
0,4,10,7,23,5,40369
0,4,11,7,23,5,40372
0,4,12,7,23,5,40375
0,4,13,7,23,5,40378
0,4,14,7,23,5,40381
0,4,15,7,23,5,40384
0,4,16,7,23,5,40387
0,4,17,7,23,5,40390
0,4,18,7,23,5,40393
0,4,19,7,23,5,40396
0,4,20,7,23,5,40399
0,4,21,7,23,5,40402
0,4,22,7,23,5,40405
0,4,1,8,23,5,40408
0,4,2,8,23,5,40411
0,4,3,8,23,5,40414
0,4,4,8,23,5,40417
0,4,5,8,23,5,40420
0,4,6,8,23,5,40423
0,4,7,8,23,5,40426
0,4,8,8,23,5,40429
0,4,9,8,23,5,40432
0,4,10,8,23,5,40435
0,4,11,8,23,5,40438
0,4,12,8,23,5,40441
0,4,13,8,23,5,40444
0,4,14,8,23,5,40447
0,4,15,8,23,5,40450
0,4,16,8,23,5,40453
0,4,17,8,23,5,40456
0,4,18,8,23,5,40459
0,4,19,8,23,5,40462
0,4,20,8,23,5,40465
0,4,21,8,23,5,40468
0,4,22,8,23,5,40471
0,4,1,9,23,5,40474
0,4,2,9,23,5,40477
0,4,3,9,23,5,40480
0,4,4,9,23,5,40483
0,4,5,9,23,5,40486
0,4,6,9,23,5,40489
0,4,7,9,23,5,40492
0,4,8,9,23,5,40495
0,4,9,9,23,5,40498
0,4,10,9,23,5,40501
0,4,11,9,23,5,40504
0,4,12,9,23,5,40507
0,4,13,9,23,5,40510
0,4,14,9,23,5,40513
0,4,15,9,23,5,40516
0,4,16,9,23,5,40519
0,4,17,9,23,5,40522
0,4,18,9,23,5,40525
0,4,19,9,23,5,40528
0,4,20,9,23,5,40531
0,4,21,9,23,5,40534
0,4,22,9,23,5,40537
0,4,0,10,23,5,40540
0,4,1,10,23,5,40543
0,4,2,10,23,5,40546
0,4,3,10,23,5,40549
0,4,4,10,23,5,40552
0,4,5,10,23,5,40555
0,4,6,10,23,5,40558
0,4,7,10,23,5,40561
0,4,8,10,23,5,40564
0,4,9,10,23,5,40567
0,4,10,10,23,5,40570
0,4,11,10,23,5,40573
0,4,12,10,23,5,40576
0,4,13,10,23,5,40579
0,4,14,10,23,5,40582
0,4,15,10,23,5,40585
0,4,16,10,23,5,40588
0,4,17,10,23,5,40591
0,4,18,10,23,5,40594
0,4,19,10,23,5,40597
0,4,20,10,23,5,40600
0,4,21,10,23,5,40603
0,4,22,10,23,5,40606
0,4,0,11,23,5,40609
0,4,1,11,23,5,40612
0,4,2,11,23,5,40615
0,4,3,11,23,5,40618
0,4,4,11,23,5,40621
0,4,5,11,23,5,40624
0,4,6,11,23,5,40627
0,4,7,11,23,5,40630
0,4,8,11,23,5,40633
0,4,9,11,23,5,40636
0,4,10,11,23,5,40639
0,4,11,11,23,5,40642
0,4,12,11,23,5,40645
0,4,13,11,23,5,40648
0,4,14,11,23,5,40651
0,4,15,11,23,5,40654
0,4,16,11,23,5,40657
0,4,17,11,23,5,40660
0,4,18,11,23,5,40663
0,4,19,11,23,5,40666
0,4,20,11,23,5,40669
0,4,21,11,23,5,40672
0,4,22,11,23,5,40675
0,4,23,11,23,5,40678
0,4,0,12,23,5,40681
0,4,1,12,23,5,40684
0,4,2,12,23,5,40687
0,4,3,12,23,5,40690
0,4,4,12,23,5,40693
0,4,5,12,23,5,40696
0,4,6,12,23,5,40699
0,4,7,12,23,5,40702
0,4,8,12,23,5,40705
0,4,9,12,23,5,40708
0,4,10,12,23,5,40711
0,4,11,12,23,5,40714
0,4,12,12,23,5,40717
0,4,13,12,23,5,40720
0,4,14,12,23,5,40723
0,4,15,12,23,5,40726
0,4,16,12,23,5,40729
0,4,17,12,23,5,40732
0,4,18,12,23,5,40735
0,4,19,12,23,5,40738
0,4,20,12,23,5,40741
0,4,21,12,23,5,40744
0,4,22,12,23,5,40747
0,4,23,12,23,5,40750
0,4,0,13,23,5,40753
0,4,1,13,23,5,40756
0,4,2,13,23,5,40759
0,4,3,13,23,5,40762
0,4,4,13,23,5,40765
0,4,5,13,23,5,40768
0,4,6,13,23,5,40771
0,4,7,13,23,5,40774
0,4,8,13,23,5,40777
0,4,9,13,23,5,40780
0,4,10,13,23,5,40783
0,4,11,13,23,5,40786
0,4,12,13,23,5,40789
0,4,13,13,23,5,40792
0,4,14,13,23,5,40795
0,4,15,13,23,5,40798
0,4,16,13,23,5,40801
0,4,17,13,23,5,40804
0,4,18,13,23,5,40807
0,4,19,13,23,5,40810
0,4,20,13,23,5,40813
0,4,21,13,23,5,40816
0,4,22,13,23,5,40819
0,4,23,13,23,5,40822
0,4,0,0,23,6,40825
0,4,1,0,23,6,40828
0,4,2,0,23,6,40831
0,4,3,0,23,6,40834
0,4,4,0,23,6,40837
0,4,5,0,23,6,40840
0,4,6,0,23,6,40843
0,4,7,0,23,6,40846
0,4,8,0,23,6,40849
0,4,9,0,23,6,40852
0,4,10,0,23,6,40855
0,4,11,0,23,6,40858
0,4,12,0,23,6,40861
0,4,13,0,23,6,40864
0,4,14,0,23,6,40867
0,4,15,0,23,6,40870
0,4,16,0,23,6,40873
0,4,17,0,23,6,40876
0,4,18,0,23,6,40879
0,4,19,0,23,6,40882
0,4,20,0,23,6,40885
0,4,21,0,23,6,40888
0,4,22,0,23,6,40891
0,4,23,0,23,6,40894
0,4,0,1,23,6,40897
0,4,1,1,23,6,40900
0,4,2,1,23,6,40903
0,4,3,1,23,6,40906
0,4,4,1,23,6,40909
0,4,5,1,23,6,40912
0,4,6,1,23,6,40915
0,4,7,1,23,6,40918
0,4,8,1,23,6,40921
0,4,9,1,23,6,40924
0,4,10,1,23,6,40927
0,4,11,1,23,6,40930
0,4,12,1,23,6,40933
0,4,13,1,23,6,40936
0,4,14,1,23,6,40939
0,4,15,1,23,6,40942
0,4,16,1,23,6,40945
0,4,17,1,23,6,40948
0,4,18,1,23,6,40951
0,4,19,1,23,6,40954
0,4,20,1,23,6,40957
0,4,21,1,23,6,40960
0,4,22,1,23,6,40963
0,4,23,1,23,6,40966
0,4,0,2,23,6,40969
0,4,1,2,23,6,40972
0,4,2,2,23,6,40975
0,4,3,2,23,6,40978
0,4,4,2,23,6,40981
0,4,5,2,23,6,40984
0,4,6,2,23,6,40987
0,4,7,2,23,6,40990
0,4,8,2,23,6,40993
0,4,9,2,23,6,40996
0,4,10,2,23,6,40999
0,4,11,2,23,6,41002
0,4,12,2,23,6,41005
0,4,13,2,23,6,41008
0,4,14,2,23,6,41011
0,4,15,2,23,6,41014
0,4,16,2,23,6,41017
0,4,17,2,23,6,41020
0,4,18,2,23,6,41023
0,4,19,2,23,6,41026
0,4,20,2,23,6,41029
0,4,21,2,23,6,41032
0,4,22,2,23,6,41035
0,4,23,2,23,6,41038
0,4,0,3,23,6,41041
0,4,1,3,23,6,41044
0,4,2,3,23,6,41047
0,4,3,3,23,6,41050
0,4,4,3,23,6,41053
0,4,5,3,23,6,41056
0,4,6,3,23,6,41059
0,4,7,3,23,6,41062
0,4,8,3,23,6,41065
0,4,9,3,23,6,41068
0,4,10,3,23,6,41071
0,4,11,3,23,6,41074
0,4,12,3,23,6,41077
0,4,13,3,23,6,41080
0,4,14,3,23,6,41083
0,4,15,3,23,6,41086
0,4,16,3,23,6,41089
0,4,17,3,23,6,41092
0,4,18,3,23,6,41095
0,4,19,3,23,6,41098
0,4,20,3,23,6,41101
0,4,21,3,23,6,41104
0,4,22,3,23,6,41107
0,4,23,3,23,6,41110
0,4,1,4,23,6,41113
0,4,2,4,23,6,41116
0,4,3,4,23,6,41119
0,4,4,4,23,6,41122
0,4,5,4,23,6,41125
0,4,6,4,23,6,41128
0,4,7,4,23,6,41131
0,4,8,4,23,6,41134
0,4,9,4,23,6,41137
0,4,10,4,23,6,41140
0,4,11,4,23,6,41143
0,4,12,4,23,6,41146
0,4,13,4,23,6,41149
0,4,14,4,23,6,41152
0,4,15,4,23,6,41155
0,4,16,4,23,6,41158
0,4,17,4,23,6,41161
0,4,18,4,23,6,41164
0,4,19,4,23,6,41167
0,4,20,4,23,6,41170
0,4,21,4,23,6,41173
0,4,22,4,23,6,41176
0,4,23,4,23,6,41179
0,4,1,5,23,6,41182
0,4,2,5,23,6,41185
0,4,3,5,23,6,41188
0,4,4,5,23,6,41191
0,4,5,5,23,6,41194
0,4,6,5,23,6,41197
0,4,7,5,23,6,41200
0,4,8,5,23,6,41203
0,4,9,5,23,6,41206
0,4,10,5,23,6,41209
0,4,11,5,23,6,41212
0,4,12,5,23,6,41215
0,4,13,5,23,6,41218
0,4,14,5,23,6,41221
0,4,15,5,23,6,41224
0,4,16,5,23,6,41227
0,4,17,5,23,6,41230
0,4,18,5,23,6,41233
0,4,19,5,23,6,41236
0,4,20,5,23,6,41239
0,4,21,5,23,6,41242
0,4,22,5,23,6,41245
0,4,23,5,23,6,41248
0,4,1,6,23,6,41251
0,4,2,6,23,6,41254
0,4,3,6,23,6,41257
0,4,4,6,23,6,41260
0,4,5,6,23,6,41263
0,4,6,6,23,6,41266
0,4,7,6,23,6,41269
0,4,8,6,23,6,41272
0,4,9,6,23,6,41275
0,4,10,6,23,6,41278
0,4,11,6,23,6,41281
0,4,12,6,23,6,41284
0,4,13,6,23,6,41287
0,4,14,6,23,6,41290
0,4,15,6,23,6,41293
0,4,16,6,23,6,41296
0,4,17,6,23,6,41299
0,4,18,6,23,6,41302
0,4,19,6,23,6,41305
0,4,20,6,23,6,41308
0,4,21,6,23,6,41311
0,4,22,6,23,6,41314
0,4,1,7,23,6,41317
0,4,2,7,23,6,41320
0,4,3,7,23,6,41323
0,4,4,7,23,6,41326
0,4,5,7,23,6,41329
0,4,6,7,23,6,41332
0,4,7,7,23,6,41335
0,4,8,7,23,6,41338
0,4,9,7,23,6,41341
0,4,10,7,23,6,41344
0,4,11,7,23,6,41347
0,4,12,7,23,6,41350
0,4,13,7,23,6,41353
0,4,14,7,23,6,41356
0,4,15,7,23,6,41359
0,4,16,7,23,6,41362
0,4,17,7,23,6,41365
0,4,18,7,23,6,41368
0,4,19,7,23,6,41371
0,4,20,7,23,6,41374
0,4,21,7,23,6,41377
0,4,22,7,23,6,41380
0,4,1,8,23,6,41383
0,4,2,8,23,6,41386
0,4,3,8,23,6,41389
0,4,4,8,23,6,41392
0,4,5,8,23,6,41395
0,4,6,8,23,6,41398
0,4,7,8,23,6,41401
0,4,8,8,23,6,41404
0,4,9,8,23,6,41407
0,4,10,8,23,6,41410
0,4,11,8,23,6,41413
0,4,12,8,23,6,41416
0,4,13,8,23,6,41419
0,4,14,8,23,6,41422
0,4,15,8,23,6,41425
0,4,16,8,23,6,41428
0,4,17,8,23,6,41431
0,4,18,8,23,6,41434
0,4,19,8,23,6,41437
0,4,20,8,23,6,41440
0,4,21,8,23,6,41443
0,4,22,8,23,6,41446
0,4,1,9,23,6,41449
0,4,2,9,23,6,41452
0,4,3,9,23,6,41455
0,4,4,9,23,6,41458
0,4,5,9,23,6,41461
0,4,6,9,23,6,41464
0,4,7,9,23,6,41467
0,4,8,9,23,6,41470
0,4,9,9,23,6,41473
0,4,10,9,23,6,41476
0,4,11,9,23,6,41479
0,4,12,9,23,6,41482
0,4,13,9,23,6,41485
0,4,14,9,23,6,41488
0,4,15,9,23,6,41491
0,4,16,9,23,6,41494
0,4,17,9,23,6,41497
0,4,18,9,23,6,41500
0,4,19,9,23,6,41503
0,4,20,9,23,6,41506
0,4,21,9,23,6,41509
0,4,22,9,23,6,41512
0,4,0,10,23,6,41515
0,4,1,10,23,6,41518
0,4,2,10,23,6,41521
0,4,3,10,23,6,41524
0,4,4,10,23,6,41527
0,4,5,10,23,6,41530
0,4,6,10,23,6,41533
0,4,7,10,23,6,41536
0,4,8,10,23,6,41539
0,4,9,10,23,6,41542
0,4,10,10,23,6,41545
0,4,11,10,23,6,41548
0,4,12,10,23,6,41551
0,4,13,10,23,6,41554
0,4,14,10,23,6,41557
0,4,15,10,23,6,41560
0,4,16,10,23,6,41563
0,4,17,10,23,6,41566
0,4,18,10,23,6,41569
0,4,19,10,23,6,41572
0,4,20,10,23,6,41575
0,4,21,10,23,6,41578
0,4,22,10,23,6,41581
0,4,0,11,23,6,41584
0,4,1,11,23,6,41587
0,4,2,11,23,6,41590
0,4,3,11,23,6,41593
0,4,4,11,23,6,41596
0,4,5,11,23,6,41599
0,4,6,11,23,6,41602
0,4,7,11,23,6,41605
0,4,8,11,23,6,41608
0,4,9,11,23,6,41611
0,4,10,11,23,6,41614
0,4,11,11,23,6,41617
0,4,12,11,23,6,41620
0,4,13,11,23,6,41623
0,4,14,11,23,6,41626
0,4,15,11,23,6,41629
0,4,16,11,23,6,41632
0,4,17,11,23,6,41635
0,4,18,11,23,6,41638
0,4,19,11,23,6,41641
0,4,20,11,23,6,41644
0,4,21,11,23,6,41647
0,4,22,11,23,6,41650
0,4,0,12,23,6,41653
0,4,1,12,23,6,41656
0,4,2,12,23,6,41659
0,4,3,12,23,6,41662
0,4,4,12,23,6,41665
0,4,5,12,23,6,41668
0,4,6,12,23,6,41671
0,4,7,12,23,6,41674
0,4,8,12,23,6,41677
0,4,9,12,23,6,41680
0,4,10,12,23,6,41683
0,4,11,12,23,6,41686
0,4,12,12,23,6,41689
0,4,13,12,23,6,41692
0,4,14,12,23,6,41695
0,4,15,12,23,6,41698
0,4,16,12,23,6,41701
0,4,17,12,23,6,41704
0,4,18,12,23,6,41707
0,4,19,12,23,6,41710
0,4,20,12,23,6,41713
0,4,21,12,23,6,41716
0,4,22,12,23,6,41719
0,4,23,12,23,6,41722
0,4,0,13,23,6,41725
0,4,1,13,23,6,41728
0,4,2,13,23,6,41731
0,4,3,13,23,6,41734
0,4,4,13,23,6,41737
0,4,5,13,23,6,41740
0,4,6,13,23,6,41743
0,4,7,13,23,6,41746
0,4,8,13,23,6,41749
0,4,9,13,23,6,41752
0,4,10,13,23,6,41755
0,4,11,13,23,6,41758
0,4,12,13,23,6,41761
0,4,13,13,23,6,41764
0,4,14,13,23,6,41767
0,4,15,13,23,6,41770
0,4,16,13,23,6,41773
0,4,17,13,23,6,41776
0,4,18,13,23,6,41779
0,4,19,13,23,6,41782
0,4,20,13,23,6,41785
0,4,21,13,23,6,41788
0,4,22,13,23,6,41791
0,4,23,13,23,6,41794
0,4,0,0,23,7,41797
0,4,1,0,23,7,41800
0,4,2,0,23,7,41803
0,4,3,0,23,7,41806
0,4,4,0,23,7,41809
0,4,5,0,23,7,41812
0,4,6,0,23,7,41815
0,4,7,0,23,7,41818
0,4,8,0,23,7,41821
0,4,9,0,23,7,41824
0,4,10,0,23,7,41827
0,4,11,0,23,7,41830
0,4,12,0,23,7,41833
0,4,13,0,23,7,41836
0,4,14,0,23,7,41839
0,4,15,0,23,7,41842
0,4,16,0,23,7,41845
0,4,17,0,23,7,41848
0,4,18,0,23,7,41851
0,4,19,0,23,7,41854
0,4,20,0,23,7,41857
0,4,21,0,23,7,41860
0,4,22,0,23,7,41863
0,4,23,0,23,7,41866
0,4,0,1,23,7,41869
0,4,1,1,23,7,41872
0,4,2,1,23,7,41875
0,4,3,1,23,7,41878
0,4,4,1,23,7,41881
0,4,5,1,23,7,41884
0,4,6,1,23,7,41887
0,4,7,1,23,7,41890
0,4,8,1,23,7,41893
0,4,9,1,23,7,41896
0,4,10,1,23,7,41899
0,4,11,1,23,7,41902
0,4,12,1,23,7,41905
0,4,13,1,23,7,41908
0,4,14,1,23,7,41911
0,4,15,1,23,7,41914
0,4,16,1,23,7,41917
0,4,17,1,23,7,41920
0,4,18,1,23,7,41923
0,4,19,1,23,7,41926
0,4,20,1,23,7,41929
0,4,21,1,23,7,41932
0,4,22,1,23,7,41935
0,4,23,1,23,7,41938
0,4,0,2,23,7,41941
0,4,1,2,23,7,41944
0,4,2,2,23,7,41947
0,4,3,2,23,7,41950
0,4,4,2,23,7,41953
0,4,5,2,23,7,41956
0,4,6,2,23,7,41959
0,4,7,2,23,7,41962
0,4,8,2,23,7,41965
0,4,9,2,23,7,41968
0,4,10,2,23,7,41971
0,4,11,2,23,7,41974
0,4,12,2,23,7,41977
0,4,13,2,23,7,41980
0,4,14,2,23,7,41983
0,4,15,2,23,7,41986
0,4,16,2,23,7,41989
0,4,17,2,23,7,41992
0,4,18,2,23,7,41995
0,4,19,2,23,7,41998
0,4,20,2,23,7,42001
0,4,21,2,23,7,42004
0,4,22,2,23,7,42007
0,4,23,2,23,7,42010
0,4,0,3,23,7,42013
0,4,1,3,23,7,42016
0,4,2,3,23,7,42019
0,4,3,3,23,7,42022
0,4,4,3,23,7,42025
0,4,5,3,23,7,42028
0,4,6,3,23,7,42031
0,4,7,3,23,7,42034
0,4,8,3,23,7,42037
0,4,9,3,23,7,42040
0,4,10,3,23,7,42043
0,4,11,3,23,7,42046
0,4,12,3,23,7,42049
0,4,13,3,23,7,42052
0,4,14,3,23,7,42055
0,4,15,3,23,7,42058
0,4,16,3,23,7,42061
0,4,17,3,23,7,42064
0,4,18,3,23,7,42067
0,4,19,3,23,7,42070
0,4,20,3,23,7,42073
0,4,21,3,23,7,42076
0,4,22,3,23,7,42079
0,4,23,3,23,7,42082
0,4,1,4,23,7,42085
0,4,2,4,23,7,42088
0,4,3,4,23,7,42091
0,4,4,4,23,7,42094
0,4,5,4,23,7,42097
0,4,6,4,23,7,42100
0,4,7,4,23,7,42103
0,4,8,4,23,7,42106
0,4,9,4,23,7,42109
0,4,10,4,23,7,42112
0,4,11,4,23,7,42115
0,4,12,4,23,7,42118
0,4,13,4,23,7,42121
0,4,14,4,23,7,42124
0,4,15,4,23,7,42127
0,4,16,4,23,7,42130
0,4,17,4,23,7,42133
0,4,18,4,23,7,42136
0,4,19,4,23,7,42139
0,4,20,4,23,7,42142
0,4,21,4,23,7,42145
0,4,22,4,23,7,42148
0,4,23,4,23,7,42151
0,4,1,5,23,7,42154
0,4,2,5,23,7,42157
0,4,3,5,23,7,42160
0,4,4,5,23,7,42163
0,4,5,5,23,7,42166
0,4,6,5,23,7,42169
0,4,7,5,23,7,42172
0,4,8,5,23,7,42175
0,4,9,5,23,7,42178
0,4,10,5,23,7,42181
0,4,11,5,23,7,42184
0,4,12,5,23,7,42187
0,4,13,5,23,7,42190
0,4,14,5,23,7,42193
0,4,15,5,23,7,42196
0,4,16,5,23,7,42199
0,4,17,5,23,7,42202
0,4,18,5,23,7,42205
0,4,19,5,23,7,42208
0,4,20,5,23,7,42211
0,4,21,5,23,7,42214
0,4,22,5,23,7,42217
0,4,23,5,23,7,42220
0,4,1,6,23,7,42223
0,4,2,6,23,7,42226
0,4,3,6,23,7,42229
0,4,4,6,23,7,42232
0,4,5,6,23,7,42235
0,4,6,6,23,7,42238
0,4,7,6,23,7,42241
0,4,8,6,23,7,42244
0,4,9,6,23,7,42247
0,4,10,6,23,7,42250
0,4,11,6,23,7,42253
0,4,12,6,23,7,42256
0,4,13,6,23,7,42259
0,4,14,6,23,7,42262
0,4,15,6,23,7,42265
0,4,16,6,23,7,42268
0,4,17,6,23,7,42271
0,4,18,6,23,7,42274
0,4,19,6,23,7,42277
0,4,20,6,23,7,42280
0,4,21,6,23,7,42283
0,4,22,6,23,7,42286
0,4,23,6,23,7,42289
0,4,1,7,23,7,42292
0,4,2,7,23,7,42295
0,4,3,7,23,7,42298
0,4,4,7,23,7,42301
0,4,5,7,23,7,42304
0,4,6,7,23,7,42307
0,4,7,7,23,7,42310
0,4,8,7,23,7,42313
0,4,9,7,23,7,42316
0,4,10,7,23,7,42319
0,4,11,7,23,7,42322
0,4,12,7,23,7,42325
0,4,13,7,23,7,42328
0,4,14,7,23,7,42331
0,4,15,7,23,7,42334
0,4,16,7,23,7,42337
0,4,17,7,23,7,42340
0,4,18,7,23,7,42343
0,4,19,7,23,7,42346
0,4,20,7,23,7,42349
0,4,21,7,23,7,42352
0,4,22,7,23,7,42355
0,4,1,8,23,7,42358
0,4,2,8,23,7,42361
0,4,3,8,23,7,42364
0,4,4,8,23,7,42367
0,4,5,8,23,7,42370
0,4,6,8,23,7,42373
0,4,7,8,23,7,42376
0,4,8,8,23,7,42379
0,4,9,8,23,7,42382
0,4,10,8,23,7,42385
0,4,11,8,23,7,42388
0,4,12,8,23,7,42391
0,4,13,8,23,7,42394
0,4,14,8,23,7,42397
0,4,15,8,23,7,42400
0,4,16,8,23,7,42403
0,4,17,8,23,7,42406
0,4,18,8,23,7,42409
0,4,19,8,23,7,42412
0,4,20,8,23,7,42415
0,4,21,8,23,7,42418
0,4,22,8,23,7,42421
0,4,1,9,23,7,42424
0,4,2,9,23,7,42427
0,4,3,9,23,7,42430
0,4,4,9,23,7,42433
0,4,5,9,23,7,42436
0,4,6,9,23,7,42439
0,4,7,9,23,7,42442
0,4,8,9,23,7,42445
0,4,9,9,23,7,42448
0,4,10,9,23,7,42451
0,4,11,9,23,7,42454
0,4,12,9,23,7,42457
0,4,13,9,23,7,42460
0,4,14,9,23,7,42463
0,4,15,9,23,7,42466
0,4,16,9,23,7,42469
0,4,17,9,23,7,42472
0,4,18,9,23,7,42475
0,4,19,9,23,7,42478
0,4,20,9,23,7,42481
0,4,21,9,23,7,42484
0,4,22,9,23,7,42487
0,4,0,10,23,7,42490
0,4,1,10,23,7,42493
0,4,2,10,23,7,42496
0,4,3,10,23,7,42499
0,4,4,10,23,7,42502
0,4,5,10,23,7,42505
0,4,6,10,23,7,42508
0,4,7,10,23,7,42511
0,4,8,10,23,7,42514
0,4,9,10,23,7,42517
0,4,10,10,23,7,42520
0,4,11,10,23,7,42523
0,4,12,10,23,7,42526
0,4,13,10,23,7,42529
0,4,14,10,23,7,42532
0,4,15,10,23,7,42535
0,4,16,10,23,7,42538
0,4,17,10,23,7,42541
0,4,18,10,23,7,42544
0,4,19,10,23,7,42547
0,4,20,10,23,7,42550
0,4,21,10,23,7,42553
0,4,22,10,23,7,42556
0,4,0,11,23,7,42559
0,4,1,11,23,7,42562
0,4,2,11,23,7,42565
0,4,3,11,23,7,42568
0,4,4,11,23,7,42571
0,4,5,11,23,7,42574
0,4,6,11,23,7,42577
0,4,7,11,23,7,42580
0,4,8,11,23,7,42583
0,4,9,11,23,7,42586
0,4,10,11,23,7,42589
0,4,11,11,23,7,42592
0,4,12,11,23,7,42595
0,4,13,11,23,7,42598
0,4,14,11,23,7,42601
0,4,15,11,23,7,42604
0,4,16,11,23,7,42607
0,4,17,11,23,7,42610
0,4,18,11,23,7,42613
0,4,19,11,23,7,42616
0,4,20,11,23,7,42619
0,4,21,11,23,7,42622
0,4,22,11,23,7,42625
0,4,0,12,23,7,42628
0,4,1,12,23,7,42631
0,4,2,12,23,7,42634
0,4,3,12,23,7,42637
0,4,4,12,23,7,42640
0,4,5,12,23,7,42643
0,4,6,12,23,7,42646
0,4,7,12,23,7,42649
0,4,8,12,23,7,42652
0,4,9,12,23,7,42655
0,4,10,12,23,7,42658
0,4,11,12,23,7,42661
0,4,12,12,23,7,42664
0,4,13,12,23,7,42667
0,4,14,12,23,7,42670
0,4,15,12,23,7,42673
0,4,16,12,23,7,42676
0,4,17,12,23,7,42679
0,4,18,12,23,7,42682
0,4,19,12,23,7,42685
0,4,20,12,23,7,42688
0,4,21,12,23,7,42691
0,4,22,12,23,7,42694
0,4,0,13,23,7,42697
0,4,1,13,23,7,42700
0,4,2,13,23,7,42703
0,4,3,13,23,7,42706
0,4,4,13,23,7,42709
0,4,5,13,23,7,42712
0,4,6,13,23,7,42715
0,4,7,13,23,7,42718
0,4,8,13,23,7,42721
0,4,9,13,23,7,42724
0,4,10,13,23,7,42727
0,4,11,13,23,7,42730
0,4,12,13,23,7,42733
0,4,13,13,23,7,42736
0,4,14,13,23,7,42739
0,4,15,13,23,7,42742
0,4,16,13,23,7,42745
0,4,17,13,23,7,42748
0,4,18,13,23,7,42751
0,4,19,13,23,7,42754
0,4,20,13,23,7,42757
0,4,21,13,23,7,42760
0,4,22,13,23,7,42763
0,4,23,13,23,7,42766
0,4,0,0,23,8,42769
0,4,1,0,23,8,42772
0,4,2,0,23,8,42775
0,4,3,0,23,8,42778
0,4,4,0,23,8,42781
0,4,5,0,23,8,42784
0,4,6,0,23,8,42787
0,4,7,0,23,8,42790
0,4,8,0,23,8,42793
0,4,9,0,23,8,42796
0,4,10,0,23,8,42799
0,4,11,0,23,8,42802
0,4,12,0,23,8,42805
0,4,13,0,23,8,42808
0,4,14,0,23,8,42811
0,4,15,0,23,8,42814
0,4,16,0,23,8,42817
0,4,17,0,23,8,42820
0,4,18,0,23,8,42823
0,4,19,0,23,8,42826
0,4,20,0,23,8,42829
0,4,21,0,23,8,42832
0,4,22,0,23,8,42835
0,4,23,0,23,8,42838
0,4,0,1,23,8,42841
0,4,1,1,23,8,42844
0,4,2,1,23,8,42847
0,4,3,1,23,8,42850
0,4,4,1,23,8,42853
0,4,5,1,23,8,42856
0,4,6,1,23,8,42859
0,4,7,1,23,8,42862
0,4,8,1,23,8,42865
0,4,9,1,23,8,42868
0,4,10,1,23,8,42871
0,4,11,1,23,8,42874
0,4,12,1,23,8,42877
0,4,13,1,23,8,42880
0,4,14,1,23,8,42883
0,4,15,1,23,8,42886
0,4,16,1,23,8,42889
0,4,17,1,23,8,42892
0,4,18,1,23,8,42895
0,4,19,1,23,8,42898
0,4,20,1,23,8,42901
0,4,21,1,23,8,42904
0,4,22,1,23,8,42907
0,4,23,1,23,8,42910
0,4,0,2,23,8,42913
0,4,1,2,23,8,42916
0,4,2,2,23,8,42919
0,4,3,2,23,8,42922
0,4,4,2,23,8,42925
0,4,5,2,23,8,42928
0,4,6,2,23,8,42931
0,4,7,2,23,8,42934
0,4,8,2,23,8,42937
0,4,9,2,23,8,42940
0,4,10,2,23,8,42943
0,4,11,2,23,8,42946
0,4,12,2,23,8,42949
0,4,13,2,23,8,42952
0,4,14,2,23,8,42955
0,4,15,2,23,8,42958
0,4,16,2,23,8,42961
0,4,17,2,23,8,42964
0,4,18,2,23,8,42967
0,4,19,2,23,8,42970
0,4,20,2,23,8,42973
0,4,21,2,23,8,42976
0,4,22,2,23,8,42979
0,4,23,2,23,8,42982
0,4,0,3,23,8,42985
0,4,1,3,23,8,42988
0,4,2,3,23,8,42991
0,4,3,3,23,8,42994
0,4,4,3,23,8,42997
0,4,5,3,23,8,43000
0,4,6,3,23,8,43003
0,4,7,3,23,8,43006
0,4,8,3,23,8,43009
0,4,9,3,23,8,43012
0,4,10,3,23,8,43015
0,4,11,3,23,8,43018
0,4,12,3,23,8,43021
0,4,13,3,23,8,43024
0,4,14,3,23,8,43027
0,4,15,3,23,8,43030
0,4,16,3,23,8,43033
0,4,17,3,23,8,43036
0,4,18,3,23,8,43039
0,4,19,3,23,8,43042
0,4,20,3,23,8,43045
0,4,21,3,23,8,43048
0,4,22,3,23,8,43051
0,4,23,3,23,8,43054
0,4,1,4,23,8,43057
0,4,2,4,23,8,43060
0,4,3,4,23,8,43063
0,4,4,4,23,8,43066
0,4,5,4,23,8,43069
0,4,6,4,23,8,43072
0,4,7,4,23,8,43075
0,4,8,4,23,8,43078
0,4,9,4,23,8,43081
0,4,10,4,23,8,43084
0,4,11,4,23,8,43087
0,4,12,4,23,8,43090
0,4,13,4,23,8,43093
0,4,14,4,23,8,43096
0,4,15,4,23,8,43099
0,4,16,4,23,8,43102
0,4,17,4,23,8,43105
0,4,18,4,23,8,43108
0,4,19,4,23,8,43111
0,4,20,4,23,8,43114
0,4,21,4,23,8,43117
0,4,22,4,23,8,43120
0,4,23,4,23,8,43123
0,4,1,5,23,8,43126
0,4,2,5,23,8,43129
0,4,3,5,23,8,43132
0,4,4,5,23,8,43135
0,4,5,5,23,8,43138
0,4,6,5,23,8,43141
0,4,7,5,23,8,43144
0,4,8,5,23,8,43147
0,4,9,5,23,8,43150
0,4,10,5,23,8,43153
0,4,11,5,23,8,43156
0,4,12,5,23,8,43159
0,4,13,5,23,8,43162
0,4,14,5,23,8,43165
0,4,15,5,23,8,43168
0,4,16,5,23,8,43171
0,4,17,5,23,8,43174
0,4,18,5,23,8,43177
0,4,19,5,23,8,43180
0,4,20,5,23,8,43183
0,4,21,5,23,8,43186
0,4,22,5,23,8,43189
0,4,23,5,23,8,43192
0,4,1,6,23,8,43195
0,4,2,6,23,8,43198
0,4,3,6,23,8,43201
0,4,4,6,23,8,43204
0,4,5,6,23,8,43207
0,4,6,6,23,8,43210
0,4,7,6,23,8,43213
0,4,8,6,23,8,43216
0,4,9,6,23,8,43219
0,4,10,6,23,8,43222
0,4,11,6,23,8,43225
0,4,12,6,23,8,43228
0,4,13,6,23,8,43231
0,4,14,6,23,8,43234
0,4,15,6,23,8,43237
0,4,16,6,23,8,43240
0,4,17,6,23,8,43243
0,4,18,6,23,8,43246
0,4,19,6,23,8,43249
0,4,20,6,23,8,43252
0,4,21,6,23,8,43255
0,4,22,6,23,8,43258
0,4,23,6,23,8,43261
0,4,1,7,23,8,43264
0,4,2,7,23,8,43267
0,4,3,7,23,8,43270
0,4,4,7,23,8,43273
0,4,5,7,23,8,43276
0,4,6,7,23,8,43279
0,4,7,7,23,8,43282
0,4,8,7,23,8,43285
0,4,9,7,23,8,43288
0,4,10,7,23,8,43291
0,4,11,7,23,8,43294
0,4,12,7,23,8,43297
0,4,13,7,23,8,43300
0,4,14,7,23,8,43303
0,4,15,7,23,8,43306
0,4,16,7,23,8,43309
0,4,17,7,23,8,43312
0,4,18,7,23,8,43315
0,4,19,7,23,8,43318
0,4,20,7,23,8,43321
0,4,21,7,23,8,43324
0,4,22,7,23,8,43327
0,4,23,7,23,8,43330
0,4,1,8,23,8,43333
0,4,2,8,23,8,43336
0,4,3,8,23,8,43339
0,4,4,8,23,8,43342
0,4,5,8,23,8,43345
0,4,6,8,23,8,43348
0,4,7,8,23,8,43351
0,4,8,8,23,8,43354
0,4,9,8,23,8,43357
0,4,10,8,23,8,43360
0,4,11,8,23,8,43363
0,4,12,8,23,8,43366
0,4,13,8,23,8,43369
0,4,14,8,23,8,43372
0,4,15,8,23,8,43375
0,4,16,8,23,8,43378
0,4,17,8,23,8,43381
0,4,18,8,23,8,43384
0,4,19,8,23,8,43387
0,4,20,8,23,8,43390
0,4,21,8,23,8,43393
0,4,22,8,23,8,43396
0,4,1,9,23,8,43399
0,4,2,9,23,8,43402
0,4,3,9,23,8,43405
0,4,4,9,23,8,43408
0,4,5,9,23,8,43411
0,4,6,9,23,8,43414
0,4,7,9,23,8,43417
0,4,8,9,23,8,43420
0,4,9,9,23,8,43423
0,4,10,9,23,8,43426
0,4,11,9,23,8,43429
0,4,12,9,23,8,43432
0,4,13,9,23,8,43435
0,4,14,9,23,8,43438
0,4,15,9,23,8,43441
0,4,16,9,23,8,43444
0,4,17,9,23,8,43447
0,4,18,9,23,8,43450
0,4,19,9,23,8,43453
0,4,20,9,23,8,43456
0,4,21,9,23,8,43459
0,4,22,9,23,8,43462
0,4,0,10,23,8,43465
0,4,1,10,23,8,43468
0,4,2,10,23,8,43471
0,4,3,10,23,8,43474
0,4,4,10,23,8,43477
0,4,5,10,23,8,43480
0,4,6,10,23,8,43483
0,4,7,10,23,8,43486
0,4,8,10,23,8,43489
0,4,9,10,23,8,43492
0,4,10,10,23,8,43495
0,4,11,10,23,8,43498
0,4,12,10,23,8,43501
0,4,13,10,23,8,43504
0,4,14,10,23,8,43507
0,4,15,10,23,8,43510
0,4,16,10,23,8,43513
0,4,17,10,23,8,43516
0,4,18,10,23,8,43519
0,4,19,10,23,8,43522
0,4,20,10,23,8,43525
0,4,21,10,23,8,43528
0,4,22,10,23,8,43531
0,4,0,11,23,8,43534
0,4,1,11,23,8,43537
0,4,2,11,23,8,43540
0,4,3,11,23,8,43543
0,4,4,11,23,8,43546
0,4,5,11,23,8,43549
0,4,6,11,23,8,43552
0,4,7,11,23,8,43555
0,4,8,11,23,8,43558
0,4,9,11,23,8,43561
0,4,10,11,23,8,43564
0,4,11,11,23,8,43567
0,4,12,11,23,8,43570
0,4,13,11,23,8,43573
0,4,14,11,23,8,43576
0,4,15,11,23,8,43579
0,4,16,11,23,8,43582
0,4,17,11,23,8,43585
0,4,18,11,23,8,43588
0,4,19,11,23,8,43591
0,4,20,11,23,8,43594
0,4,21,11,23,8,43597
0,4,22,11,23,8,43600
0,4,0,12,23,8,43603
0,4,1,12,23,8,43606
0,4,2,12,23,8,43609
0,4,3,12,23,8,43612
0,4,4,12,23,8,43615
0,4,5,12,23,8,43618
0,4,6,12,23,8,43621
0,4,7,12,23,8,43624
0,4,8,12,23,8,43627
0,4,9,12,23,8,43630
0,4,10,12,23,8,43633
0,4,11,12,23,8,43636
0,4,12,12,23,8,43639
0,4,13,12,23,8,43642
0,4,14,12,23,8,43645
0,4,15,12,23,8,43648
0,4,16,12,23,8,43651
0,4,17,12,23,8,43654
0,4,18,12,23,8,43657
0,4,19,12,23,8,43660
0,4,20,12,23,8,43663
0,4,21,12,23,8,43666
0,4,22,12,23,8,43669
0,4,0,13,23,8,43672
0,4,1,13,23,8,43675
0,4,2,13,23,8,43678
0,4,3,13,23,8,43681
0,4,4,13,23,8,43684
0,4,5,13,23,8,43687
0,4,6,13,23,8,43690
0,4,7,13,23,8,43693
0,4,8,13,23,8,43696
0,4,9,13,23,8,43699
0,4,10,13,23,8,43702
0,4,11,13,23,8,43705
0,4,12,13,23,8,43708
0,4,13,13,23,8,43711
0,4,14,13,23,8,43714
0,4,15,13,23,8,43717
0,4,16,13,23,8,43720
0,4,17,13,23,8,43723
0,4,18,13,23,8,43726
0,4,19,13,23,8,43729
0,4,20,13,23,8,43732
0,4,21,13,23,8,43735
0,4,22,13,23,8,43738
0,5,0,0,23,0,43741
0,5,1,0,23,0,43744
0,5,2,0,23,0,43747
0,5,3,0,23,0,43750
0,5,4,0,23,0,43753
0,5,5,0,23,0,43756
0,5,6,0,23,0,43759
0,5,7,0,23,0,43762
0,5,8,0,23,0,43765
0,5,9,0,23,0,43768
0,5,10,0,23,0,43771
0,5,11,0,23,0,43774
0,5,12,0,23,0,43777
0,5,13,0,23,0,43780
0,5,14,0,23,0,43783
0,5,15,0,23,0,43786
0,5,16,0,23,0,43789
0,5,17,0,23,0,43792
0,5,18,0,23,0,43795
0,5,19,0,23,0,43798
0,5,20,0,23,0,43801
0,5,21,0,23,0,43804
0,5,22,0,23,0,43807
0,5,0,1,23,0,43810
0,5,1,1,23,0,43813
0,5,2,1,23,0,43816
0,5,3,1,23,0,43819
0,5,4,1,23,0,43822
0,5,5,1,23,0,43825
0,5,6,1,23,0,43828
0,5,7,1,23,0,43831
0,5,8,1,23,0,43834
0,5,9,1,23,0,43837
0,5,10,1,23,0,43840
0,5,11,1,23,0,43843
0,5,12,1,23,0,43846
0,5,13,1,23,0,43849
0,5,14,1,23,0,43852
0,5,15,1,23,0,43855
0,5,16,1,23,0,43858
0,5,17,1,23,0,43861
0,5,18,1,23,0,43864
0,5,19,1,23,0,43867
0,5,20,1,23,0,43870
0,5,21,1,23,0,43873
0,5,22,1,23,0,43876
0,5,0,2,23,0,43879
0,5,1,2,23,0,43882
0,5,2,2,23,0,43885
0,5,3,2,23,0,43888
0,5,4,2,23,0,43891
0,5,5,2,23,0,43894
0,5,6,2,23,0,43897
0,5,7,2,23,0,43900
0,5,8,2,23,0,43903
0,5,9,2,23,0,43906
0,5,10,2,23,0,43909
0,5,11,2,23,0,43912
0,5,12,2,23,0,43915
0,5,13,2,23,0,43918
0,5,14,2,23,0,43921
0,5,15,2,23,0,43924
0,5,16,2,23,0,43927
0,5,17,2,23,0,43930
0,5,18,2,23,0,43933
0,5,19,2,23,0,43936
0,5,20,2,23,0,43939
0,5,21,2,23,0,43942
0,5,22,2,23,0,43945
0,5,0,3,23,0,43948
0,5,1,3,23,0,43951
0,5,2,3,23,0,43954
0,5,3,3,23,0,43957
0,5,4,3,23,0,43960
0,5,5,3,23,0,43963
0,5,6,3,23,0,43966
0,5,7,3,23,0,43969
0,5,8,3,23,0,43972
0,5,9,3,23,0,43975
0,5,10,3,23,0,43978
0,5,11,3,23,0,43981
0,5,12,3,23,0,43984
0,5,13,3,23,0,43987
0,5,14,3,23,0,43990
0,5,15,3,23,0,43993
0,5,16,3,23,0,43996
0,5,17,3,23,0,43999
0,5,18,3,23,0,44002
0,5,19,3,23,0,44005
0,5,20,3,23,0,44008
0,5,21,3,23,0,44011
0,5,22,3,23,0,44014
0,5,0,4,23,0,44017
0,5,1,4,23,0,44020
0,5,2,4,23,0,44023
0,5,3,4,23,0,44026
0,5,4,4,23,0,44029
0,5,5,4,23,0,44032
0,5,6,4,23,0,44035
0,5,7,4,23,0,44038
0,5,8,4,23,0,44041
0,5,9,4,23,0,44044
0,5,10,4,23,0,44047
0,5,11,4,23,0,44050
0,5,12,4,23,0,44053
0,5,13,4,23,0,44056
0,5,14,4,23,0,44059
0,5,15,4,23,0,44062
0,5,16,4,23,0,44065
0,5,17,4,23,0,44068
0,5,18,4,23,0,44071
0,5,19,4,23,0,44074
0,5,20,4,23,0,44077
0,5,21,4,23,0,44080
0,5,22,4,23,0,44083
0,5,1,5,23,0,44086
0,5,2,5,23,0,44089
0,5,3,5,23,0,44092
0,5,4,5,23,0,44095
0,5,5,5,23,0,44098
0,5,6,5,23,0,44101
0,5,7,5,23,0,44104
0,5,8,5,23,0,44107
0,5,9,5,23,0,44110
0,5,10,5,23,0,44113
0,5,11,5,23,0,44116
0,5,12,5,23,0,44119
0,5,13,5,23,0,44122
0,5,14,5,23,0,44125
0,5,15,5,23,0,44128
0,5,16,5,23,0,44131
0,5,17,5,23,0,44134
0,5,18,5,23,0,44137
0,5,19,5,23,0,44140
0,5,20,5,23,0,44143
0,5,21,5,23,0,44146
0,5,22,5,23,0,44149
0,5,1,6,23,0,44152
0,5,2,6,23,0,44155
0,5,3,6,23,0,44158
0,5,4,6,23,0,44161
0,5,5,6,23,0,44164
0,5,6,6,23,0,44167
0,5,7,6,23,0,44170
0,5,8,6,23,0,44173
0,5,9,6,23,0,44176
0,5,10,6,23,0,44179
0,5,11,6,23,0,44182
0,5,12,6,23,0,44185
0,5,13,6,23,0,44188
0,5,14,6,23,0,44191
0,5,15,6,23,0,44194
0,5,16,6,23,0,44197
0,5,17,6,23,0,44200
0,5,18,6,23,0,44203
0,5,19,6,23,0,44206
0,5,20,6,23,0,44209
0,5,21,6,23,0,44212
0,5,22,6,23,0,44215
0,5,23,6,23,0,44218
0,5,1,7,23,0,44221
0,5,2,7,23,0,44224
0,5,3,7,23,0,44227
0,5,4,7,23,0,44230
0,5,5,7,23,0,44233
0,5,6,7,23,0,44236
0,5,7,7,23,0,44239
0,5,8,7,23,0,44242
0,5,9,7,23,0,44245
0,5,10,7,23,0,44248
0,5,11,7,23,0,44251
0,5,12,7,23,0,44254
0,5,13,7,23,0,44257
0,5,14,7,23,0,44260
0,5,15,7,23,0,44263
0,5,16,7,23,0,44266
0,5,17,7,23,0,44269
0,5,18,7,23,0,44272
0,5,19,7,23,0,44275
0,5,20,7,23,0,44278
0,5,21,7,23,0,44281
0,5,22,7,23,0,44284
0,5,23,7,23,0,44287
0,5,1,8,23,0,44290
0,5,2,8,23,0,44293
0,5,3,8,23,0,44296
0,5,4,8,23,0,44299
0,5,5,8,23,0,44302
0,5,6,8,23,0,44305
0,5,7,8,23,0,44308
0,5,8,8,23,0,44311
0,5,9,8,23,0,44314
0,5,10,8,23,0,44317
0,5,11,8,23,0,44320
0,5,12,8,23,0,44323
0,5,13,8,23,0,44326
0,5,14,8,23,0,44329
0,5,15,8,23,0,44332
0,5,16,8,23,0,44335
0,5,17,8,23,0,44338
0,5,18,8,23,0,44341
0,5,19,8,23,0,44344
0,5,20,8,23,0,44347
0,5,21,8,23,0,44350
0,5,22,8,23,0,44353
0,5,23,8,23,0,44356
0,5,1,9,23,0,44359
0,5,2,9,23,0,44362
0,5,3,9,23,0,44365
0,5,4,9,23,0,44368
0,5,5,9,23,0,44371
0,5,6,9,23,0,44374
0,5,7,9,23,0,44377
0,5,8,9,23,0,44380
0,5,9,9,23,0,44383
0,5,10,9,23,0,44386
0,5,11,9,23,0,44389
0,5,12,9,23,0,44392
0,5,13,9,23,0,44395
0,5,14,9,23,0,44398
0,5,15,9,23,0,44401
0,5,16,9,23,0,44404
0,5,17,9,23,0,44407
0,5,18,9,23,0,44410
0,5,19,9,23,0,44413
0,5,20,9,23,0,44416
0,5,21,9,23,0,44419
0,5,22,9,23,0,44422
0,5,23,9,23,0,44425
0,5,1,10,23,0,44428
0,5,2,10,23,0,44431
0,5,3,10,23,0,44434
0,5,4,10,23,0,44437
0,5,5,10,23,0,44440
0,5,6,10,23,0,44443
0,5,7,10,23,0,44446
0,5,8,10,23,0,44449
0,5,9,10,23,0,44452
0,5,10,10,23,0,44455
0,5,11,10,23,0,44458
0,5,12,10,23,0,44461
0,5,13,10,23,0,44464
0,5,14,10,23,0,44467
0,5,15,10,23,0,44470
0,5,16,10,23,0,44473
0,5,17,10,23,0,44476
0,5,18,10,23,0,44479
0,5,19,10,23,0,44482
0,5,20,10,23,0,44485
0,5,21,10,23,0,44488
0,5,22,10,23,0,44491
0,5,23,10,23,0,44494
0,5,0,11,23,0,44497
0,5,1,11,23,0,44500
0,5,2,11,23,0,44503
0,5,3,11,23,0,44506
0,5,4,11,23,0,44509
0,5,5,11,23,0,44512
0,5,6,11,23,0,44515
0,5,7,11,23,0,44518
0,5,8,11,23,0,44521
0,5,9,11,23,0,44524
0,5,10,11,23,0,44527
0,5,11,11,23,0,44530
0,5,12,11,23,0,44533
0,5,13,11,23,0,44536
0,5,14,11,23,0,44539
0,5,15,11,23,0,44542
0,5,16,11,23,0,44545
0,5,17,11,23,0,44548
0,5,18,11,23,0,44551
0,5,19,11,23,0,44554
0,5,20,11,23,0,44557
0,5,21,11,23,0,44560
0,5,22,11,23,0,44563
0,5,23,11,23,0,44566
0,5,0,12,23,0,44569
0,5,1,12,23,0,44572
0,5,2,12,23,0,44575
0,5,3,12,23,0,44578
0,5,4,12,23,0,44581
0,5,5,12,23,0,44584
0,5,6,12,23,0,44587
0,5,7,12,23,0,44590
0,5,8,12,23,0,44593
0,5,9,12,23,0,44596
0,5,10,12,23,0,44599
0,5,11,12,23,0,44602
0,5,12,12,23,0,44605
0,5,13,12,23,0,44608
0,5,14,12,23,0,44611
0,5,15,12,23,0,44614
0,5,16,12,23,0,44617
0,5,17,12,23,0,44620
0,5,18,12,23,0,44623
0,5,19,12,23,0,44626
0,5,20,12,23,0,44629
0,5,21,12,23,0,44632
0,5,22,12,23,0,44635
0,5,23,12,23,0,44638
0,5,0,13,23,0,44641
0,5,1,13,23,0,44644
0,5,2,13,23,0,44647
0,5,3,13,23,0,44650
0,5,4,13,23,0,44653
0,5,5,13,23,0,44656
0,5,6,13,23,0,44659
0,5,7,13,23,0,44662
0,5,8,13,23,0,44665
0,5,9,13,23,0,44668
0,5,10,13,23,0,44671
0,5,11,13,23,0,44674
0,5,12,13,23,0,44677
0,5,13,13,23,0,44680
0,5,14,13,23,0,44683
0,5,15,13,23,0,44686
0,5,16,13,23,0,44689
0,5,17,13,23,0,44692
0,5,18,13,23,0,44695
0,5,19,13,23,0,44698
0,5,20,13,23,0,44701
0,5,21,13,23,0,44704
0,5,22,13,23,0,44707
0,5,23,13,23,0,44710
0,5,0,0,23,1,44713
0,5,1,0,23,1,44716
0,5,2,0,23,1,44719
0,5,3,0,23,1,44722
0,5,4,0,23,1,44725
0,5,5,0,23,1,44728
0,5,6,0,23,1,44731
0,5,7,0,23,1,44734
0,5,8,0,23,1,44737
0,5,9,0,23,1,44740
0,5,10,0,23,1,44743
0,5,11,0,23,1,44746
0,5,12,0,23,1,44749
0,5,13,0,23,1,44752
0,5,14,0,23,1,44755
0,5,15,0,23,1,44758
0,5,16,0,23,1,44761
0,5,17,0,23,1,44764
0,5,18,0,23,1,44767
0,5,19,0,23,1,44770
0,5,20,0,23,1,44773
0,5,21,0,23,1,44776
0,5,22,0,23,1,44779
0,5,23,0,23,1,44782
0,5,0,1,23,1,44785
0,5,1,1,23,1,44788
0,5,2,1,23,1,44791
0,5,3,1,23,1,44794
0,5,4,1,23,1,44797
0,5,5,1,23,1,44800
0,5,6,1,23,1,44803
0,5,7,1,23,1,44806
0,5,8,1,23,1,44809
0,5,9,1,23,1,44812
0,5,10,1,23,1,44815
0,5,11,1,23,1,44818
0,5,12,1,23,1,44821
0,5,13,1,23,1,44824
0,5,14,1,23,1,44827
0,5,15,1,23,1,44830
0,5,16,1,23,1,44833
0,5,17,1,23,1,44836
0,5,18,1,23,1,44839
0,5,19,1,23,1,44842
0,5,20,1,23,1,44845
0,5,21,1,23,1,44848
0,5,22,1,23,1,44851
0,5,0,2,23,1,44854
0,5,1,2,23,1,44857
0,5,2,2,23,1,44860
0,5,3,2,23,1,44863
0,5,4,2,23,1,44866
0,5,5,2,23,1,44869
0,5,6,2,23,1,44872
0,5,7,2,23,1,44875
0,5,8,2,23,1,44878
0,5,9,2,23,1,44881
0,5,10,2,23,1,44884
0,5,11,2,23,1,44887
0,5,12,2,23,1,44890
0,5,13,2,23,1,44893
0,5,14,2,23,1,44896
0,5,15,2,23,1,44899
0,5,16,2,23,1,44902
0,5,17,2,23,1,44905
0,5,18,2,23,1,44908
0,5,19,2,23,1,44911
0,5,20,2,23,1,44914
0,5,21,2,23,1,44917
0,5,22,2,23,1,44920
0,5,0,3,23,1,44923
0,5,1,3,23,1,44926
0,5,2,3,23,1,44929
0,5,3,3,23,1,44932
0,5,4,3,23,1,44935
0,5,5,3,23,1,44938
0,5,6,3,23,1,44941
0,5,7,3,23,1,44944
0,5,8,3,23,1,44947
0,5,9,3,23,1,44950
0,5,10,3,23,1,44953
0,5,11,3,23,1,44956
0,5,12,3,23,1,44959
0,5,13,3,23,1,44962
0,5,14,3,23,1,44965
0,5,15,3,23,1,44968
0,5,16,3,23,1,44971
0,5,17,3,23,1,44974
0,5,18,3,23,1,44977
0,5,19,3,23,1,44980
0,5,20,3,23,1,44983
0,5,21,3,23,1,44986
0,5,22,3,23,1,44989
0,5,0,4,23,1,44992
0,5,1,4,23,1,44995
0,5,2,4,23,1,44998
0,5,3,4,23,1,45001
0,5,4,4,23,1,45004
0,5,5,4,23,1,45007
0,5,6,4,23,1,45010
0,5,7,4,23,1,45013
0,5,8,4,23,1,45016
0,5,9,4,23,1,45019
0,5,10,4,23,1,45022
0,5,11,4,23,1,45025
0,5,12,4,23,1,45028
0,5,13,4,23,1,45031
0,5,14,4,23,1,45034
0,5,15,4,23,1,45037
0,5,16,4,23,1,45040
0,5,17,4,23,1,45043
0,5,18,4,23,1,45046
0,5,19,4,23,1,45049
0,5,20,4,23,1,45052
0,5,21,4,23,1,45055
0,5,22,4,23,1,45058
0,5,1,5,23,1,45061
0,5,2,5,23,1,45064
0,5,3,5,23,1,45067
0,5,4,5,23,1,45070
0,5,5,5,23,1,45073
0,5,6,5,23,1,45076
0,5,7,5,23,1,45079
0,5,8,5,23,1,45082
0,5,9,5,23,1,45085
0,5,10,5,23,1,45088
0,5,11,5,23,1,45091
0,5,12,5,23,1,45094
0,5,13,5,23,1,45097
0,5,14,5,23,1,45100
0,5,15,5,23,1,45103
0,5,16,5,23,1,45106
0,5,17,5,23,1,45109
0,5,18,5,23,1,45112
0,5,19,5,23,1,45115
0,5,20,5,23,1,45118
0,5,21,5,23,1,45121
0,5,22,5,23,1,45124
0,5,1,6,23,1,45127
0,5,2,6,23,1,45130
0,5,3,6,23,1,45133
0,5,4,6,23,1,45136
0,5,5,6,23,1,45139
0,5,6,6,23,1,45142
0,5,7,6,23,1,45145
0,5,8,6,23,1,45148
0,5,9,6,23,1,45151
0,5,10,6,23,1,45154
0,5,11,6,23,1,45157
0,5,12,6,23,1,45160
0,5,13,6,23,1,45163
0,5,14,6,23,1,45166
0,5,15,6,23,1,45169
0,5,16,6,23,1,45172
0,5,17,6,23,1,45175
0,5,18,6,23,1,45178
0,5,19,6,23,1,45181
0,5,20,6,23,1,45184
0,5,21,6,23,1,45187
0,5,22,6,23,1,45190
0,5,1,7,23,1,45193
0,5,2,7,23,1,45196
0,5,3,7,23,1,45199
0,5,4,7,23,1,45202
0,5,5,7,23,1,45205
0,5,6,7,23,1,45208
0,5,7,7,23,1,45211
0,5,8,7,23,1,45214
0,5,9,7,23,1,45217
0,5,10,7,23,1,45220
0,5,11,7,23,1,45223
0,5,12,7,23,1,45226
0,5,13,7,23,1,45229
0,5,14,7,23,1,45232
0,5,15,7,23,1,45235
0,5,16,7,23,1,45238
0,5,17,7,23,1,45241
0,5,18,7,23,1,45244
0,5,19,7,23,1,45247
0,5,20,7,23,1,45250
0,5,21,7,23,1,45253
0,5,22,7,23,1,45256
0,5,23,7,23,1,45259
0,5,1,8,23,1,45262
0,5,2,8,23,1,45265
0,5,3,8,23,1,45268
0,5,4,8,23,1,45271
0,5,5,8,23,1,45274
0,5,6,8,23,1,45277
0,5,7,8,23,1,45280
0,5,8,8,23,1,45283
0,5,9,8,23,1,45286
0,5,10,8,23,1,45289
0,5,11,8,23,1,45292
0,5,12,8,23,1,45295
0,5,13,8,23,1,45298
0,5,14,8,23,1,45301
0,5,15,8,23,1,45304
0,5,16,8,23,1,45307
0,5,17,8,23,1,45310
0,5,18,8,23,1,45313
0,5,19,8,23,1,45316
0,5,20,8,23,1,45319
0,5,21,8,23,1,45322
0,5,22,8,23,1,45325
0,5,23,8,23,1,45328
0,5,1,9,23,1,45331
0,5,2,9,23,1,45334
0,5,3,9,23,1,45337
0,5,4,9,23,1,45340
0,5,5,9,23,1,45343
0,5,6,9,23,1,45346
0,5,7,9,23,1,45349
0,5,8,9,23,1,45352
0,5,9,9,23,1,45355
0,5,10,9,23,1,45358
0,5,11,9,23,1,45361
0,5,12,9,23,1,45364
0,5,13,9,23,1,45367
0,5,14,9,23,1,45370
0,5,15,9,23,1,45373
0,5,16,9,23,1,45376
0,5,17,9,23,1,45379
0,5,18,9,23,1,45382
0,5,19,9,23,1,45385
0,5,20,9,23,1,45388
0,5,21,9,23,1,45391
0,5,22,9,23,1,45394
0,5,23,9,23,1,45397
0,5,1,10,23,1,45400
0,5,2,10,23,1,45403
0,5,3,10,23,1,45406
0,5,4,10,23,1,45409
0,5,5,10,23,1,45412
0,5,6,10,23,1,45415
0,5,7,10,23,1,45418
0,5,8,10,23,1,45421
0,5,9,10,23,1,45424
0,5,10,10,23,1,45427
0,5,11,10,23,1,45430
0,5,12,10,23,1,45433
0,5,13,10,23,1,45436
0,5,14,10,23,1,45439
0,5,15,10,23,1,45442
0,5,16,10,23,1,45445
0,5,17,10,23,1,45448
0,5,18,10,23,1,45451
0,5,19,10,23,1,45454
0,5,20,10,23,1,45457
0,5,21,10,23,1,45460
0,5,22,10,23,1,45463
0,5,23,10,23,1,45466
0,5,0,11,23,1,45469
0,5,1,11,23,1,45472
0,5,2,11,23,1,45475
0,5,3,11,23,1,45478
0,5,4,11,23,1,45481
0,5,5,11,23,1,45484
0,5,6,11,23,1,45487
0,5,7,11,23,1,45490
0,5,8,11,23,1,45493
0,5,9,11,23,1,45496
0,5,10,11,23,1,45499
0,5,11,11,23,1,45502
0,5,12,11,23,1,45505
0,5,13,11,23,1,45508
0,5,14,11,23,1,45511
0,5,15,11,23,1,45514
0,5,16,11,23,1,45517
0,5,17,11,23,1,45520
0,5,18,11,23,1,45523
0,5,19,11,23,1,45526
0,5,20,11,23,1,45529
0,5,21,11,23,1,45532
0,5,22,11,23,1,45535
0,5,23,11,23,1,45538
0,5,0,12,23,1,45541
0,5,1,12,23,1,45544
0,5,2,12,23,1,45547
0,5,3,12,23,1,45550
0,5,4,12,23,1,45553
0,5,5,12,23,1,45556
0,5,6,12,23,1,45559
0,5,7,12,23,1,45562
0,5,8,12,23,1,45565
0,5,9,12,23,1,45568
0,5,10,12,23,1,45571
0,5,11,12,23,1,45574
0,5,12,12,23,1,45577
0,5,13,12,23,1,45580
0,5,14,12,23,1,45583
0,5,15,12,23,1,45586
0,5,16,12,23,1,45589
0,5,17,12,23,1,45592
0,5,18,12,23,1,45595
0,5,19,12,23,1,45598
0,5,20,12,23,1,45601
0,5,21,12,23,1,45604
0,5,22,12,23,1,45607
0,5,23,12,23,1,45610
0,5,0,13,23,1,45613
0,5,1,13,23,1,45616
0,5,2,13,23,1,45619
0,5,3,13,23,1,45622
0,5,4,13,23,1,45625
0,5,5,13,23,1,45628
0,5,6,13,23,1,45631
0,5,7,13,23,1,45634
0,5,8,13,23,1,45637
0,5,9,13,23,1,45640
0,5,10,13,23,1,45643
0,5,11,13,23,1,45646
0,5,12,13,23,1,45649
0,5,13,13,23,1,45652
0,5,14,13,23,1,45655
0,5,15,13,23,1,45658
0,5,16,13,23,1,45661
0,5,17,13,23,1,45664
0,5,18,13,23,1,45667
0,5,19,13,23,1,45670
0,5,20,13,23,1,45673
0,5,21,13,23,1,45676
0,5,22,13,23,1,45679
0,5,23,13,23,1,45682
0,5,0,0,23,2,45685
0,5,1,0,23,2,45688
0,5,2,0,23,2,45691
0,5,3,0,23,2,45694
0,5,4,0,23,2,45697
0,5,5,0,23,2,45700
0,5,6,0,23,2,45703
0,5,7,0,23,2,45706
0,5,8,0,23,2,45709
0,5,9,0,23,2,45712
0,5,10,0,23,2,45715
0,5,11,0,23,2,45718
0,5,12,0,23,2,45721
0,5,13,0,23,2,45724
0,5,14,0,23,2,45727
0,5,15,0,23,2,45730
0,5,16,0,23,2,45733
0,5,17,0,23,2,45736
0,5,18,0,23,2,45739
0,5,19,0,23,2,45742
0,5,20,0,23,2,45745
0,5,21,0,23,2,45748
0,5,22,0,23,2,45751
0,5,23,0,23,2,45754
0,5,0,1,23,2,45757
0,5,1,1,23,2,45760
0,5,2,1,23,2,45763
0,5,3,1,23,2,45766
0,5,4,1,23,2,45769
0,5,5,1,23,2,45772
0,5,6,1,23,2,45775
0,5,7,1,23,2,45778
0,5,8,1,23,2,45781
0,5,9,1,23,2,45784
0,5,10,1,23,2,45787
0,5,11,1,23,2,45790
0,5,12,1,23,2,45793
0,5,13,1,23,2,45796
0,5,14,1,23,2,45799
0,5,15,1,23,2,45802
0,5,16,1,23,2,45805
0,5,17,1,23,2,45808
0,5,18,1,23,2,45811
0,5,19,1,23,2,45814
0,5,20,1,23,2,45817
0,5,21,1,23,2,45820
0,5,22,1,23,2,45823
0,5,23,1,23,2,45826
0,5,0,2,23,2,45829
0,5,1,2,23,2,45832
0,5,2,2,23,2,45835
0,5,3,2,23,2,45838
0,5,4,2,23,2,45841
0,5,5,2,23,2,45844
0,5,6,2,23,2,45847
0,5,7,2,23,2,45850
0,5,8,2,23,2,45853
0,5,9,2,23,2,45856
0,5,10,2,23,2,45859
0,5,11,2,23,2,45862
0,5,12,2,23,2,45865
0,5,13,2,23,2,45868
0,5,14,2,23,2,45871
0,5,15,2,23,2,45874
0,5,16,2,23,2,45877
0,5,17,2,23,2,45880
0,5,18,2,23,2,45883
0,5,19,2,23,2,45886
0,5,20,2,23,2,45889
0,5,21,2,23,2,45892
0,5,22,2,23,2,45895
0,5,0,3,23,2,45898
0,5,1,3,23,2,45901
0,5,2,3,23,2,45904
0,5,3,3,23,2,45907
0,5,4,3,23,2,45910
0,5,5,3,23,2,45913
0,5,6,3,23,2,45916
0,5,7,3,23,2,45919
0,5,8,3,23,2,45922
0,5,9,3,23,2,45925
0,5,10,3,23,2,45928
0,5,11,3,23,2,45931
0,5,12,3,23,2,45934
0,5,13,3,23,2,45937
0,5,14,3,23,2,45940
0,5,15,3,23,2,45943
0,5,16,3,23,2,45946
0,5,17,3,23,2,45949
0,5,18,3,23,2,45952
0,5,19,3,23,2,45955
0,5,20,3,23,2,45958
0,5,21,3,23,2,45961
0,5,22,3,23,2,45964
0,5,0,4,23,2,45967
0,5,1,4,23,2,45970
0,5,2,4,23,2,45973
0,5,3,4,23,2,45976
0,5,4,4,23,2,45979
0,5,5,4,23,2,45982
0,5,6,4,23,2,45985
0,5,7,4,23,2,45988
0,5,8,4,23,2,45991
0,5,9,4,23,2,45994
0,5,10,4,23,2,45997
0,5,11,4,23,2,46000
0,5,12,4,23,2,46003
0,5,13,4,23,2,46006
0,5,14,4,23,2,46009
0,5,15,4,23,2,46012
0,5,16,4,23,2,46015
0,5,17,4,23,2,46018
0,5,18,4,23,2,46021
0,5,19,4,23,2,46024
0,5,20,4,23,2,46027
0,5,21,4,23,2,46030
0,5,22,4,23,2,46033
0,5,1,5,23,2,46036
0,5,2,5,23,2,46039
0,5,3,5,23,2,46042
0,5,4,5,23,2,46045
0,5,5,5,23,2,46048
0,5,6,5,23,2,46051
0,5,7,5,23,2,46054
0,5,8,5,23,2,46057
0,5,9,5,23,2,46060
0,5,10,5,23,2,46063
0,5,11,5,23,2,46066
0,5,12,5,23,2,46069
0,5,13,5,23,2,46072
0,5,14,5,23,2,46075
0,5,15,5,23,2,46078
0,5,16,5,23,2,46081
0,5,17,5,23,2,46084
0,5,18,5,23,2,46087
0,5,19,5,23,2,46090
0,5,20,5,23,2,46093
0,5,21,5,23,2,46096
0,5,22,5,23,2,46099
0,5,1,6,23,2,46102
0,5,2,6,23,2,46105
0,5,3,6,23,2,46108
0,5,4,6,23,2,46111
0,5,5,6,23,2,46114
0,5,6,6,23,2,46117
0,5,7,6,23,2,46120
0,5,8,6,23,2,46123
0,5,9,6,23,2,46126
0,5,10,6,23,2,46129
0,5,11,6,23,2,46132
0,5,12,6,23,2,46135
0,5,13,6,23,2,46138
0,5,14,6,23,2,46141
0,5,15,6,23,2,46144
0,5,16,6,23,2,46147
0,5,17,6,23,2,46150
0,5,18,6,23,2,46153
0,5,19,6,23,2,46156
0,5,20,6,23,2,46159
0,5,21,6,23,2,46162
0,5,22,6,23,2,46165
0,5,1,7,23,2,46168
0,5,2,7,23,2,46171
0,5,3,7,23,2,46174
0,5,4,7,23,2,46177
0,5,5,7,23,2,46180
0,5,6,7,23,2,46183
0,5,7,7,23,2,46186
0,5,8,7,23,2,46189
0,5,9,7,23,2,46192
0,5,10,7,23,2,46195
0,5,11,7,23,2,46198
0,5,12,7,23,2,46201
0,5,13,7,23,2,46204
0,5,14,7,23,2,46207
0,5,15,7,23,2,46210
0,5,16,7,23,2,46213
0,5,17,7,23,2,46216
0,5,18,7,23,2,46219
0,5,19,7,23,2,46222
0,5,20,7,23,2,46225
0,5,21,7,23,2,46228
0,5,22,7,23,2,46231
0,5,1,8,23,2,46234
0,5,2,8,23,2,46237
0,5,3,8,23,2,46240
0,5,4,8,23,2,46243
0,5,5,8,23,2,46246
0,5,6,8,23,2,46249
0,5,7,8,23,2,46252
0,5,8,8,23,2,46255
0,5,9,8,23,2,46258
0,5,10,8,23,2,46261
0,5,11,8,23,2,46264
0,5,12,8,23,2,46267
0,5,13,8,23,2,46270
0,5,14,8,23,2,46273
0,5,15,8,23,2,46276
0,5,16,8,23,2,46279
0,5,17,8,23,2,46282
0,5,18,8,23,2,46285
0,5,19,8,23,2,46288
0,5,20,8,23,2,46291
0,5,21,8,23,2,46294
0,5,22,8,23,2,46297
0,5,23,8,23,2,46300
0,5,1,9,23,2,46303
0,5,2,9,23,2,46306
0,5,3,9,23,2,46309
0,5,4,9,23,2,46312
0,5,5,9,23,2,46315
0,5,6,9,23,2,46318
0,5,7,9,23,2,46321
0,5,8,9,23,2,46324
0,5,9,9,23,2,46327
0,5,10,9,23,2,46330
0,5,11,9,23,2,46333
0,5,12,9,23,2,46336
0,5,13,9,23,2,46339
0,5,14,9,23,2,46342
0,5,15,9,23,2,46345
0,5,16,9,23,2,46348
0,5,17,9,23,2,46351
0,5,18,9,23,2,46354
0,5,19,9,23,2,46357
0,5,20,9,23,2,46360
0,5,21,9,23,2,46363
0,5,22,9,23,2,46366
0,5,23,9,23,2,46369
0,5,1,10,23,2,46372
0,5,2,10,23,2,46375
0,5,3,10,23,2,46378
0,5,4,10,23,2,46381
0,5,5,10,23,2,46384
0,5,6,10,23,2,46387
0,5,7,10,23,2,46390
0,5,8,10,23,2,46393
0,5,9,10,23,2,46396
0,5,10,10,23,2,46399
0,5,11,10,23,2,46402
0,5,12,10,23,2,46405
0,5,13,10,23,2,46408
0,5,14,10,23,2,46411
0,5,15,10,23,2,46414
0,5,16,10,23,2,46417
0,5,17,10,23,2,46420
0,5,18,10,23,2,46423
0,5,19,10,23,2,46426
0,5,20,10,23,2,46429
0,5,21,10,23,2,46432
0,5,22,10,23,2,46435
0,5,23,10,23,2,46438
0,5,0,11,23,2,46441
0,5,1,11,23,2,46444
0,5,2,11,23,2,46447
0,5,3,11,23,2,46450
0,5,4,11,23,2,46453
0,5,5,11,23,2,46456
0,5,6,11,23,2,46459
0,5,7,11,23,2,46462
0,5,8,11,23,2,46465
0,5,9,11,23,2,46468
0,5,10,11,23,2,46471
0,5,11,11,23,2,46474
0,5,12,11,23,2,46477
0,5,13,11,23,2,46480
0,5,14,11,23,2,46483
0,5,15,11,23,2,46486
0,5,16,11,23,2,46489
0,5,17,11,23,2,46492
0,5,18,11,23,2,46495
0,5,19,11,23,2,46498
0,5,20,11,23,2,46501
0,5,21,11,23,2,46504
0,5,22,11,23,2,46507
0,5,23,11,23,2,46510
0,5,0,12,23,2,46513
0,5,1,12,23,2,46516
0,5,2,12,23,2,46519
0,5,3,12,23,2,46522
0,5,4,12,23,2,46525
0,5,5,12,23,2,46528
0,5,6,12,23,2,46531
0,5,7,12,23,2,46534
0,5,8,12,23,2,46537
0,5,9,12,23,2,46540
0,5,10,12,23,2,46543
0,5,11,12,23,2,46546
0,5,12,12,23,2,46549
0,5,13,12,23,2,46552
0,5,14,12,23,2,46555
0,5,15,12,23,2,46558
0,5,16,12,23,2,46561
0,5,17,12,23,2,46564
0,5,18,12,23,2,46567
0,5,19,12,23,2,46570
0,5,20,12,23,2,46573
0,5,21,12,23,2,46576
0,5,22,12,23,2,46579
0,5,23,12,23,2,46582
0,5,0,13,23,2,46585
0,5,1,13,23,2,46588
0,5,2,13,23,2,46591
0,5,3,13,23,2,46594
0,5,4,13,23,2,46597
0,5,5,13,23,2,46600
0,5,6,13,23,2,46603
0,5,7,13,23,2,46606
0,5,8,13,23,2,46609
0,5,9,13,23,2,46612
0,5,10,13,23,2,46615
0,5,11,13,23,2,46618
0,5,12,13,23,2,46621
0,5,13,13,23,2,46624
0,5,14,13,23,2,46627
0,5,15,13,23,2,46630
0,5,16,13,23,2,46633
0,5,17,13,23,2,46636
0,5,18,13,23,2,46639
0,5,19,13,23,2,46642
0,5,20,13,23,2,46645
0,5,21,13,23,2,46648
0,5,22,13,23,2,46651
0,5,23,13,23,2,46654
0,5,0,0,23,3,46657
0,5,1,0,23,3,46660
0,5,2,0,23,3,46663
0,5,3,0,23,3,46666
0,5,4,0,23,3,46669
0,5,5,0,23,3,46672
0,5,6,0,23,3,46675
0,5,7,0,23,3,46678
0,5,8,0,23,3,46681
0,5,9,0,23,3,46684
0,5,10,0,23,3,46687
0,5,11,0,23,3,46690
0,5,12,0,23,3,46693
0,5,13,0,23,3,46696
0,5,14,0,23,3,46699
0,5,15,0,23,3,46702
0,5,16,0,23,3,46705
0,5,17,0,23,3,46708
0,5,18,0,23,3,46711
0,5,19,0,23,3,46714
0,5,20,0,23,3,46717
0,5,21,0,23,3,46720
0,5,22,0,23,3,46723
0,5,23,0,23,3,46726
0,5,0,1,23,3,46729
0,5,1,1,23,3,46732
0,5,2,1,23,3,46735
0,5,3,1,23,3,46738
0,5,4,1,23,3,46741
0,5,5,1,23,3,46744
0,5,6,1,23,3,46747
0,5,7,1,23,3,46750
0,5,8,1,23,3,46753
0,5,9,1,23,3,46756
0,5,10,1,23,3,46759
0,5,11,1,23,3,46762
0,5,12,1,23,3,46765
0,5,13,1,23,3,46768
0,5,14,1,23,3,46771
0,5,15,1,23,3,46774
0,5,16,1,23,3,46777
0,5,17,1,23,3,46780
0,5,18,1,23,3,46783
0,5,19,1,23,3,46786
0,5,20,1,23,3,46789
0,5,21,1,23,3,46792
0,5,22,1,23,3,46795
0,5,23,1,23,3,46798
0,5,0,2,23,3,46801
0,5,1,2,23,3,46804
0,5,2,2,23,3,46807
0,5,3,2,23,3,46810
0,5,4,2,23,3,46813
0,5,5,2,23,3,46816
0,5,6,2,23,3,46819
0,5,7,2,23,3,46822
0,5,8,2,23,3,46825
0,5,9,2,23,3,46828
0,5,10,2,23,3,46831
0,5,11,2,23,3,46834
0,5,12,2,23,3,46837
0,5,13,2,23,3,46840
0,5,14,2,23,3,46843
0,5,15,2,23,3,46846
0,5,16,2,23,3,46849
0,5,17,2,23,3,46852
0,5,18,2,23,3,46855
0,5,19,2,23,3,46858
0,5,20,2,23,3,46861
0,5,21,2,23,3,46864
0,5,22,2,23,3,46867
0,5,23,2,23,3,46870
0,5,0,3,23,3,46873
0,5,1,3,23,3,46876
0,5,2,3,23,3,46879
0,5,3,3,23,3,46882
0,5,4,3,23,3,46885
0,5,5,3,23,3,46888
0,5,6,3,23,3,46891
0,5,7,3,23,3,46894
0,5,8,3,23,3,46897
0,5,9,3,23,3,46900
0,5,10,3,23,3,46903
0,5,11,3,23,3,46906
0,5,12,3,23,3,46909
0,5,13,3,23,3,46912
0,5,14,3,23,3,46915
0,5,15,3,23,3,46918
0,5,16,3,23,3,46921
0,5,17,3,23,3,46924
0,5,18,3,23,3,46927
0,5,19,3,23,3,46930
0,5,20,3,23,3,46933
0,5,21,3,23,3,46936
0,5,22,3,23,3,46939
0,5,0,4,23,3,46942
0,5,1,4,23,3,46945
0,5,2,4,23,3,46948
0,5,3,4,23,3,46951
0,5,4,4,23,3,46954
0,5,5,4,23,3,46957
0,5,6,4,23,3,46960
0,5,7,4,23,3,46963
0,5,8,4,23,3,46966
0,5,9,4,23,3,46969
0,5,10,4,23,3,46972
0,5,11,4,23,3,46975
0,5,12,4,23,3,46978
0,5,13,4,23,3,46981
0,5,14,4,23,3,46984
0,5,15,4,23,3,46987
0,5,16,4,23,3,46990
0,5,17,4,23,3,46993
0,5,18,4,23,3,46996
0,5,19,4,23,3,46999
0,5,20,4,23,3,47002
0,5,21,4,23,3,47005
0,5,22,4,23,3,47008
0,5,1,5,23,3,47011
0,5,2,5,23,3,47014
0,5,3,5,23,3,47017
0,5,4,5,23,3,47020
0,5,5,5,23,3,47023
0,5,6,5,23,3,47026
0,5,7,5,23,3,47029
0,5,8,5,23,3,47032
0,5,9,5,23,3,47035
0,5,10,5,23,3,47038
0,5,11,5,23,3,47041
0,5,12,5,23,3,47044
0,5,13,5,23,3,47047
0,5,14,5,23,3,47050
0,5,15,5,23,3,47053
0,5,16,5,23,3,47056
0,5,17,5,23,3,47059
0,5,18,5,23,3,47062
0,5,19,5,23,3,47065
0,5,20,5,23,3,47068
0,5,21,5,23,3,47071
0,5,22,5,23,3,47074
0,5,1,6,23,3,47077
0,5,2,6,23,3,47080
0,5,3,6,23,3,47083
0,5,4,6,23,3,47086
0,5,5,6,23,3,47089
0,5,6,6,23,3,47092
0,5,7,6,23,3,47095
0,5,8,6,23,3,47098
0,5,9,6,23,3,47101
0,5,10,6,23,3,47104
0,5,11,6,23,3,47107
0,5,12,6,23,3,47110
0,5,13,6,23,3,47113
0,5,14,6,23,3,47116
0,5,15,6,23,3,47119
0,5,16,6,23,3,47122
0,5,17,6,23,3,47125
0,5,18,6,23,3,47128
0,5,19,6,23,3,47131
0,5,20,6,23,3,47134
0,5,21,6,23,3,47137
0,5,22,6,23,3,47140
0,5,1,7,23,3,47143
0,5,2,7,23,3,47146
0,5,3,7,23,3,47149
0,5,4,7,23,3,47152
0,5,5,7,23,3,47155
0,5,6,7,23,3,47158
0,5,7,7,23,3,47161
0,5,8,7,23,3,47164
0,5,9,7,23,3,47167
0,5,10,7,23,3,47170
0,5,11,7,23,3,47173
0,5,12,7,23,3,47176
0,5,13,7,23,3,47179
0,5,14,7,23,3,47182
0,5,15,7,23,3,47185
0,5,16,7,23,3,47188
0,5,17,7,23,3,47191
0,5,18,7,23,3,47194
0,5,19,7,23,3,47197
0,5,20,7,23,3,47200
0,5,21,7,23,3,47203
0,5,22,7,23,3,47206
0,5,1,8,23,3,47209
0,5,2,8,23,3,47212
0,5,3,8,23,3,47215
0,5,4,8,23,3,47218
0,5,5,8,23,3,47221
0,5,6,8,23,3,47224
0,5,7,8,23,3,47227
0,5,8,8,23,3,47230
0,5,9,8,23,3,47233
0,5,10,8,23,3,47236
0,5,11,8,23,3,47239
0,5,12,8,23,3,47242
0,5,13,8,23,3,47245
0,5,14,8,23,3,47248
0,5,15,8,23,3,47251
0,5,16,8,23,3,47254
0,5,17,8,23,3,47257
0,5,18,8,23,3,47260
0,5,19,8,23,3,47263
0,5,20,8,23,3,47266
0,5,21,8,23,3,47269
0,5,22,8,23,3,47272
0,5,1,9,23,3,47275
0,5,2,9,23,3,47278
0,5,3,9,23,3,47281
0,5,4,9,23,3,47284
0,5,5,9,23,3,47287
0,5,6,9,23,3,47290
0,5,7,9,23,3,47293
0,5,8,9,23,3,47296
0,5,9,9,23,3,47299
0,5,10,9,23,3,47302
0,5,11,9,23,3,47305
0,5,12,9,23,3,47308
0,5,13,9,23,3,47311
0,5,14,9,23,3,47314
0,5,15,9,23,3,47317
0,5,16,9,23,3,47320
0,5,17,9,23,3,47323
0,5,18,9,23,3,47326
0,5,19,9,23,3,47329
0,5,20,9,23,3,47332
0,5,21,9,23,3,47335
0,5,22,9,23,3,47338
0,5,23,9,23,3,47341
0,5,1,10,23,3,47344
0,5,2,10,23,3,47347
0,5,3,10,23,3,47350
0,5,4,10,23,3,47353
0,5,5,10,23,3,47356
0,5,6,10,23,3,47359
0,5,7,10,23,3,47362
0,5,8,10,23,3,47365
0,5,9,10,23,3,47368
0,5,10,10,23,3,47371
0,5,11,10,23,3,47374
0,5,12,10,23,3,47377
0,5,13,10,23,3,47380
0,5,14,10,23,3,47383
0,5,15,10,23,3,47386
0,5,16,10,23,3,47389
0,5,17,10,23,3,47392
0,5,18,10,23,3,47395
0,5,19,10,23,3,47398
0,5,20,10,23,3,47401
0,5,21,10,23,3,47404
0,5,22,10,23,3,47407
0,5,23,10,23,3,47410
0,5,0,11,23,3,47413
0,5,1,11,23,3,47416
0,5,2,11,23,3,47419
0,5,3,11,23,3,47422
0,5,4,11,23,3,47425
0,5,5,11,23,3,47428
0,5,6,11,23,3,47431
0,5,7,11,23,3,47434
0,5,8,11,23,3,47437
0,5,9,11,23,3,47440
0,5,10,11,23,3,47443
0,5,11,11,23,3,47446
0,5,12,11,23,3,47449
0,5,13,11,23,3,47452
0,5,14,11,23,3,47455
0,5,15,11,23,3,47458
0,5,16,11,23,3,47461
0,5,17,11,23,3,47464
0,5,18,11,23,3,47467
0,5,19,11,23,3,47470
0,5,20,11,23,3,47473
0,5,21,11,23,3,47476
0,5,22,11,23,3,47479
0,5,23,11,23,3,47482
0,5,0,12,23,3,47485
0,5,1,12,23,3,47488
0,5,2,12,23,3,47491
0,5,3,12,23,3,47494
0,5,4,12,23,3,47497
0,5,5,12,23,3,47500
0,5,6,12,23,3,47503
0,5,7,12,23,3,47506
0,5,8,12,23,3,47509
0,5,9,12,23,3,47512
0,5,10,12,23,3,47515
0,5,11,12,23,3,47518
0,5,12,12,23,3,47521
0,5,13,12,23,3,47524
0,5,14,12,23,3,47527
0,5,15,12,23,3,47530
0,5,16,12,23,3,47533
0,5,17,12,23,3,47536
0,5,18,12,23,3,47539
0,5,19,12,23,3,47542
0,5,20,12,23,3,47545
0,5,21,12,23,3,47548
0,5,22,12,23,3,47551
0,5,23,12,23,3,47554
0,5,0,13,23,3,47557
0,5,1,13,23,3,47560
0,5,2,13,23,3,47563
0,5,3,13,23,3,47566
0,5,4,13,23,3,47569
0,5,5,13,23,3,47572
0,5,6,13,23,3,47575
0,5,7,13,23,3,47578
0,5,8,13,23,3,47581
0,5,9,13,23,3,47584
0,5,10,13,23,3,47587
0,5,11,13,23,3,47590
0,5,12,13,23,3,47593
0,5,13,13,23,3,47596
0,5,14,13,23,3,47599
0,5,15,13,23,3,47602
0,5,16,13,23,3,47605
0,5,17,13,23,3,47608
0,5,18,13,23,3,47611
0,5,19,13,23,3,47614
0,5,20,13,23,3,47617
0,5,21,13,23,3,47620
0,5,22,13,23,3,47623
0,5,23,13,23,3,47626
0,5,0,0,23,4,47629
0,5,1,0,23,4,47632
0,5,2,0,23,4,47635
0,5,3,0,23,4,47638
0,5,4,0,23,4,47641
0,5,5,0,23,4,47644
0,5,6,0,23,4,47647
0,5,7,0,23,4,47650
0,5,8,0,23,4,47653
0,5,9,0,23,4,47656
0,5,10,0,23,4,47659
0,5,11,0,23,4,47662
0,5,12,0,23,4,47665
0,5,13,0,23,4,47668
0,5,14,0,23,4,47671
0,5,15,0,23,4,47674
0,5,16,0,23,4,47677
0,5,17,0,23,4,47680
0,5,18,0,23,4,47683
0,5,19,0,23,4,47686
0,5,20,0,23,4,47689
0,5,21,0,23,4,47692
0,5,22,0,23,4,47695
0,5,23,0,23,4,47698
0,5,0,1,23,4,47701
0,5,1,1,23,4,47704
0,5,2,1,23,4,47707
0,5,3,1,23,4,47710
0,5,4,1,23,4,47713
0,5,5,1,23,4,47716
0,5,6,1,23,4,47719
0,5,7,1,23,4,47722
0,5,8,1,23,4,47725
0,5,9,1,23,4,47728
0,5,10,1,23,4,47731
0,5,11,1,23,4,47734
0,5,12,1,23,4,47737
0,5,13,1,23,4,47740
0,5,14,1,23,4,47743
0,5,15,1,23,4,47746
0,5,16,1,23,4,47749
0,5,17,1,23,4,47752
0,5,18,1,23,4,47755
0,5,19,1,23,4,47758
0,5,20,1,23,4,47761
0,5,21,1,23,4,47764
0,5,22,1,23,4,47767
0,5,23,1,23,4,47770
0,5,0,2,23,4,47773
0,5,1,2,23,4,47776
0,5,2,2,23,4,47779
0,5,3,2,23,4,47782
0,5,4,2,23,4,47785
0,5,5,2,23,4,47788
0,5,6,2,23,4,47791
0,5,7,2,23,4,47794
0,5,8,2,23,4,47797
0,5,9,2,23,4,47800
0,5,10,2,23,4,47803
0,5,11,2,23,4,47806
0,5,12,2,23,4,47809
0,5,13,2,23,4,47812
0,5,14,2,23,4,47815
0,5,15,2,23,4,47818
0,5,16,2,23,4,47821
0,5,17,2,23,4,47824
0,5,18,2,23,4,47827
0,5,19,2,23,4,47830
0,5,20,2,23,4,47833
0,5,21,2,23,4,47836
0,5,22,2,23,4,47839
0,5,23,2,23,4,47842
0,5,0,3,23,4,47845
0,5,1,3,23,4,47848
0,5,2,3,23,4,47851
0,5,3,3,23,4,47854
0,5,4,3,23,4,47857
0,5,5,3,23,4,47860
0,5,6,3,23,4,47863
0,5,7,3,23,4,47866
0,5,8,3,23,4,47869
0,5,9,3,23,4,47872
0,5,10,3,23,4,47875
0,5,11,3,23,4,47878
0,5,12,3,23,4,47881
0,5,13,3,23,4,47884
0,5,14,3,23,4,47887
0,5,15,3,23,4,47890
0,5,16,3,23,4,47893
0,5,17,3,23,4,47896
0,5,18,3,23,4,47899
0,5,19,3,23,4,47902
0,5,20,3,23,4,47905
0,5,21,3,23,4,47908
0,5,22,3,23,4,47911
0,5,23,3,23,4,47914
0,5,0,4,23,4,47917
0,5,1,4,23,4,47920
0,5,2,4,23,4,47923
0,5,3,4,23,4,47926
0,5,4,4,23,4,47929
0,5,5,4,23,4,47932
0,5,6,4,23,4,47935
0,5,7,4,23,4,47938
0,5,8,4,23,4,47941
0,5,9,4,23,4,47944
0,5,10,4,23,4,47947
0,5,11,4,23,4,47950
0,5,12,4,23,4,47953
0,5,13,4,23,4,47956
0,5,14,4,23,4,47959
0,5,15,4,23,4,47962
0,5,16,4,23,4,47965
0,5,17,4,23,4,47968
0,5,18,4,23,4,47971
0,5,19,4,23,4,47974
0,5,20,4,23,4,47977
0,5,21,4,23,4,47980
0,5,22,4,23,4,47983
0,5,1,5,23,4,47986
0,5,2,5,23,4,47989
0,5,3,5,23,4,47992
0,5,4,5,23,4,47995
0,5,5,5,23,4,47998
0,5,6,5,23,4,48001
0,5,7,5,23,4,48004
0,5,8,5,23,4,48007
0,5,9,5,23,4,48010
0,5,10,5,23,4,48013
0,5,11,5,23,4,48016
0,5,12,5,23,4,48019
0,5,13,5,23,4,48022
0,5,14,5,23,4,48025
0,5,15,5,23,4,48028
0,5,16,5,23,4,48031
0,5,17,5,23,4,48034
0,5,18,5,23,4,48037
0,5,19,5,23,4,48040
0,5,20,5,23,4,48043
0,5,21,5,23,4,48046
0,5,22,5,23,4,48049
0,5,1,6,23,4,48052
0,5,2,6,23,4,48055
0,5,3,6,23,4,48058
0,5,4,6,23,4,48061
0,5,5,6,23,4,48064
0,5,6,6,23,4,48067
0,5,7,6,23,4,48070
0,5,8,6,23,4,48073
0,5,9,6,23,4,48076
0,5,10,6,23,4,48079
0,5,11,6,23,4,48082
0,5,12,6,23,4,48085
0,5,13,6,23,4,48088
0,5,14,6,23,4,48091
0,5,15,6,23,4,48094
0,5,16,6,23,4,48097
0,5,17,6,23,4,48100
0,5,18,6,23,4,48103
0,5,19,6,23,4,48106
0,5,20,6,23,4,48109
0,5,21,6,23,4,48112
0,5,22,6,23,4,48115
0,5,1,7,23,4,48118
0,5,2,7,23,4,48121
0,5,3,7,23,4,48124
0,5,4,7,23,4,48127
0,5,5,7,23,4,48130
0,5,6,7,23,4,48133
0,5,7,7,23,4,48136
0,5,8,7,23,4,48139
0,5,9,7,23,4,48142
0,5,10,7,23,4,48145
0,5,11,7,23,4,48148
0,5,12,7,23,4,48151
0,5,13,7,23,4,48154
0,5,14,7,23,4,48157
0,5,15,7,23,4,48160
0,5,16,7,23,4,48163
0,5,17,7,23,4,48166
0,5,18,7,23,4,48169
0,5,19,7,23,4,48172
0,5,20,7,23,4,48175
0,5,21,7,23,4,48178
0,5,22,7,23,4,48181
0,5,1,8,23,4,48184
0,5,2,8,23,4,48187
0,5,3,8,23,4,48190
0,5,4,8,23,4,48193
0,5,5,8,23,4,48196
0,5,6,8,23,4,48199
0,5,7,8,23,4,48202
0,5,8,8,23,4,48205
0,5,9,8,23,4,48208
0,5,10,8,23,4,48211
0,5,11,8,23,4,48214
0,5,12,8,23,4,48217
0,5,13,8,23,4,48220
0,5,14,8,23,4,48223
0,5,15,8,23,4,48226
0,5,16,8,23,4,48229
0,5,17,8,23,4,48232
0,5,18,8,23,4,48235
0,5,19,8,23,4,48238
0,5,20,8,23,4,48241
0,5,21,8,23,4,48244
0,5,22,8,23,4,48247
0,5,1,9,23,4,48250
0,5,2,9,23,4,48253
0,5,3,9,23,4,48256
0,5,4,9,23,4,48259
0,5,5,9,23,4,48262
0,5,6,9,23,4,48265
0,5,7,9,23,4,48268
0,5,8,9,23,4,48271
0,5,9,9,23,4,48274
0,5,10,9,23,4,48277
0,5,11,9,23,4,48280
0,5,12,9,23,4,48283
0,5,13,9,23,4,48286
0,5,14,9,23,4,48289
0,5,15,9,23,4,48292
0,5,16,9,23,4,48295
0,5,17,9,23,4,48298
0,5,18,9,23,4,48301
0,5,19,9,23,4,48304
0,5,20,9,23,4,48307
0,5,21,9,23,4,48310
0,5,22,9,23,4,48313
0,5,1,10,23,4,48316
0,5,2,10,23,4,48319
0,5,3,10,23,4,48322
0,5,4,10,23,4,48325
0,5,5,10,23,4,48328
0,5,6,10,23,4,48331
0,5,7,10,23,4,48334
0,5,8,10,23,4,48337
0,5,9,10,23,4,48340
0,5,10,10,23,4,48343
0,5,11,10,23,4,48346
0,5,12,10,23,4,48349
0,5,13,10,23,4,48352
0,5,14,10,23,4,48355
0,5,15,10,23,4,48358
0,5,16,10,23,4,48361
0,5,17,10,23,4,48364
0,5,18,10,23,4,48367
0,5,19,10,23,4,48370
0,5,20,10,23,4,48373
0,5,21,10,23,4,48376
0,5,22,10,23,4,48379
0,5,23,10,23,4,48382
0,5,0,11,23,4,48385
0,5,1,11,23,4,48388
0,5,2,11,23,4,48391
0,5,3,11,23,4,48394
0,5,4,11,23,4,48397
0,5,5,11,23,4,48400
0,5,6,11,23,4,48403
0,5,7,11,23,4,48406
0,5,8,11,23,4,48409
0,5,9,11,23,4,48412
0,5,10,11,23,4,48415
0,5,11,11,23,4,48418
0,5,12,11,23,4,48421
0,5,13,11,23,4,48424
0,5,14,11,23,4,48427
0,5,15,11,23,4,48430
0,5,16,11,23,4,48433
0,5,17,11,23,4,48436
0,5,18,11,23,4,48439
0,5,19,11,23,4,48442
0,5,20,11,23,4,48445
0,5,21,11,23,4,48448
0,5,22,11,23,4,48451
0,5,23,11,23,4,48454
0,5,0,12,23,4,48457
0,5,1,12,23,4,48460
0,5,2,12,23,4,48463
0,5,3,12,23,4,48466
0,5,4,12,23,4,48469
0,5,5,12,23,4,48472
0,5,6,12,23,4,48475
0,5,7,12,23,4,48478
0,5,8,12,23,4,48481
0,5,9,12,23,4,48484
0,5,10,12,23,4,48487
0,5,11,12,23,4,48490
0,5,12,12,23,4,48493
0,5,13,12,23,4,48496
0,5,14,12,23,4,48499
0,5,15,12,23,4,48502
0,5,16,12,23,4,48505
0,5,17,12,23,4,48508
0,5,18,12,23,4,48511
0,5,19,12,23,4,48514
0,5,20,12,23,4,48517
0,5,21,12,23,4,48520
0,5,22,12,23,4,48523
0,5,23,12,23,4,48526
0,5,0,13,23,4,48529
0,5,1,13,23,4,48532
0,5,2,13,23,4,48535
0,5,3,13,23,4,48538
0,5,4,13,23,4,48541
0,5,5,13,23,4,48544
0,5,6,13,23,4,48547
0,5,7,13,23,4,48550
0,5,8,13,23,4,48553
0,5,9,13,23,4,48556
0,5,10,13,23,4,48559
0,5,11,13,23,4,48562
0,5,12,13,23,4,48565
0,5,13,13,23,4,48568
0,5,14,13,23,4,48571
0,5,15,13,23,4,48574
0,5,16,13,23,4,48577
0,5,17,13,23,4,48580
0,5,18,13,23,4,48583
0,5,19,13,23,4,48586
0,5,20,13,23,4,48589
0,5,21,13,23,4,48592
0,5,22,13,23,4,48595
0,5,23,13,23,4,48598
0,5,0,0,23,5,48601
0,5,1,0,23,5,48604
0,5,2,0,23,5,48607
0,5,3,0,23,5,48610
0,5,4,0,23,5,48613
0,5,5,0,23,5,48616
0,5,6,0,23,5,48619
0,5,7,0,23,5,48622
0,5,8,0,23,5,48625
0,5,9,0,23,5,48628
0,5,10,0,23,5,48631
0,5,11,0,23,5,48634
0,5,12,0,23,5,48637
0,5,13,0,23,5,48640
0,5,14,0,23,5,48643
0,5,15,0,23,5,48646
0,5,16,0,23,5,48649
0,5,17,0,23,5,48652
0,5,18,0,23,5,48655
0,5,19,0,23,5,48658
0,5,20,0,23,5,48661
0,5,21,0,23,5,48664
0,5,22,0,23,5,48667
0,5,23,0,23,5,48670
0,5,0,1,23,5,48673
0,5,1,1,23,5,48676
0,5,2,1,23,5,48679
0,5,3,1,23,5,48682
0,5,4,1,23,5,48685
0,5,5,1,23,5,48688
0,5,6,1,23,5,48691
0,5,7,1,23,5,48694
0,5,8,1,23,5,48697
0,5,9,1,23,5,48700
0,5,10,1,23,5,48703
0,5,11,1,23,5,48706
0,5,12,1,23,5,48709
0,5,13,1,23,5,48712
0,5,14,1,23,5,48715
0,5,15,1,23,5,48718
0,5,16,1,23,5,48721
0,5,17,1,23,5,48724
0,5,18,1,23,5,48727
0,5,19,1,23,5,48730
0,5,20,1,23,5,48733
0,5,21,1,23,5,48736
0,5,22,1,23,5,48739
0,5,23,1,23,5,48742
0,5,0,2,23,5,48745
0,5,1,2,23,5,48748
0,5,2,2,23,5,48751
0,5,3,2,23,5,48754
0,5,4,2,23,5,48757
0,5,5,2,23,5,48760
0,5,6,2,23,5,48763
0,5,7,2,23,5,48766
0,5,8,2,23,5,48769
0,5,9,2,23,5,48772
0,5,10,2,23,5,48775
0,5,11,2,23,5,48778
0,5,12,2,23,5,48781
0,5,13,2,23,5,48784
0,5,14,2,23,5,48787
0,5,15,2,23,5,48790
0,5,16,2,23,5,48793
0,5,17,2,23,5,48796
0,5,18,2,23,5,48799
0,5,19,2,23,5,48802
0,5,20,2,23,5,48805
0,5,21,2,23,5,48808
0,5,22,2,23,5,48811
0,5,23,2,23,5,48814
0,5,0,3,23,5,48817
0,5,1,3,23,5,48820
0,5,2,3,23,5,48823
0,5,3,3,23,5,48826
0,5,4,3,23,5,48829
0,5,5,3,23,5,48832
0,5,6,3,23,5,48835
0,5,7,3,23,5,48838
0,5,8,3,23,5,48841
0,5,9,3,23,5,48844
0,5,10,3,23,5,48847
0,5,11,3,23,5,48850
0,5,12,3,23,5,48853
0,5,13,3,23,5,48856
0,5,14,3,23,5,48859
0,5,15,3,23,5,48862
0,5,16,3,23,5,48865
0,5,17,3,23,5,48868
0,5,18,3,23,5,48871
0,5,19,3,23,5,48874
0,5,20,3,23,5,48877
0,5,21,3,23,5,48880
0,5,22,3,23,5,48883
0,5,23,3,23,5,48886
0,5,0,4,23,5,48889
0,5,1,4,23,5,48892
0,5,2,4,23,5,48895
0,5,3,4,23,5,48898
0,5,4,4,23,5,48901
0,5,5,4,23,5,48904
0,5,6,4,23,5,48907
0,5,7,4,23,5,48910
0,5,8,4,23,5,48913
0,5,9,4,23,5,48916
0,5,10,4,23,5,48919
0,5,11,4,23,5,48922
0,5,12,4,23,5,48925
0,5,13,4,23,5,48928
0,5,14,4,23,5,48931
0,5,15,4,23,5,48934
0,5,16,4,23,5,48937
0,5,17,4,23,5,48940
0,5,18,4,23,5,48943
0,5,19,4,23,5,48946
0,5,20,4,23,5,48949
0,5,21,4,23,5,48952
0,5,22,4,23,5,48955
0,5,23,4,23,5,48958
0,5,1,5,23,5,48961
0,5,2,5,23,5,48964
0,5,3,5,23,5,48967
0,5,4,5,23,5,48970
0,5,5,5,23,5,48973
0,5,6,5,23,5,48976
0,5,7,5,23,5,48979
0,5,8,5,23,5,48982
0,5,9,5,23,5,48985
0,5,10,5,23,5,48988
0,5,11,5,23,5,48991
0,5,12,5,23,5,48994
0,5,13,5,23,5,48997
0,5,14,5,23,5,49000
0,5,15,5,23,5,49003
0,5,16,5,23,5,49006
0,5,17,5,23,5,49009
0,5,18,5,23,5,49012
0,5,19,5,23,5,49015
0,5,20,5,23,5,49018
0,5,21,5,23,5,49021
0,5,22,5,23,5,49024
0,5,1,6,23,5,49027
0,5,2,6,23,5,49030
0,5,3,6,23,5,49033
0,5,4,6,23,5,49036
0,5,5,6,23,5,49039
0,5,6,6,23,5,49042
0,5,7,6,23,5,49045
0,5,8,6,23,5,49048
0,5,9,6,23,5,49051
0,5,10,6,23,5,49054
0,5,11,6,23,5,49057
0,5,12,6,23,5,49060
0,5,13,6,23,5,49063
0,5,14,6,23,5,49066
0,5,15,6,23,5,49069
0,5,16,6,23,5,49072
0,5,17,6,23,5,49075
0,5,18,6,23,5,49078
0,5,19,6,23,5,49081
0,5,20,6,23,5,49084
0,5,21,6,23,5,49087
0,5,22,6,23,5,49090
0,5,1,7,23,5,49093
0,5,2,7,23,5,49096
0,5,3,7,23,5,49099
0,5,4,7,23,5,49102
0,5,5,7,23,5,49105
0,5,6,7,23,5,49108
0,5,7,7,23,5,49111
0,5,8,7,23,5,49114
0,5,9,7,23,5,49117
0,5,10,7,23,5,49120
0,5,11,7,23,5,49123
0,5,12,7,23,5,49126
0,5,13,7,23,5,49129
0,5,14,7,23,5,49132
0,5,15,7,23,5,49135
0,5,16,7,23,5,49138
0,5,17,7,23,5,49141
0,5,18,7,23,5,49144
0,5,19,7,23,5,49147
0,5,20,7,23,5,49150
0,5,21,7,23,5,49153
0,5,22,7,23,5,49156
0,5,1,8,23,5,49159
0,5,2,8,23,5,49162
0,5,3,8,23,5,49165
0,5,4,8,23,5,49168
0,5,5,8,23,5,49171
0,5,6,8,23,5,49174
0,5,7,8,23,5,49177
0,5,8,8,23,5,49180
0,5,9,8,23,5,49183
0,5,10,8,23,5,49186
0,5,11,8,23,5,49189
0,5,12,8,23,5,49192
0,5,13,8,23,5,49195
0,5,14,8,23,5,49198
0,5,15,8,23,5,49201
0,5,16,8,23,5,49204
0,5,17,8,23,5,49207
0,5,18,8,23,5,49210
0,5,19,8,23,5,49213
0,5,20,8,23,5,49216
0,5,21,8,23,5,49219
0,5,22,8,23,5,49222
0,5,1,9,23,5,49225
0,5,2,9,23,5,49228
0,5,3,9,23,5,49231
0,5,4,9,23,5,49234
0,5,5,9,23,5,49237
0,5,6,9,23,5,49240
0,5,7,9,23,5,49243
0,5,8,9,23,5,49246
0,5,9,9,23,5,49249
0,5,10,9,23,5,49252
0,5,11,9,23,5,49255
0,5,12,9,23,5,49258
0,5,13,9,23,5,49261
0,5,14,9,23,5,49264
0,5,15,9,23,5,49267
0,5,16,9,23,5,49270
0,5,17,9,23,5,49273
0,5,18,9,23,5,49276
0,5,19,9,23,5,49279
0,5,20,9,23,5,49282
0,5,21,9,23,5,49285
0,5,22,9,23,5,49288
0,5,1,10,23,5,49291
0,5,2,10,23,5,49294
0,5,3,10,23,5,49297
0,5,4,10,23,5,49300
0,5,5,10,23,5,49303
0,5,6,10,23,5,49306
0,5,7,10,23,5,49309
0,5,8,10,23,5,49312
0,5,9,10,23,5,49315
0,5,10,10,23,5,49318
0,5,11,10,23,5,49321
0,5,12,10,23,5,49324
0,5,13,10,23,5,49327
0,5,14,10,23,5,49330
0,5,15,10,23,5,49333
0,5,16,10,23,5,49336
0,5,17,10,23,5,49339
0,5,18,10,23,5,49342
0,5,19,10,23,5,49345
0,5,20,10,23,5,49348
0,5,21,10,23,5,49351
0,5,22,10,23,5,49354
0,5,0,11,23,5,49357
0,5,1,11,23,5,49360
0,5,2,11,23,5,49363
0,5,3,11,23,5,49366
0,5,4,11,23,5,49369
0,5,5,11,23,5,49372
0,5,6,11,23,5,49375
0,5,7,11,23,5,49378
0,5,8,11,23,5,49381
0,5,9,11,23,5,49384
0,5,10,11,23,5,49387
0,5,11,11,23,5,49390
0,5,12,11,23,5,49393
0,5,13,11,23,5,49396
0,5,14,11,23,5,49399
0,5,15,11,23,5,49402
0,5,16,11,23,5,49405
0,5,17,11,23,5,49408
0,5,18,11,23,5,49411
0,5,19,11,23,5,49414
0,5,20,11,23,5,49417
0,5,21,11,23,5,49420
0,5,22,11,23,5,49423
0,5,23,11,23,5,49426
0,5,0,12,23,5,49429
0,5,1,12,23,5,49432
0,5,2,12,23,5,49435
0,5,3,12,23,5,49438
0,5,4,12,23,5,49441
0,5,5,12,23,5,49444
0,5,6,12,23,5,49447
0,5,7,12,23,5,49450
0,5,8,12,23,5,49453
0,5,9,12,23,5,49456
0,5,10,12,23,5,49459
0,5,11,12,23,5,49462
0,5,12,12,23,5,49465
0,5,13,12,23,5,49468
0,5,14,12,23,5,49471
0,5,15,12,23,5,49474
0,5,16,12,23,5,49477
0,5,17,12,23,5,49480
0,5,18,12,23,5,49483
0,5,19,12,23,5,49486
0,5,20,12,23,5,49489
0,5,21,12,23,5,49492
0,5,22,12,23,5,49495
0,5,23,12,23,5,49498
0,5,0,13,23,5,49501
0,5,1,13,23,5,49504
0,5,2,13,23,5,49507
0,5,3,13,23,5,49510
0,5,4,13,23,5,49513
0,5,5,13,23,5,49516
0,5,6,13,23,5,49519
0,5,7,13,23,5,49522
0,5,8,13,23,5,49525
0,5,9,13,23,5,49528
0,5,10,13,23,5,49531
0,5,11,13,23,5,49534
0,5,12,13,23,5,49537
0,5,13,13,23,5,49540
0,5,14,13,23,5,49543
0,5,15,13,23,5,49546
0,5,16,13,23,5,49549
0,5,17,13,23,5,49552
0,5,18,13,23,5,49555
0,5,19,13,23,5,49558
0,5,20,13,23,5,49561
0,5,21,13,23,5,49564
0,5,22,13,23,5,49567
0,5,23,13,23,5,49570
0,5,0,0,23,6,49573
0,5,1,0,23,6,49576
0,5,2,0,23,6,49579
0,5,3,0,23,6,49582
0,5,4,0,23,6,49585
0,5,5,0,23,6,49588
0,5,6,0,23,6,49591
0,5,7,0,23,6,49594
0,5,8,0,23,6,49597
0,5,9,0,23,6,49600
0,5,10,0,23,6,49603
0,5,11,0,23,6,49606
0,5,12,0,23,6,49609
0,5,13,0,23,6,49612
0,5,14,0,23,6,49615
0,5,15,0,23,6,49618
0,5,16,0,23,6,49621
0,5,17,0,23,6,49624
0,5,18,0,23,6,49627
0,5,19,0,23,6,49630
0,5,20,0,23,6,49633
0,5,21,0,23,6,49636
0,5,22,0,23,6,49639
0,5,23,0,23,6,49642
0,5,0,1,23,6,49645
0,5,1,1,23,6,49648
0,5,2,1,23,6,49651
0,5,3,1,23,6,49654
0,5,4,1,23,6,49657
0,5,5,1,23,6,49660
0,5,6,1,23,6,49663
0,5,7,1,23,6,49666
0,5,8,1,23,6,49669
0,5,9,1,23,6,49672
0,5,10,1,23,6,49675
0,5,11,1,23,6,49678
0,5,12,1,23,6,49681
0,5,13,1,23,6,49684
0,5,14,1,23,6,49687
0,5,15,1,23,6,49690
0,5,16,1,23,6,49693
0,5,17,1,23,6,49696
0,5,18,1,23,6,49699
0,5,19,1,23,6,49702
0,5,20,1,23,6,49705
0,5,21,1,23,6,49708
0,5,22,1,23,6,49711
0,5,23,1,23,6,49714
0,5,0,2,23,6,49717
0,5,1,2,23,6,49720
0,5,2,2,23,6,49723
0,5,3,2,23,6,49726
0,5,4,2,23,6,49729
0,5,5,2,23,6,49732
0,5,6,2,23,6,49735
0,5,7,2,23,6,49738
0,5,8,2,23,6,49741
0,5,9,2,23,6,49744
0,5,10,2,23,6,49747
0,5,11,2,23,6,49750
0,5,12,2,23,6,49753
0,5,13,2,23,6,49756
0,5,14,2,23,6,49759
0,5,15,2,23,6,49762
0,5,16,2,23,6,49765
0,5,17,2,23,6,49768
0,5,18,2,23,6,49771
0,5,19,2,23,6,49774
0,5,20,2,23,6,49777
0,5,21,2,23,6,49780
0,5,22,2,23,6,49783
0,5,23,2,23,6,49786
0,5,0,3,23,6,49789
0,5,1,3,23,6,49792
0,5,2,3,23,6,49795
0,5,3,3,23,6,49798
0,5,4,3,23,6,49801
0,5,5,3,23,6,49804
0,5,6,3,23,6,49807
0,5,7,3,23,6,49810
0,5,8,3,23,6,49813
0,5,9,3,23,6,49816
0,5,10,3,23,6,49819
0,5,11,3,23,6,49822
0,5,12,3,23,6,49825
0,5,13,3,23,6,49828
0,5,14,3,23,6,49831
0,5,15,3,23,6,49834
0,5,16,3,23,6,49837
0,5,17,3,23,6,49840
0,5,18,3,23,6,49843
0,5,19,3,23,6,49846
0,5,20,3,23,6,49849
0,5,21,3,23,6,49852
0,5,22,3,23,6,49855
0,5,23,3,23,6,49858
0,5,0,4,23,6,49861
0,5,1,4,23,6,49864
0,5,2,4,23,6,49867
0,5,3,4,23,6,49870
0,5,4,4,23,6,49873
0,5,5,4,23,6,49876
0,5,6,4,23,6,49879
0,5,7,4,23,6,49882
0,5,8,4,23,6,49885
0,5,9,4,23,6,49888
0,5,10,4,23,6,49891
0,5,11,4,23,6,49894
0,5,12,4,23,6,49897
0,5,13,4,23,6,49900
0,5,14,4,23,6,49903
0,5,15,4,23,6,49906
0,5,16,4,23,6,49909
0,5,17,4,23,6,49912
0,5,18,4,23,6,49915
0,5,19,4,23,6,49918
0,5,20,4,23,6,49921
0,5,21,4,23,6,49924
0,5,22,4,23,6,49927
0,5,23,4,23,6,49930
0,5,1,5,23,6,49933
0,5,2,5,23,6,49936
0,5,3,5,23,6,49939
0,5,4,5,23,6,49942
0,5,5,5,23,6,49945
0,5,6,5,23,6,49948
0,5,7,5,23,6,49951
0,5,8,5,23,6,49954
0,5,9,5,23,6,49957
0,5,10,5,23,6,49960
0,5,11,5,23,6,49963
0,5,12,5,23,6,49966
0,5,13,5,23,6,49969
0,5,14,5,23,6,49972
0,5,15,5,23,6,49975
0,5,16,5,23,6,49978
0,5,17,5,23,6,49981
0,5,18,5,23,6,49984
0,5,19,5,23,6,49987
0,5,20,5,23,6,49990
0,5,21,5,23,6,49993
0,5,22,5,23,6,49996
0,5,23,5,23,6,49999
0,5,1,6,23,6,50002
0,5,2,6,23,6,50005
0,5,3,6,23,6,50008
0,5,4,6,23,6,50011
0,5,5,6,23,6,50014
0,5,6,6,23,6,50017
0,5,7,6,23,6,50020
0,5,8,6,23,6,50023
0,5,9,6,23,6,50026
0,5,10,6,23,6,50029
0,5,11,6,23,6,50032
0,5,12,6,23,6,50035
0,5,13,6,23,6,50038
0,5,14,6,23,6,50041
0,5,15,6,23,6,50044
0,5,16,6,23,6,50047
0,5,17,6,23,6,50050
0,5,18,6,23,6,50053
0,5,19,6,23,6,50056
0,5,20,6,23,6,50059
0,5,21,6,23,6,50062
0,5,22,6,23,6,50065
0,5,1,7,23,6,50068
0,5,2,7,23,6,50071
0,5,3,7,23,6,50074
0,5,4,7,23,6,50077
0,5,5,7,23,6,50080
0,5,6,7,23,6,50083
0,5,7,7,23,6,50086
0,5,8,7,23,6,50089
0,5,9,7,23,6,50092
0,5,10,7,23,6,50095
0,5,11,7,23,6,50098
0,5,12,7,23,6,50101
0,5,13,7,23,6,50104
0,5,14,7,23,6,50107
0,5,15,7,23,6,50110
0,5,16,7,23,6,50113
0,5,17,7,23,6,50116
0,5,18,7,23,6,50119
0,5,19,7,23,6,50122
0,5,20,7,23,6,50125
0,5,21,7,23,6,50128
0,5,22,7,23,6,50131
0,5,1,8,23,6,50134
0,5,2,8,23,6,50137
0,5,3,8,23,6,50140
0,5,4,8,23,6,50143
0,5,5,8,23,6,50146
0,5,6,8,23,6,50149
0,5,7,8,23,6,50152
0,5,8,8,23,6,50155
0,5,9,8,23,6,50158
0,5,10,8,23,6,50161
0,5,11,8,23,6,50164
0,5,12,8,23,6,50167
0,5,13,8,23,6,50170
0,5,14,8,23,6,50173
0,5,15,8,23,6,50176
0,5,16,8,23,6,50179
0,5,17,8,23,6,50182
0,5,18,8,23,6,50185
0,5,19,8,23,6,50188
0,5,20,8,23,6,50191
0,5,21,8,23,6,50194
0,5,22,8,23,6,50197
0,5,1,9,23,6,50200
0,5,2,9,23,6,50203
0,5,3,9,23,6,50206
0,5,4,9,23,6,50209
0,5,5,9,23,6,50212
0,5,6,9,23,6,50215
0,5,7,9,23,6,50218
0,5,8,9,23,6,50221
0,5,9,9,23,6,50224
0,5,10,9,23,6,50227
0,5,11,9,23,6,50230
0,5,12,9,23,6,50233
0,5,13,9,23,6,50236
0,5,14,9,23,6,50239
0,5,15,9,23,6,50242
0,5,16,9,23,6,50245
0,5,17,9,23,6,50248
0,5,18,9,23,6,50251
0,5,19,9,23,6,50254
0,5,20,9,23,6,50257
0,5,21,9,23,6,50260
0,5,22,9,23,6,50263
0,5,1,10,23,6,50266
0,5,2,10,23,6,50269
0,5,3,10,23,6,50272
0,5,4,10,23,6,50275
0,5,5,10,23,6,50278
0,5,6,10,23,6,50281
0,5,7,10,23,6,50284
0,5,8,10,23,6,50287
0,5,9,10,23,6,50290
0,5,10,10,23,6,50293
0,5,11,10,23,6,50296
0,5,12,10,23,6,50299
0,5,13,10,23,6,50302
0,5,14,10,23,6,50305
0,5,15,10,23,6,50308
0,5,16,10,23,6,50311
0,5,17,10,23,6,50314
0,5,18,10,23,6,50317
0,5,19,10,23,6,50320
0,5,20,10,23,6,50323
0,5,21,10,23,6,50326
0,5,22,10,23,6,50329
0,5,0,11,23,6,50332
0,5,1,11,23,6,50335
0,5,2,11,23,6,50338
0,5,3,11,23,6,50341
0,5,4,11,23,6,50344
0,5,5,11,23,6,50347
0,5,6,11,23,6,50350
0,5,7,11,23,6,50353
0,5,8,11,23,6,50356
0,5,9,11,23,6,50359
0,5,10,11,23,6,50362
0,5,11,11,23,6,50365
0,5,12,11,23,6,50368
0,5,13,11,23,6,50371
0,5,14,11,23,6,50374
0,5,15,11,23,6,50377
0,5,16,11,23,6,50380
0,5,17,11,23,6,50383
0,5,18,11,23,6,50386
0,5,19,11,23,6,50389
0,5,20,11,23,6,50392
0,5,21,11,23,6,50395
0,5,22,11,23,6,50398
0,5,0,12,23,6,50401
0,5,1,12,23,6,50404
0,5,2,12,23,6,50407
0,5,3,12,23,6,50410
0,5,4,12,23,6,50413
0,5,5,12,23,6,50416
0,5,6,12,23,6,50419
0,5,7,12,23,6,50422
0,5,8,12,23,6,50425
0,5,9,12,23,6,50428
0,5,10,12,23,6,50431
0,5,11,12,23,6,50434
0,5,12,12,23,6,50437
0,5,13,12,23,6,50440
0,5,14,12,23,6,50443
0,5,15,12,23,6,50446
0,5,16,12,23,6,50449
0,5,17,12,23,6,50452
0,5,18,12,23,6,50455
0,5,19,12,23,6,50458
0,5,20,12,23,6,50461
0,5,21,12,23,6,50464
0,5,22,12,23,6,50467
0,5,23,12,23,6,50470
0,5,0,13,23,6,50473
0,5,1,13,23,6,50476
0,5,2,13,23,6,50479
0,5,3,13,23,6,50482
0,5,4,13,23,6,50485
0,5,5,13,23,6,50488
0,5,6,13,23,6,50491
0,5,7,13,23,6,50494
0,5,8,13,23,6,50497
0,5,9,13,23,6,50500
0,5,10,13,23,6,50503
0,5,11,13,23,6,50506
0,5,12,13,23,6,50509
0,5,13,13,23,6,50512
0,5,14,13,23,6,50515
0,5,15,13,23,6,50518
0,5,16,13,23,6,50521
0,5,17,13,23,6,50524
0,5,18,13,23,6,50527
0,5,19,13,23,6,50530
0,5,20,13,23,6,50533
0,5,21,13,23,6,50536
0,5,22,13,23,6,50539
0,5,23,13,23,6,50542
0,5,0,0,23,7,50545
0,5,1,0,23,7,50548
0,5,2,0,23,7,50551
0,5,3,0,23,7,50554
0,5,4,0,23,7,50557
0,5,5,0,23,7,50560
0,5,6,0,23,7,50563
0,5,7,0,23,7,50566
0,5,8,0,23,7,50569
0,5,9,0,23,7,50572
0,5,10,0,23,7,50575
0,5,11,0,23,7,50578
0,5,12,0,23,7,50581
0,5,13,0,23,7,50584
0,5,14,0,23,7,50587
0,5,15,0,23,7,50590
0,5,16,0,23,7,50593
0,5,17,0,23,7,50596
0,5,18,0,23,7,50599
0,5,19,0,23,7,50602
0,5,20,0,23,7,50605
0,5,21,0,23,7,50608
0,5,22,0,23,7,50611
0,5,23,0,23,7,50614
0,5,0,1,23,7,50617
0,5,1,1,23,7,50620
0,5,2,1,23,7,50623
0,5,3,1,23,7,50626
0,5,4,1,23,7,50629
0,5,5,1,23,7,50632
0,5,6,1,23,7,50635
0,5,7,1,23,7,50638
0,5,8,1,23,7,50641
0,5,9,1,23,7,50644
0,5,10,1,23,7,50647
0,5,11,1,23,7,50650
0,5,12,1,23,7,50653
0,5,13,1,23,7,50656
0,5,14,1,23,7,50659
0,5,15,1,23,7,50662
0,5,16,1,23,7,50665
0,5,17,1,23,7,50668
0,5,18,1,23,7,50671
0,5,19,1,23,7,50674
0,5,20,1,23,7,50677
0,5,21,1,23,7,50680
0,5,22,1,23,7,50683
0,5,23,1,23,7,50686
0,5,0,2,23,7,50689
0,5,1,2,23,7,50692
0,5,2,2,23,7,50695
0,5,3,2,23,7,50698
0,5,4,2,23,7,50701
0,5,5,2,23,7,50704
0,5,6,2,23,7,50707
0,5,7,2,23,7,50710
0,5,8,2,23,7,50713
0,5,9,2,23,7,50716
0,5,10,2,23,7,50719
0,5,11,2,23,7,50722
0,5,12,2,23,7,50725
0,5,13,2,23,7,50728
0,5,14,2,23,7,50731
0,5,15,2,23,7,50734
0,5,16,2,23,7,50737
0,5,17,2,23,7,50740
0,5,18,2,23,7,50743
0,5,19,2,23,7,50746
0,5,20,2,23,7,50749
0,5,21,2,23,7,50752
0,5,22,2,23,7,50755
0,5,23,2,23,7,50758
0,5,0,3,23,7,50761
0,5,1,3,23,7,50764
0,5,2,3,23,7,50767
0,5,3,3,23,7,50770
0,5,4,3,23,7,50773
0,5,5,3,23,7,50776
0,5,6,3,23,7,50779
0,5,7,3,23,7,50782
0,5,8,3,23,7,50785
0,5,9,3,23,7,50788
0,5,10,3,23,7,50791
0,5,11,3,23,7,50794
0,5,12,3,23,7,50797
0,5,13,3,23,7,50800
0,5,14,3,23,7,50803
0,5,15,3,23,7,50806
0,5,16,3,23,7,50809
0,5,17,3,23,7,50812
0,5,18,3,23,7,50815
0,5,19,3,23,7,50818
0,5,20,3,23,7,50821
0,5,21,3,23,7,50824
0,5,22,3,23,7,50827
0,5,23,3,23,7,50830
0,5,0,4,23,7,50833
0,5,1,4,23,7,50836
0,5,2,4,23,7,50839
0,5,3,4,23,7,50842
0,5,4,4,23,7,50845
0,5,5,4,23,7,50848
0,5,6,4,23,7,50851
0,5,7,4,23,7,50854
0,5,8,4,23,7,50857
0,5,9,4,23,7,50860
0,5,10,4,23,7,50863
0,5,11,4,23,7,50866
0,5,12,4,23,7,50869
0,5,13,4,23,7,50872
0,5,14,4,23,7,50875
0,5,15,4,23,7,50878
0,5,16,4,23,7,50881
0,5,17,4,23,7,50884
0,5,18,4,23,7,50887
0,5,19,4,23,7,50890
0,5,20,4,23,7,50893
0,5,21,4,23,7,50896
0,5,22,4,23,7,50899
0,5,23,4,23,7,50902
0,5,1,5,23,7,50905
0,5,2,5,23,7,50908
0,5,3,5,23,7,50911
0,5,4,5,23,7,50914
0,5,5,5,23,7,50917
0,5,6,5,23,7,50920
0,5,7,5,23,7,50923
0,5,8,5,23,7,50926
0,5,9,5,23,7,50929
0,5,10,5,23,7,50932
0,5,11,5,23,7,50935
0,5,12,5,23,7,50938
0,5,13,5,23,7,50941
0,5,14,5,23,7,50944
0,5,15,5,23,7,50947
0,5,16,5,23,7,50950
0,5,17,5,23,7,50953
0,5,18,5,23,7,50956
0,5,19,5,23,7,50959
0,5,20,5,23,7,50962
0,5,21,5,23,7,50965
0,5,22,5,23,7,50968
0,5,23,5,23,7,50971
0,5,1,6,23,7,50974
0,5,2,6,23,7,50977
0,5,3,6,23,7,50980
0,5,4,6,23,7,50983
0,5,5,6,23,7,50986
0,5,6,6,23,7,50989
0,5,7,6,23,7,50992
0,5,8,6,23,7,50995
0,5,9,6,23,7,50998
0,5,10,6,23,7,51001
0,5,11,6,23,7,51004
0,5,12,6,23,7,51007
0,5,13,6,23,7,51010
0,5,14,6,23,7,51013
0,5,15,6,23,7,51016
0,5,16,6,23,7,51019
0,5,17,6,23,7,51022
0,5,18,6,23,7,51025
0,5,19,6,23,7,51028
0,5,20,6,23,7,51031
0,5,21,6,23,7,51034
0,5,22,6,23,7,51037
0,5,23,6,23,7,51040
0,5,1,7,23,7,51043
0,5,2,7,23,7,51046
0,5,3,7,23,7,51049
0,5,4,7,23,7,51052
0,5,5,7,23,7,51055
0,5,6,7,23,7,51058
0,5,7,7,23,7,51061
0,5,8,7,23,7,51064
0,5,9,7,23,7,51067
0,5,10,7,23,7,51070
0,5,11,7,23,7,51073
0,5,12,7,23,7,51076
0,5,13,7,23,7,51079
0,5,14,7,23,7,51082
0,5,15,7,23,7,51085
0,5,16,7,23,7,51088
0,5,17,7,23,7,51091
0,5,18,7,23,7,51094
0,5,19,7,23,7,51097
0,5,20,7,23,7,51100
0,5,21,7,23,7,51103
0,5,22,7,23,7,51106
0,5,1,8,23,7,51109
0,5,2,8,23,7,51112
0,5,3,8,23,7,51115
0,5,4,8,23,7,51118
0,5,5,8,23,7,51121
0,5,6,8,23,7,51124
0,5,7,8,23,7,51127
0,5,8,8,23,7,51130
0,5,9,8,23,7,51133
0,5,10,8,23,7,51136
0,5,11,8,23,7,51139
0,5,12,8,23,7,51142
0,5,13,8,23,7,51145
0,5,14,8,23,7,51148
0,5,15,8,23,7,51151
0,5,16,8,23,7,51154
0,5,17,8,23,7,51157
0,5,18,8,23,7,51160
0,5,19,8,23,7,51163
0,5,20,8,23,7,51166
0,5,21,8,23,7,51169
0,5,22,8,23,7,51172
0,5,1,9,23,7,51175
0,5,2,9,23,7,51178
0,5,3,9,23,7,51181
0,5,4,9,23,7,51184
0,5,5,9,23,7,51187
0,5,6,9,23,7,51190
0,5,7,9,23,7,51193
0,5,8,9,23,7,51196
0,5,9,9,23,7,51199
0,5,10,9,23,7,51202
0,5,11,9,23,7,51205
0,5,12,9,23,7,51208
0,5,13,9,23,7,51211
0,5,14,9,23,7,51214
0,5,15,9,23,7,51217
0,5,16,9,23,7,51220
0,5,17,9,23,7,51223
0,5,18,9,23,7,51226
0,5,19,9,23,7,51229
0,5,20,9,23,7,51232
0,5,21,9,23,7,51235
0,5,22,9,23,7,51238
0,5,1,10,23,7,51241
0,5,2,10,23,7,51244
0,5,3,10,23,7,51247
0,5,4,10,23,7,51250
0,5,5,10,23,7,51253
0,5,6,10,23,7,51256
0,5,7,10,23,7,51259
0,5,8,10,23,7,51262
0,5,9,10,23,7,51265
0,5,10,10,23,7,51268
0,5,11,10,23,7,51271
0,5,12,10,23,7,51274
0,5,13,10,23,7,51277
0,5,14,10,23,7,51280
0,5,15,10,23,7,51283
0,5,16,10,23,7,51286
0,5,17,10,23,7,51289
0,5,18,10,23,7,51292
0,5,19,10,23,7,51295
0,5,20,10,23,7,51298
0,5,21,10,23,7,51301
0,5,22,10,23,7,51304
0,5,0,11,23,7,51307
0,5,1,11,23,7,51310
0,5,2,11,23,7,51313
0,5,3,11,23,7,51316
0,5,4,11,23,7,51319
0,5,5,11,23,7,51322
0,5,6,11,23,7,51325
0,5,7,11,23,7,51328
0,5,8,11,23,7,51331
0,5,9,11,23,7,51334
0,5,10,11,23,7,51337
0,5,11,11,23,7,51340
0,5,12,11,23,7,51343
0,5,13,11,23,7,51346
0,5,14,11,23,7,51349
0,5,15,11,23,7,51352
0,5,16,11,23,7,51355
0,5,17,11,23,7,51358
0,5,18,11,23,7,51361
0,5,19,11,23,7,51364
0,5,20,11,23,7,51367
0,5,21,11,23,7,51370
0,5,22,11,23,7,51373
0,5,0,12,23,7,51376
0,5,1,12,23,7,51379
0,5,2,12,23,7,51382
0,5,3,12,23,7,51385
0,5,4,12,23,7,51388
0,5,5,12,23,7,51391
0,5,6,12,23,7,51394
0,5,7,12,23,7,51397
0,5,8,12,23,7,51400
0,5,9,12,23,7,51403
0,5,10,12,23,7,51406
0,5,11,12,23,7,51409
0,5,12,12,23,7,51412
0,5,13,12,23,7,51415
0,5,14,12,23,7,51418
0,5,15,12,23,7,51421
0,5,16,12,23,7,51424
0,5,17,12,23,7,51427
0,5,18,12,23,7,51430
0,5,19,12,23,7,51433
0,5,20,12,23,7,51436
0,5,21,12,23,7,51439
0,5,22,12,23,7,51442
0,5,0,13,23,7,51445
0,5,1,13,23,7,51448
0,5,2,13,23,7,51451
0,5,3,13,23,7,51454
0,5,4,13,23,7,51457
0,5,5,13,23,7,51460
0,5,6,13,23,7,51463
0,5,7,13,23,7,51466
0,5,8,13,23,7,51469
0,5,9,13,23,7,51472
0,5,10,13,23,7,51475
0,5,11,13,23,7,51478
0,5,12,13,23,7,51481
0,5,13,13,23,7,51484
0,5,14,13,23,7,51487
0,5,15,13,23,7,51490
0,5,16,13,23,7,51493
0,5,17,13,23,7,51496
0,5,18,13,23,7,51499
0,5,19,13,23,7,51502
0,5,20,13,23,7,51505
0,5,21,13,23,7,51508
0,5,22,13,23,7,51511
0,5,23,13,23,7,51514
0,5,0,0,23,8,51517
0,5,1,0,23,8,51520
0,5,2,0,23,8,51523
0,5,3,0,23,8,51526
0,5,4,0,23,8,51529
0,5,5,0,23,8,51532
0,5,6,0,23,8,51535
0,5,7,0,23,8,51538
0,5,8,0,23,8,51541
0,5,9,0,23,8,51544
0,5,10,0,23,8,51547
0,5,11,0,23,8,51550
0,5,12,0,23,8,51553
0,5,13,0,23,8,51556
0,5,14,0,23,8,51559
0,5,15,0,23,8,51562
0,5,16,0,23,8,51565
0,5,17,0,23,8,51568
0,5,18,0,23,8,51571
0,5,19,0,23,8,51574
0,5,20,0,23,8,51577
0,5,21,0,23,8,51580
0,5,22,0,23,8,51583
0,5,23,0,23,8,51586
0,5,0,1,23,8,51589
0,5,1,1,23,8,51592
0,5,2,1,23,8,51595
0,5,3,1,23,8,51598
0,5,4,1,23,8,51601
0,5,5,1,23,8,51604
0,5,6,1,23,8,51607
0,5,7,1,23,8,51610
0,5,8,1,23,8,51613
0,5,9,1,23,8,51616
0,5,10,1,23,8,51619
0,5,11,1,23,8,51622
0,5,12,1,23,8,51625
0,5,13,1,23,8,51628
0,5,14,1,23,8,51631
0,5,15,1,23,8,51634
0,5,16,1,23,8,51637
0,5,17,1,23,8,51640
0,5,18,1,23,8,51643
0,5,19,1,23,8,51646
0,5,20,1,23,8,51649
0,5,21,1,23,8,51652
0,5,22,1,23,8,51655
0,5,23,1,23,8,51658
0,5,0,2,23,8,51661
0,5,1,2,23,8,51664
0,5,2,2,23,8,51667
0,5,3,2,23,8,51670
0,5,4,2,23,8,51673
0,5,5,2,23,8,51676
0,5,6,2,23,8,51679
0,5,7,2,23,8,51682
0,5,8,2,23,8,51685
0,5,9,2,23,8,51688
0,5,10,2,23,8,51691
0,5,11,2,23,8,51694
0,5,12,2,23,8,51697
0,5,13,2,23,8,51700
0,5,14,2,23,8,51703
0,5,15,2,23,8,51706
0,5,16,2,23,8,51709
0,5,17,2,23,8,51712
0,5,18,2,23,8,51715
0,5,19,2,23,8,51718
0,5,20,2,23,8,51721
0,5,21,2,23,8,51724
0,5,22,2,23,8,51727
0,5,23,2,23,8,51730
0,5,0,3,23,8,51733
0,5,1,3,23,8,51736
0,5,2,3,23,8,51739
0,5,3,3,23,8,51742
0,5,4,3,23,8,51745
0,5,5,3,23,8,51748
0,5,6,3,23,8,51751
0,5,7,3,23,8,51754
0,5,8,3,23,8,51757
0,5,9,3,23,8,51760
0,5,10,3,23,8,51763
0,5,11,3,23,8,51766
0,5,12,3,23,8,51769
0,5,13,3,23,8,51772
0,5,14,3,23,8,51775
0,5,15,3,23,8,51778
0,5,16,3,23,8,51781
0,5,17,3,23,8,51784
0,5,18,3,23,8,51787
0,5,19,3,23,8,51790
0,5,20,3,23,8,51793
0,5,21,3,23,8,51796
0,5,22,3,23,8,51799
0,5,23,3,23,8,51802
0,5,0,4,23,8,51805
0,5,1,4,23,8,51808
0,5,2,4,23,8,51811
0,5,3,4,23,8,51814
0,5,4,4,23,8,51817
0,5,5,4,23,8,51820
0,5,6,4,23,8,51823
0,5,7,4,23,8,51826
0,5,8,4,23,8,51829
0,5,9,4,23,8,51832
0,5,10,4,23,8,51835
0,5,11,4,23,8,51838
0,5,12,4,23,8,51841
0,5,13,4,23,8,51844
0,5,14,4,23,8,51847
0,5,15,4,23,8,51850
0,5,16,4,23,8,51853
0,5,17,4,23,8,51856
0,5,18,4,23,8,51859
0,5,19,4,23,8,51862
0,5,20,4,23,8,51865
0,5,21,4,23,8,51868
0,5,22,4,23,8,51871
0,5,23,4,23,8,51874
0,5,1,5,23,8,51877
0,5,2,5,23,8,51880
0,5,3,5,23,8,51883
0,5,4,5,23,8,51886
0,5,5,5,23,8,51889
0,5,6,5,23,8,51892
0,5,7,5,23,8,51895
0,5,8,5,23,8,51898
0,5,9,5,23,8,51901
0,5,10,5,23,8,51904
0,5,11,5,23,8,51907
0,5,12,5,23,8,51910
0,5,13,5,23,8,51913
0,5,14,5,23,8,51916
0,5,15,5,23,8,51919
0,5,16,5,23,8,51922
0,5,17,5,23,8,51925
0,5,18,5,23,8,51928
0,5,19,5,23,8,51931
0,5,20,5,23,8,51934
0,5,21,5,23,8,51937
0,5,22,5,23,8,51940
0,5,23,5,23,8,51943
0,5,1,6,23,8,51946
0,5,2,6,23,8,51949
0,5,3,6,23,8,51952
0,5,4,6,23,8,51955
0,5,5,6,23,8,51958
0,5,6,6,23,8,51961
0,5,7,6,23,8,51964
0,5,8,6,23,8,51967
0,5,9,6,23,8,51970
0,5,10,6,23,8,51973
0,5,11,6,23,8,51976
0,5,12,6,23,8,51979
0,5,13,6,23,8,51982
0,5,14,6,23,8,51985
0,5,15,6,23,8,51988
0,5,16,6,23,8,51991
0,5,17,6,23,8,51994
0,5,18,6,23,8,51997
0,5,19,6,23,8,52000
0,5,20,6,23,8,52003
0,5,21,6,23,8,52006
0,5,22,6,23,8,52009
0,5,23,6,23,8,52012
0,5,1,7,23,8,52015
0,5,2,7,23,8,52018
0,5,3,7,23,8,52021
0,5,4,7,23,8,52024
0,5,5,7,23,8,52027
0,5,6,7,23,8,52030
0,5,7,7,23,8,52033
0,5,8,7,23,8,52036
0,5,9,7,23,8,52039
0,5,10,7,23,8,52042
0,5,11,7,23,8,52045
0,5,12,7,23,8,52048
0,5,13,7,23,8,52051
0,5,14,7,23,8,52054
0,5,15,7,23,8,52057
0,5,16,7,23,8,52060
0,5,17,7,23,8,52063
0,5,18,7,23,8,52066
0,5,19,7,23,8,52069
0,5,20,7,23,8,52072
0,5,21,7,23,8,52075
0,5,22,7,23,8,52078
0,5,23,7,23,8,52081
0,5,1,8,23,8,52084
0,5,2,8,23,8,52087
0,5,3,8,23,8,52090
0,5,4,8,23,8,52093
0,5,5,8,23,8,52096
0,5,6,8,23,8,52099
0,5,7,8,23,8,52102
0,5,8,8,23,8,52105
0,5,9,8,23,8,52108
0,5,10,8,23,8,52111
0,5,11,8,23,8,52114
0,5,12,8,23,8,52117
0,5,13,8,23,8,52120
0,5,14,8,23,8,52123
0,5,15,8,23,8,52126
0,5,16,8,23,8,52129
0,5,17,8,23,8,52132
0,5,18,8,23,8,52135
0,5,19,8,23,8,52138
0,5,20,8,23,8,52141
0,5,21,8,23,8,52144
0,5,22,8,23,8,52147
0,5,1,9,23,8,52150
0,5,2,9,23,8,52153
0,5,3,9,23,8,52156
0,5,4,9,23,8,52159
0,5,5,9,23,8,52162
0,5,6,9,23,8,52165
0,5,7,9,23,8,52168
0,5,8,9,23,8,52171
0,5,9,9,23,8,52174
0,5,10,9,23,8,52177
0,5,11,9,23,8,52180
0,5,12,9,23,8,52183
0,5,13,9,23,8,52186
0,5,14,9,23,8,52189
0,5,15,9,23,8,52192
0,5,16,9,23,8,52195
0,5,17,9,23,8,52198
0,5,18,9,23,8,52201
0,5,19,9,23,8,52204
0,5,20,9,23,8,52207
0,5,21,9,23,8,52210
0,5,22,9,23,8,52213
0,5,1,10,23,8,52216
0,5,2,10,23,8,52219
0,5,3,10,23,8,52222
0,5,4,10,23,8,52225
0,5,5,10,23,8,52228
0,5,6,10,23,8,52231
0,5,7,10,23,8,52234
0,5,8,10,23,8,52237
0,5,9,10,23,8,52240
0,5,10,10,23,8,52243
0,5,11,10,23,8,52246
0,5,12,10,23,8,52249
0,5,13,10,23,8,52252
0,5,14,10,23,8,52255
0,5,15,10,23,8,52258
0,5,16,10,23,8,52261
0,5,17,10,23,8,52264
0,5,18,10,23,8,52267
0,5,19,10,23,8,52270
0,5,20,10,23,8,52273
0,5,21,10,23,8,52276
0,5,22,10,23,8,52279
0,5,0,11,23,8,52282
0,5,1,11,23,8,52285
0,5,2,11,23,8,52288
0,5,3,11,23,8,52291
0,5,4,11,23,8,52294
0,5,5,11,23,8,52297
0,5,6,11,23,8,52300
0,5,7,11,23,8,52303
0,5,8,11,23,8,52306
0,5,9,11,23,8,52309
0,5,10,11,23,8,52312
0,5,11,11,23,8,52315
0,5,12,11,23,8,52318
0,5,13,11,23,8,52321
0,5,14,11,23,8,52324
0,5,15,11,23,8,52327
0,5,16,11,23,8,52330
0,5,17,11,23,8,52333
0,5,18,11,23,8,52336
0,5,19,11,23,8,52339
0,5,20,11,23,8,52342
0,5,21,11,23,8,52345
0,5,22,11,23,8,52348
0,5,0,12,23,8,52351
0,5,1,12,23,8,52354
0,5,2,12,23,8,52357
0,5,3,12,23,8,52360
0,5,4,12,23,8,52363
0,5,5,12,23,8,52366
0,5,6,12,23,8,52369
0,5,7,12,23,8,52372
0,5,8,12,23,8,52375
0,5,9,12,23,8,52378
0,5,10,12,23,8,52381
0,5,11,12,23,8,52384
0,5,12,12,23,8,52387
0,5,13,12,23,8,52390
0,5,14,12,23,8,52393
0,5,15,12,23,8,52396
0,5,16,12,23,8,52399
0,5,17,12,23,8,52402
0,5,18,12,23,8,52405
0,5,19,12,23,8,52408
0,5,20,12,23,8,52411
0,5,21,12,23,8,52414
0,5,22,12,23,8,52417
0,5,0,13,23,8,52420
0,5,1,13,23,8,52423
0,5,2,13,23,8,52426
0,5,3,13,23,8,52429
0,5,4,13,23,8,52432
0,5,5,13,23,8,52435
0,5,6,13,23,8,52438
0,5,7,13,23,8,52441
0,5,8,13,23,8,52444
0,5,9,13,23,8,52447
0,5,10,13,23,8,52450
0,5,11,13,23,8,52453
0,5,12,13,23,8,52456
0,5,13,13,23,8,52459
0,5,14,13,23,8,52462
0,5,15,13,23,8,52465
0,5,16,13,23,8,52468
0,5,17,13,23,8,52471
0,5,18,13,23,8,52474
0,5,19,13,23,8,52477
0,5,20,13,23,8,52480
0,5,21,13,23,8,52483
0,5,22,13,23,8,52486
0,6,0,0,23,0,52489
0,6,1,0,23,0,52492
0,6,2,0,23,0,52495
0,6,3,0,23,0,52498
0,6,4,0,23,0,52501
0,6,5,0,23,0,52504
0,6,6,0,23,0,52507
0,6,7,0,23,0,52510
0,6,8,0,23,0,52513
0,6,9,0,23,0,52516
0,6,10,0,23,0,52519
0,6,11,0,23,0,52522
0,6,12,0,23,0,52525
0,6,13,0,23,0,52528
0,6,14,0,23,0,52531
0,6,15,0,23,0,52534
0,6,16,0,23,0,52537
0,6,17,0,23,0,52540
0,6,18,0,23,0,52543
0,6,19,0,23,0,52546
0,6,20,0,23,0,52549
0,6,21,0,23,0,52552
0,6,22,0,23,0,52555
0,6,0,1,23,0,52558
0,6,1,1,23,0,52561
0,6,2,1,23,0,52564
0,6,3,1,23,0,52567
0,6,4,1,23,0,52570
0,6,5,1,23,0,52573
0,6,6,1,23,0,52576
0,6,7,1,23,0,52579
0,6,8,1,23,0,52582
0,6,9,1,23,0,52585
0,6,10,1,23,0,52588
0,6,11,1,23,0,52591
0,6,12,1,23,0,52594
0,6,13,1,23,0,52597
0,6,14,1,23,0,52600
0,6,15,1,23,0,52603
0,6,16,1,23,0,52606
0,6,17,1,23,0,52609
0,6,18,1,23,0,52612
0,6,19,1,23,0,52615
0,6,20,1,23,0,52618
0,6,21,1,23,0,52621
0,6,22,1,23,0,52624
0,6,0,2,23,0,52627
0,6,1,2,23,0,52630
0,6,2,2,23,0,52633
0,6,3,2,23,0,52636
0,6,4,2,23,0,52639
0,6,5,2,23,0,52642
0,6,6,2,23,0,52645
0,6,7,2,23,0,52648
0,6,8,2,23,0,52651
0,6,9,2,23,0,52654
0,6,10,2,23,0,52657
0,6,11,2,23,0,52660
0,6,12,2,23,0,52663
0,6,13,2,23,0,52666
0,6,14,2,23,0,52669
0,6,15,2,23,0,52672
0,6,16,2,23,0,52675
0,6,17,2,23,0,52678
0,6,18,2,23,0,52681
0,6,19,2,23,0,52684
0,6,20,2,23,0,52687
0,6,21,2,23,0,52690
0,6,22,2,23,0,52693
0,6,0,3,23,0,52696
0,6,1,3,23,0,52699
0,6,2,3,23,0,52702
0,6,3,3,23,0,52705
0,6,4,3,23,0,52708
0,6,5,3,23,0,52711
0,6,6,3,23,0,52714
0,6,7,3,23,0,52717
0,6,8,3,23,0,52720
0,6,9,3,23,0,52723
0,6,10,3,23,0,52726
0,6,11,3,23,0,52729
0,6,12,3,23,0,52732
0,6,13,3,23,0,52735
0,6,14,3,23,0,52738
0,6,15,3,23,0,52741
0,6,16,3,23,0,52744
0,6,17,3,23,0,52747
0,6,18,3,23,0,52750
0,6,19,3,23,0,52753
0,6,20,3,23,0,52756
0,6,21,3,23,0,52759
0,6,22,3,23,0,52762
0,6,0,4,23,0,52765
0,6,1,4,23,0,52768
0,6,2,4,23,0,52771
0,6,3,4,23,0,52774
0,6,4,4,23,0,52777
0,6,5,4,23,0,52780
0,6,6,4,23,0,52783
0,6,7,4,23,0,52786
0,6,8,4,23,0,52789
0,6,9,4,23,0,52792
0,6,10,4,23,0,52795
0,6,11,4,23,0,52798
0,6,12,4,23,0,52801
0,6,13,4,23,0,52804
0,6,14,4,23,0,52807
0,6,15,4,23,0,52810
0,6,16,4,23,0,52813
0,6,17,4,23,0,52816
0,6,18,4,23,0,52819
0,6,19,4,23,0,52822
0,6,20,4,23,0,52825
0,6,21,4,23,0,52828
0,6,22,4,23,0,52831
0,6,0,5,23,0,52834
0,6,1,5,23,0,52837
0,6,2,5,23,0,52840
0,6,3,5,23,0,52843
0,6,4,5,23,0,52846
0,6,5,5,23,0,52849
0,6,6,5,23,0,52852
0,6,7,5,23,0,52855
0,6,8,5,23,0,52858
0,6,9,5,23,0,52861
0,6,10,5,23,0,52864
0,6,11,5,23,0,52867
0,6,12,5,23,0,52870
0,6,13,5,23,0,52873
0,6,14,5,23,0,52876
0,6,15,5,23,0,52879
0,6,16,5,23,0,52882
0,6,17,5,23,0,52885
0,6,18,5,23,0,52888
0,6,19,5,23,0,52891
0,6,20,5,23,0,52894
0,6,21,5,23,0,52897
0,6,22,5,23,0,52900
0,6,1,6,23,0,52903
0,6,2,6,23,0,52906
0,6,3,6,23,0,52909
0,6,4,6,23,0,52912
0,6,5,6,23,0,52915
0,6,6,6,23,0,52918
0,6,7,6,23,0,52921
0,6,8,6,23,0,52924
0,6,9,6,23,0,52927
0,6,10,6,23,0,52930
0,6,11,6,23,0,52933
0,6,12,6,23,0,52936
0,6,13,6,23,0,52939
0,6,14,6,23,0,52942
0,6,15,6,23,0,52945
0,6,16,6,23,0,52948
0,6,17,6,23,0,52951
0,6,18,6,23,0,52954
0,6,19,6,23,0,52957
0,6,20,6,23,0,52960
0,6,21,6,23,0,52963
0,6,22,6,23,0,52966
0,6,23,6,23,0,52969
0,6,1,7,23,0,52972
0,6,2,7,23,0,52975
0,6,3,7,23,0,52978
0,6,4,7,23,0,52981
0,6,5,7,23,0,52984
0,6,6,7,23,0,52987
0,6,7,7,23,0,52990
0,6,8,7,23,0,52993
0,6,9,7,23,0,52996
0,6,10,7,23,0,52999
0,6,11,7,23,0,53002
0,6,12,7,23,0,53005
0,6,13,7,23,0,53008
0,6,14,7,23,0,53011
0,6,15,7,23,0,53014
0,6,16,7,23,0,53017
0,6,17,7,23,0,53020
0,6,18,7,23,0,53023
0,6,19,7,23,0,53026
0,6,20,7,23,0,53029
0,6,21,7,23,0,53032
0,6,22,7,23,0,53035
0,6,23,7,23,0,53038
0,6,1,8,23,0,53041
0,6,2,8,23,0,53044
0,6,3,8,23,0,53047
0,6,4,8,23,0,53050
0,6,5,8,23,0,53053
0,6,6,8,23,0,53056
0,6,7,8,23,0,53059
0,6,8,8,23,0,53062
0,6,9,8,23,0,53065
0,6,10,8,23,0,53068
0,6,11,8,23,0,53071
0,6,12,8,23,0,53074
0,6,13,8,23,0,53077
0,6,14,8,23,0,53080
0,6,15,8,23,0,53083
0,6,16,8,23,0,53086
0,6,17,8,23,0,53089
0,6,18,8,23,0,53092
0,6,19,8,23,0,53095
0,6,20,8,23,0,53098
0,6,21,8,23,0,53101
0,6,22,8,23,0,53104
0,6,23,8,23,0,53107
0,6,1,9,23,0,53110
0,6,2,9,23,0,53113
0,6,3,9,23,0,53116
0,6,4,9,23,0,53119
0,6,5,9,23,0,53122
0,6,6,9,23,0,53125
0,6,7,9,23,0,53128
0,6,8,9,23,0,53131
0,6,9,9,23,0,53134
0,6,10,9,23,0,53137
0,6,11,9,23,0,53140
0,6,12,9,23,0,53143
0,6,13,9,23,0,53146
0,6,14,9,23,0,53149
0,6,15,9,23,0,53152
0,6,16,9,23,0,53155
0,6,17,9,23,0,53158
0,6,18,9,23,0,53161
0,6,19,9,23,0,53164
0,6,20,9,23,0,53167
0,6,21,9,23,0,53170
0,6,22,9,23,0,53173
0,6,23,9,23,0,53176
0,6,1,10,23,0,53179
0,6,2,10,23,0,53182
0,6,3,10,23,0,53185
0,6,4,10,23,0,53188
0,6,5,10,23,0,53191
0,6,6,10,23,0,53194
0,6,7,10,23,0,53197
0,6,8,10,23,0,53200
0,6,9,10,23,0,53203
0,6,10,10,23,0,53206
0,6,11,10,23,0,53209
0,6,12,10,23,0,53212
0,6,13,10,23,0,53215
0,6,14,10,23,0,53218
0,6,15,10,23,0,53221
0,6,16,10,23,0,53224
0,6,17,10,23,0,53227
0,6,18,10,23,0,53230
0,6,19,10,23,0,53233
0,6,20,10,23,0,53236
0,6,21,10,23,0,53239
0,6,22,10,23,0,53242
0,6,23,10,23,0,53245
0,6,1,11,23,0,53248
0,6,2,11,23,0,53251
0,6,3,11,23,0,53254
0,6,4,11,23,0,53257
0,6,5,11,23,0,53260
0,6,6,11,23,0,53263
0,6,7,11,23,0,53266
0,6,8,11,23,0,53269
0,6,9,11,23,0,53272
0,6,10,11,23,0,53275
0,6,11,11,23,0,53278
0,6,12,11,23,0,53281
0,6,13,11,23,0,53284
0,6,14,11,23,0,53287
0,6,15,11,23,0,53290
0,6,16,11,23,0,53293
0,6,17,11,23,0,53296
0,6,18,11,23,0,53299
0,6,19,11,23,0,53302
0,6,20,11,23,0,53305
0,6,21,11,23,0,53308
0,6,22,11,23,0,53311
0,6,23,11,23,0,53314
0,6,0,12,23,0,53317
0,6,1,12,23,0,53320
0,6,2,12,23,0,53323
0,6,3,12,23,0,53326
0,6,4,12,23,0,53329
0,6,5,12,23,0,53332
0,6,6,12,23,0,53335
0,6,7,12,23,0,53338
0,6,8,12,23,0,53341
0,6,9,12,23,0,53344
0,6,10,12,23,0,53347
0,6,11,12,23,0,53350
0,6,12,12,23,0,53353
0,6,13,12,23,0,53356
0,6,14,12,23,0,53359
0,6,15,12,23,0,53362
0,6,16,12,23,0,53365
0,6,17,12,23,0,53368
0,6,18,12,23,0,53371
0,6,19,12,23,0,53374
0,6,20,12,23,0,53377
0,6,21,12,23,0,53380
0,6,22,12,23,0,53383
0,6,23,12,23,0,53386
0,6,0,13,23,0,53389
0,6,1,13,23,0,53392
0,6,2,13,23,0,53395
0,6,3,13,23,0,53398
0,6,4,13,23,0,53401
0,6,5,13,23,0,53404
0,6,6,13,23,0,53407
0,6,7,13,23,0,53410
0,6,8,13,23,0,53413
0,6,9,13,23,0,53416
0,6,10,13,23,0,53419
0,6,11,13,23,0,53422
0,6,12,13,23,0,53425
0,6,13,13,23,0,53428
0,6,14,13,23,0,53431
0,6,15,13,23,0,53434
0,6,16,13,23,0,53437
0,6,17,13,23,0,53440
0,6,18,13,23,0,53443
0,6,19,13,23,0,53446
0,6,20,13,23,0,53449
0,6,21,13,23,0,53452
0,6,22,13,23,0,53455
0,6,23,13,23,0,53458
0,6,0,0,23,1,53461
0,6,1,0,23,1,53464
0,6,2,0,23,1,53467
0,6,3,0,23,1,53470
0,6,4,0,23,1,53473
0,6,5,0,23,1,53476
0,6,6,0,23,1,53479
0,6,7,0,23,1,53482
0,6,8,0,23,1,53485
0,6,9,0,23,1,53488
0,6,10,0,23,1,53491
0,6,11,0,23,1,53494
0,6,12,0,23,1,53497
0,6,13,0,23,1,53500
0,6,14,0,23,1,53503
0,6,15,0,23,1,53506
0,6,16,0,23,1,53509
0,6,17,0,23,1,53512
0,6,18,0,23,1,53515
0,6,19,0,23,1,53518
0,6,20,0,23,1,53521
0,6,21,0,23,1,53524
0,6,22,0,23,1,53527
0,6,23,0,23,1,53530
0,6,0,1,23,1,53533
0,6,1,1,23,1,53536
0,6,2,1,23,1,53539
0,6,3,1,23,1,53542
0,6,4,1,23,1,53545
0,6,5,1,23,1,53548
0,6,6,1,23,1,53551
0,6,7,1,23,1,53554
0,6,8,1,23,1,53557
0,6,9,1,23,1,53560
0,6,10,1,23,1,53563
0,6,11,1,23,1,53566
0,6,12,1,23,1,53569
0,6,13,1,23,1,53572
0,6,14,1,23,1,53575
0,6,15,1,23,1,53578
0,6,16,1,23,1,53581
0,6,17,1,23,1,53584
0,6,18,1,23,1,53587
0,6,19,1,23,1,53590
0,6,20,1,23,1,53593
0,6,21,1,23,1,53596
0,6,22,1,23,1,53599
0,6,0,2,23,1,53602
0,6,1,2,23,1,53605
0,6,2,2,23,1,53608
0,6,3,2,23,1,53611
0,6,4,2,23,1,53614
0,6,5,2,23,1,53617
0,6,6,2,23,1,53620
0,6,7,2,23,1,53623
0,6,8,2,23,1,53626
0,6,9,2,23,1,53629
0,6,10,2,23,1,53632
0,6,11,2,23,1,53635
0,6,12,2,23,1,53638
0,6,13,2,23,1,53641
0,6,14,2,23,1,53644
0,6,15,2,23,1,53647
0,6,16,2,23,1,53650
0,6,17,2,23,1,53653
0,6,18,2,23,1,53656
0,6,19,2,23,1,53659
0,6,20,2,23,1,53662
0,6,21,2,23,1,53665
0,6,22,2,23,1,53668
0,6,0,3,23,1,53671
0,6,1,3,23,1,53674
0,6,2,3,23,1,53677
0,6,3,3,23,1,53680
0,6,4,3,23,1,53683
0,6,5,3,23,1,53686
0,6,6,3,23,1,53689
0,6,7,3,23,1,53692
0,6,8,3,23,1,53695
0,6,9,3,23,1,53698
0,6,10,3,23,1,53701
0,6,11,3,23,1,53704
0,6,12,3,23,1,53707
0,6,13,3,23,1,53710
0,6,14,3,23,1,53713
0,6,15,3,23,1,53716
0,6,16,3,23,1,53719
0,6,17,3,23,1,53722
0,6,18,3,23,1,53725
0,6,19,3,23,1,53728
0,6,20,3,23,1,53731
0,6,21,3,23,1,53734
0,6,22,3,23,1,53737
0,6,0,4,23,1,53740
0,6,1,4,23,1,53743
0,6,2,4,23,1,53746
0,6,3,4,23,1,53749
0,6,4,4,23,1,53752
0,6,5,4,23,1,53755
0,6,6,4,23,1,53758
0,6,7,4,23,1,53761
0,6,8,4,23,1,53764
0,6,9,4,23,1,53767
0,6,10,4,23,1,53770
0,6,11,4,23,1,53773
0,6,12,4,23,1,53776
0,6,13,4,23,1,53779
0,6,14,4,23,1,53782
0,6,15,4,23,1,53785
0,6,16,4,23,1,53788
0,6,17,4,23,1,53791
0,6,18,4,23,1,53794
0,6,19,4,23,1,53797
0,6,20,4,23,1,53800
0,6,21,4,23,1,53803
0,6,22,4,23,1,53806
0,6,0,5,23,1,53809
0,6,1,5,23,1,53812
0,6,2,5,23,1,53815
0,6,3,5,23,1,53818
0,6,4,5,23,1,53821
0,6,5,5,23,1,53824
0,6,6,5,23,1,53827
0,6,7,5,23,1,53830
0,6,8,5,23,1,53833
0,6,9,5,23,1,53836
0,6,10,5,23,1,53839
0,6,11,5,23,1,53842
0,6,12,5,23,1,53845
0,6,13,5,23,1,53848
0,6,14,5,23,1,53851
0,6,15,5,23,1,53854
0,6,16,5,23,1,53857
0,6,17,5,23,1,53860
0,6,18,5,23,1,53863
0,6,19,5,23,1,53866
0,6,20,5,23,1,53869
0,6,21,5,23,1,53872
0,6,22,5,23,1,53875
0,6,1,6,23,1,53878
0,6,2,6,23,1,53881
0,6,3,6,23,1,53884
0,6,4,6,23,1,53887
0,6,5,6,23,1,53890
0,6,6,6,23,1,53893
0,6,7,6,23,1,53896
0,6,8,6,23,1,53899
0,6,9,6,23,1,53902
0,6,10,6,23,1,53905
0,6,11,6,23,1,53908
0,6,12,6,23,1,53911
0,6,13,6,23,1,53914
0,6,14,6,23,1,53917
0,6,15,6,23,1,53920
0,6,16,6,23,1,53923
0,6,17,6,23,1,53926
0,6,18,6,23,1,53929
0,6,19,6,23,1,53932
0,6,20,6,23,1,53935
0,6,21,6,23,1,53938
0,6,22,6,23,1,53941
0,6,1,7,23,1,53944
0,6,2,7,23,1,53947
0,6,3,7,23,1,53950
0,6,4,7,23,1,53953
0,6,5,7,23,1,53956
0,6,6,7,23,1,53959
0,6,7,7,23,1,53962
0,6,8,7,23,1,53965
0,6,9,7,23,1,53968
0,6,10,7,23,1,53971
0,6,11,7,23,1,53974
0,6,12,7,23,1,53977
0,6,13,7,23,1,53980
0,6,14,7,23,1,53983
0,6,15,7,23,1,53986
0,6,16,7,23,1,53989
0,6,17,7,23,1,53992
0,6,18,7,23,1,53995
0,6,19,7,23,1,53998
0,6,20,7,23,1,54001
0,6,21,7,23,1,54004
0,6,22,7,23,1,54007
0,6,23,7,23,1,54010
0,6,1,8,23,1,54013
0,6,2,8,23,1,54016
0,6,3,8,23,1,54019
0,6,4,8,23,1,54022
0,6,5,8,23,1,54025
0,6,6,8,23,1,54028
0,6,7,8,23,1,54031
0,6,8,8,23,1,54034
0,6,9,8,23,1,54037
0,6,10,8,23,1,54040
0,6,11,8,23,1,54043
0,6,12,8,23,1,54046
0,6,13,8,23,1,54049
0,6,14,8,23,1,54052
0,6,15,8,23,1,54055
0,6,16,8,23,1,54058
0,6,17,8,23,1,54061
0,6,18,8,23,1,54064
0,6,19,8,23,1,54067
0,6,20,8,23,1,54070
0,6,21,8,23,1,54073
0,6,22,8,23,1,54076
0,6,23,8,23,1,54079
0,6,1,9,23,1,54082
0,6,2,9,23,1,54085
0,6,3,9,23,1,54088
0,6,4,9,23,1,54091
0,6,5,9,23,1,54094
0,6,6,9,23,1,54097
0,6,7,9,23,1,54100
0,6,8,9,23,1,54103
0,6,9,9,23,1,54106
0,6,10,9,23,1,54109
0,6,11,9,23,1,54112
0,6,12,9,23,1,54115
0,6,13,9,23,1,54118
0,6,14,9,23,1,54121
0,6,15,9,23,1,54124
0,6,16,9,23,1,54127
0,6,17,9,23,1,54130
0,6,18,9,23,1,54133
0,6,19,9,23,1,54136
0,6,20,9,23,1,54139
0,6,21,9,23,1,54142
0,6,22,9,23,1,54145
0,6,23,9,23,1,54148
0,6,1,10,23,1,54151
0,6,2,10,23,1,54154
0,6,3,10,23,1,54157
0,6,4,10,23,1,54160
0,6,5,10,23,1,54163
0,6,6,10,23,1,54166
0,6,7,10,23,1,54169
0,6,8,10,23,1,54172
0,6,9,10,23,1,54175
0,6,10,10,23,1,54178
0,6,11,10,23,1,54181
0,6,12,10,23,1,54184
0,6,13,10,23,1,54187
0,6,14,10,23,1,54190
0,6,15,10,23,1,54193
0,6,16,10,23,1,54196
0,6,17,10,23,1,54199
0,6,18,10,23,1,54202
0,6,19,10,23,1,54205
0,6,20,10,23,1,54208
0,6,21,10,23,1,54211
0,6,22,10,23,1,54214
0,6,23,10,23,1,54217
0,6,1,11,23,1,54220
0,6,2,11,23,1,54223
0,6,3,11,23,1,54226
0,6,4,11,23,1,54229
0,6,5,11,23,1,54232
0,6,6,11,23,1,54235
0,6,7,11,23,1,54238
0,6,8,11,23,1,54241
0,6,9,11,23,1,54244
0,6,10,11,23,1,54247
0,6,11,11,23,1,54250
0,6,12,11,23,1,54253
0,6,13,11,23,1,54256
0,6,14,11,23,1,54259
0,6,15,11,23,1,54262
0,6,16,11,23,1,54265
0,6,17,11,23,1,54268
0,6,18,11,23,1,54271
0,6,19,11,23,1,54274
0,6,20,11,23,1,54277
0,6,21,11,23,1,54280
0,6,22,11,23,1,54283
0,6,23,11,23,1,54286
0,6,0,12,23,1,54289
0,6,1,12,23,1,54292
0,6,2,12,23,1,54295
0,6,3,12,23,1,54298
0,6,4,12,23,1,54301
0,6,5,12,23,1,54304
0,6,6,12,23,1,54307
0,6,7,12,23,1,54310
0,6,8,12,23,1,54313
0,6,9,12,23,1,54316
0,6,10,12,23,1,54319
0,6,11,12,23,1,54322
0,6,12,12,23,1,54325
0,6,13,12,23,1,54328
0,6,14,12,23,1,54331
0,6,15,12,23,1,54334
0,6,16,12,23,1,54337
0,6,17,12,23,1,54340
0,6,18,12,23,1,54343
0,6,19,12,23,1,54346
0,6,20,12,23,1,54349
0,6,21,12,23,1,54352
0,6,22,12,23,1,54355
0,6,23,12,23,1,54358
0,6,0,13,23,1,54361
0,6,1,13,23,1,54364
0,6,2,13,23,1,54367
0,6,3,13,23,1,54370
0,6,4,13,23,1,54373
0,6,5,13,23,1,54376
0,6,6,13,23,1,54379
0,6,7,13,23,1,54382
0,6,8,13,23,1,54385
0,6,9,13,23,1,54388
0,6,10,13,23,1,54391
0,6,11,13,23,1,54394
0,6,12,13,23,1,54397
0,6,13,13,23,1,54400
0,6,14,13,23,1,54403
0,6,15,13,23,1,54406
0,6,16,13,23,1,54409
0,6,17,13,23,1,54412
0,6,18,13,23,1,54415
0,6,19,13,23,1,54418
0,6,20,13,23,1,54421
0,6,21,13,23,1,54424
0,6,22,13,23,1,54427
0,6,23,13,23,1,54430
0,6,0,0,23,2,54433
0,6,1,0,23,2,54436
0,6,2,0,23,2,54439
0,6,3,0,23,2,54442
0,6,4,0,23,2,54445
0,6,5,0,23,2,54448
0,6,6,0,23,2,54451
0,6,7,0,23,2,54454
0,6,8,0,23,2,54457
0,6,9,0,23,2,54460
0,6,10,0,23,2,54463
0,6,11,0,23,2,54466
0,6,12,0,23,2,54469
0,6,13,0,23,2,54472
0,6,14,0,23,2,54475
0,6,15,0,23,2,54478
0,6,16,0,23,2,54481
0,6,17,0,23,2,54484
0,6,18,0,23,2,54487
0,6,19,0,23,2,54490
0,6,20,0,23,2,54493
0,6,21,0,23,2,54496
0,6,22,0,23,2,54499
0,6,23,0,23,2,54502
0,6,0,1,23,2,54505
0,6,1,1,23,2,54508
0,6,2,1,23,2,54511
0,6,3,1,23,2,54514
0,6,4,1,23,2,54517
0,6,5,1,23,2,54520
0,6,6,1,23,2,54523
0,6,7,1,23,2,54526
0,6,8,1,23,2,54529
0,6,9,1,23,2,54532
0,6,10,1,23,2,54535
0,6,11,1,23,2,54538
0,6,12,1,23,2,54541
0,6,13,1,23,2,54544
0,6,14,1,23,2,54547
0,6,15,1,23,2,54550
0,6,16,1,23,2,54553
0,6,17,1,23,2,54556
0,6,18,1,23,2,54559
0,6,19,1,23,2,54562
0,6,20,1,23,2,54565
0,6,21,1,23,2,54568
0,6,22,1,23,2,54571
0,6,23,1,23,2,54574
0,6,0,2,23,2,54577
0,6,1,2,23,2,54580
0,6,2,2,23,2,54583
0,6,3,2,23,2,54586
0,6,4,2,23,2,54589
0,6,5,2,23,2,54592
0,6,6,2,23,2,54595
0,6,7,2,23,2,54598
0,6,8,2,23,2,54601
0,6,9,2,23,2,54604
0,6,10,2,23,2,54607
0,6,11,2,23,2,54610
0,6,12,2,23,2,54613
0,6,13,2,23,2,54616
0,6,14,2,23,2,54619
0,6,15,2,23,2,54622
0,6,16,2,23,2,54625
0,6,17,2,23,2,54628
0,6,18,2,23,2,54631
0,6,19,2,23,2,54634
0,6,20,2,23,2,54637
0,6,21,2,23,2,54640
0,6,22,2,23,2,54643
0,6,0,3,23,2,54646
0,6,1,3,23,2,54649
0,6,2,3,23,2,54652
0,6,3,3,23,2,54655
0,6,4,3,23,2,54658
0,6,5,3,23,2,54661
0,6,6,3,23,2,54664
0,6,7,3,23,2,54667
0,6,8,3,23,2,54670
0,6,9,3,23,2,54673
0,6,10,3,23,2,54676
0,6,11,3,23,2,54679
0,6,12,3,23,2,54682
0,6,13,3,23,2,54685
0,6,14,3,23,2,54688
0,6,15,3,23,2,54691
0,6,16,3,23,2,54694
0,6,17,3,23,2,54697
0,6,18,3,23,2,54700
0,6,19,3,23,2,54703
0,6,20,3,23,2,54706
0,6,21,3,23,2,54709
0,6,22,3,23,2,54712
0,6,0,4,23,2,54715
0,6,1,4,23,2,54718
0,6,2,4,23,2,54721
0,6,3,4,23,2,54724
0,6,4,4,23,2,54727
0,6,5,4,23,2,54730
0,6,6,4,23,2,54733
0,6,7,4,23,2,54736
0,6,8,4,23,2,54739
0,6,9,4,23,2,54742
0,6,10,4,23,2,54745
0,6,11,4,23,2,54748
0,6,12,4,23,2,54751
0,6,13,4,23,2,54754
0,6,14,4,23,2,54757
0,6,15,4,23,2,54760
0,6,16,4,23,2,54763
0,6,17,4,23,2,54766
0,6,18,4,23,2,54769
0,6,19,4,23,2,54772
0,6,20,4,23,2,54775
0,6,21,4,23,2,54778
0,6,22,4,23,2,54781
0,6,0,5,23,2,54784
0,6,1,5,23,2,54787
0,6,2,5,23,2,54790
0,6,3,5,23,2,54793
0,6,4,5,23,2,54796
0,6,5,5,23,2,54799
0,6,6,5,23,2,54802
0,6,7,5,23,2,54805
0,6,8,5,23,2,54808
0,6,9,5,23,2,54811
0,6,10,5,23,2,54814
0,6,11,5,23,2,54817
0,6,12,5,23,2,54820
0,6,13,5,23,2,54823
0,6,14,5,23,2,54826
0,6,15,5,23,2,54829
0,6,16,5,23,2,54832
0,6,17,5,23,2,54835
0,6,18,5,23,2,54838
0,6,19,5,23,2,54841
0,6,20,5,23,2,54844
0,6,21,5,23,2,54847
0,6,22,5,23,2,54850
0,6,1,6,23,2,54853
0,6,2,6,23,2,54856
0,6,3,6,23,2,54859
0,6,4,6,23,2,54862
0,6,5,6,23,2,54865
0,6,6,6,23,2,54868
0,6,7,6,23,2,54871
0,6,8,6,23,2,54874
0,6,9,6,23,2,54877
0,6,10,6,23,2,54880
0,6,11,6,23,2,54883
0,6,12,6,23,2,54886
0,6,13,6,23,2,54889
0,6,14,6,23,2,54892
0,6,15,6,23,2,54895
0,6,16,6,23,2,54898
0,6,17,6,23,2,54901
0,6,18,6,23,2,54904
0,6,19,6,23,2,54907
0,6,20,6,23,2,54910
0,6,21,6,23,2,54913
0,6,22,6,23,2,54916
0,6,1,7,23,2,54919
0,6,2,7,23,2,54922
0,6,3,7,23,2,54925
0,6,4,7,23,2,54928
0,6,5,7,23,2,54931
0,6,6,7,23,2,54934
0,6,7,7,23,2,54937
0,6,8,7,23,2,54940
0,6,9,7,23,2,54943
0,6,10,7,23,2,54946
0,6,11,7,23,2,54949
0,6,12,7,23,2,54952
0,6,13,7,23,2,54955
0,6,14,7,23,2,54958
0,6,15,7,23,2,54961
0,6,16,7,23,2,54964
0,6,17,7,23,2,54967
0,6,18,7,23,2,54970
0,6,19,7,23,2,54973
0,6,20,7,23,2,54976
0,6,21,7,23,2,54979
0,6,22,7,23,2,54982
0,6,1,8,23,2,54985
0,6,2,8,23,2,54988
0,6,3,8,23,2,54991
0,6,4,8,23,2,54994
0,6,5,8,23,2,54997
0,6,6,8,23,2,55000
0,6,7,8,23,2,55003
0,6,8,8,23,2,55006
0,6,9,8,23,2,55009
0,6,10,8,23,2,55012
0,6,11,8,23,2,55015
0,6,12,8,23,2,55018
0,6,13,8,23,2,55021
0,6,14,8,23,2,55024
0,6,15,8,23,2,55027
0,6,16,8,23,2,55030
0,6,17,8,23,2,55033
0,6,18,8,23,2,55036
0,6,19,8,23,2,55039
0,6,20,8,23,2,55042
0,6,21,8,23,2,55045
0,6,22,8,23,2,55048
0,6,23,8,23,2,55051
0,6,1,9,23,2,55054
0,6,2,9,23,2,55057
0,6,3,9,23,2,55060
0,6,4,9,23,2,55063
0,6,5,9,23,2,55066
0,6,6,9,23,2,55069
0,6,7,9,23,2,55072
0,6,8,9,23,2,55075
0,6,9,9,23,2,55078
0,6,10,9,23,2,55081
0,6,11,9,23,2,55084
0,6,12,9,23,2,55087
0,6,13,9,23,2,55090
0,6,14,9,23,2,55093
0,6,15,9,23,2,55096
0,6,16,9,23,2,55099
0,6,17,9,23,2,55102
0,6,18,9,23,2,55105
0,6,19,9,23,2,55108
0,6,20,9,23,2,55111
0,6,21,9,23,2,55114
0,6,22,9,23,2,55117
0,6,23,9,23,2,55120
0,6,1,10,23,2,55123
0,6,2,10,23,2,55126
0,6,3,10,23,2,55129
0,6,4,10,23,2,55132
0,6,5,10,23,2,55135
0,6,6,10,23,2,55138
0,6,7,10,23,2,55141
0,6,8,10,23,2,55144
0,6,9,10,23,2,55147
0,6,10,10,23,2,55150
0,6,11,10,23,2,55153
0,6,12,10,23,2,55156
0,6,13,10,23,2,55159
0,6,14,10,23,2,55162
0,6,15,10,23,2,55165
0,6,16,10,23,2,55168
0,6,17,10,23,2,55171
0,6,18,10,23,2,55174
0,6,19,10,23,2,55177
0,6,20,10,23,2,55180
0,6,21,10,23,2,55183
0,6,22,10,23,2,55186
0,6,23,10,23,2,55189
0,6,1,11,23,2,55192
0,6,2,11,23,2,55195
0,6,3,11,23,2,55198
0,6,4,11,23,2,55201
0,6,5,11,23,2,55204
0,6,6,11,23,2,55207
0,6,7,11,23,2,55210
0,6,8,11,23,2,55213
0,6,9,11,23,2,55216
0,6,10,11,23,2,55219
0,6,11,11,23,2,55222
0,6,12,11,23,2,55225
0,6,13,11,23,2,55228
0,6,14,11,23,2,55231
0,6,15,11,23,2,55234
0,6,16,11,23,2,55237
0,6,17,11,23,2,55240
0,6,18,11,23,2,55243
0,6,19,11,23,2,55246
0,6,20,11,23,2,55249
0,6,21,11,23,2,55252
0,6,22,11,23,2,55255
0,6,23,11,23,2,55258
0,6,0,12,23,2,55261
0,6,1,12,23,2,55264
0,6,2,12,23,2,55267
0,6,3,12,23,2,55270
0,6,4,12,23,2,55273
0,6,5,12,23,2,55276
0,6,6,12,23,2,55279
0,6,7,12,23,2,55282
0,6,8,12,23,2,55285
0,6,9,12,23,2,55288
0,6,10,12,23,2,55291
0,6,11,12,23,2,55294
0,6,12,12,23,2,55297
0,6,13,12,23,2,55300
0,6,14,12,23,2,55303
0,6,15,12,23,2,55306
0,6,16,12,23,2,55309
0,6,17,12,23,2,55312
0,6,18,12,23,2,55315
0,6,19,12,23,2,55318
0,6,20,12,23,2,55321
0,6,21,12,23,2,55324
0,6,22,12,23,2,55327
0,6,23,12,23,2,55330
0,6,0,13,23,2,55333
0,6,1,13,23,2,55336
0,6,2,13,23,2,55339
0,6,3,13,23,2,55342
0,6,4,13,23,2,55345
0,6,5,13,23,2,55348
0,6,6,13,23,2,55351
0,6,7,13,23,2,55354
0,6,8,13,23,2,55357
0,6,9,13,23,2,55360
0,6,10,13,23,2,55363
0,6,11,13,23,2,55366
0,6,12,13,23,2,55369
0,6,13,13,23,2,55372
0,6,14,13,23,2,55375
0,6,15,13,23,2,55378
0,6,16,13,23,2,55381
0,6,17,13,23,2,55384
0,6,18,13,23,2,55387
0,6,19,13,23,2,55390
0,6,20,13,23,2,55393
0,6,21,13,23,2,55396
0,6,22,13,23,2,55399
0,6,23,13,23,2,55402
0,6,0,0,23,3,55405
0,6,1,0,23,3,55408
0,6,2,0,23,3,55411
0,6,3,0,23,3,55414
0,6,4,0,23,3,55417
0,6,5,0,23,3,55420
0,6,6,0,23,3,55423
0,6,7,0,23,3,55426
0,6,8,0,23,3,55429
0,6,9,0,23,3,55432
0,6,10,0,23,3,55435
0,6,11,0,23,3,55438
0,6,12,0,23,3,55441
0,6,13,0,23,3,55444
0,6,14,0,23,3,55447
0,6,15,0,23,3,55450
0,6,16,0,23,3,55453
0,6,17,0,23,3,55456
0,6,18,0,23,3,55459
0,6,19,0,23,3,55462
0,6,20,0,23,3,55465
0,6,21,0,23,3,55468
0,6,22,0,23,3,55471
0,6,23,0,23,3,55474
0,6,0,1,23,3,55477
0,6,1,1,23,3,55480
0,6,2,1,23,3,55483
0,6,3,1,23,3,55486
0,6,4,1,23,3,55489
0,6,5,1,23,3,55492
0,6,6,1,23,3,55495
0,6,7,1,23,3,55498
0,6,8,1,23,3,55501
0,6,9,1,23,3,55504
0,6,10,1,23,3,55507
0,6,11,1,23,3,55510
0,6,12,1,23,3,55513
0,6,13,1,23,3,55516
0,6,14,1,23,3,55519
0,6,15,1,23,3,55522
0,6,16,1,23,3,55525
0,6,17,1,23,3,55528
0,6,18,1,23,3,55531
0,6,19,1,23,3,55534
0,6,20,1,23,3,55537
0,6,21,1,23,3,55540
0,6,22,1,23,3,55543
0,6,23,1,23,3,55546
0,6,0,2,23,3,55549
0,6,1,2,23,3,55552
0,6,2,2,23,3,55555
0,6,3,2,23,3,55558
0,6,4,2,23,3,55561
0,6,5,2,23,3,55564
0,6,6,2,23,3,55567
0,6,7,2,23,3,55570
0,6,8,2,23,3,55573
0,6,9,2,23,3,55576
0,6,10,2,23,3,55579
0,6,11,2,23,3,55582
0,6,12,2,23,3,55585
0,6,13,2,23,3,55588
0,6,14,2,23,3,55591
0,6,15,2,23,3,55594
0,6,16,2,23,3,55597
0,6,17,2,23,3,55600
0,6,18,2,23,3,55603
0,6,19,2,23,3,55606
0,6,20,2,23,3,55609
0,6,21,2,23,3,55612
0,6,22,2,23,3,55615
0,6,23,2,23,3,55618
0,6,0,3,23,3,55621
0,6,1,3,23,3,55624
0,6,2,3,23,3,55627
0,6,3,3,23,3,55630
0,6,4,3,23,3,55633
0,6,5,3,23,3,55636
0,6,6,3,23,3,55639
0,6,7,3,23,3,55642
0,6,8,3,23,3,55645
0,6,9,3,23,3,55648
0,6,10,3,23,3,55651
0,6,11,3,23,3,55654
0,6,12,3,23,3,55657
0,6,13,3,23,3,55660
0,6,14,3,23,3,55663
0,6,15,3,23,3,55666
0,6,16,3,23,3,55669
0,6,17,3,23,3,55672
0,6,18,3,23,3,55675
0,6,19,3,23,3,55678
0,6,20,3,23,3,55681
0,6,21,3,23,3,55684
0,6,22,3,23,3,55687
0,6,0,4,23,3,55690
0,6,1,4,23,3,55693
0,6,2,4,23,3,55696
0,6,3,4,23,3,55699
0,6,4,4,23,3,55702
0,6,5,4,23,3,55705
0,6,6,4,23,3,55708
0,6,7,4,23,3,55711
0,6,8,4,23,3,55714
0,6,9,4,23,3,55717
0,6,10,4,23,3,55720
0,6,11,4,23,3,55723
0,6,12,4,23,3,55726
0,6,13,4,23,3,55729
0,6,14,4,23,3,55732
0,6,15,4,23,3,55735
0,6,16,4,23,3,55738
0,6,17,4,23,3,55741
0,6,18,4,23,3,55744
0,6,19,4,23,3,55747
0,6,20,4,23,3,55750
0,6,21,4,23,3,55753
0,6,22,4,23,3,55756
0,6,0,5,23,3,55759
0,6,1,5,23,3,55762
0,6,2,5,23,3,55765
0,6,3,5,23,3,55768
0,6,4,5,23,3,55771
0,6,5,5,23,3,55774
0,6,6,5,23,3,55777
0,6,7,5,23,3,55780
0,6,8,5,23,3,55783
0,6,9,5,23,3,55786
0,6,10,5,23,3,55789
0,6,11,5,23,3,55792
0,6,12,5,23,3,55795
0,6,13,5,23,3,55798
0,6,14,5,23,3,55801
0,6,15,5,23,3,55804
0,6,16,5,23,3,55807
0,6,17,5,23,3,55810
0,6,18,5,23,3,55813
0,6,19,5,23,3,55816
0,6,20,5,23,3,55819
0,6,21,5,23,3,55822
0,6,22,5,23,3,55825
0,6,1,6,23,3,55828
0,6,2,6,23,3,55831
0,6,3,6,23,3,55834
0,6,4,6,23,3,55837
0,6,5,6,23,3,55840
0,6,6,6,23,3,55843
0,6,7,6,23,3,55846
0,6,8,6,23,3,55849
0,6,9,6,23,3,55852
0,6,10,6,23,3,55855
0,6,11,6,23,3,55858
0,6,12,6,23,3,55861
0,6,13,6,23,3,55864
0,6,14,6,23,3,55867
0,6,15,6,23,3,55870
0,6,16,6,23,3,55873
0,6,17,6,23,3,55876
0,6,18,6,23,3,55879
0,6,19,6,23,3,55882
0,6,20,6,23,3,55885
0,6,21,6,23,3,55888
0,6,22,6,23,3,55891
0,6,1,7,23,3,55894
0,6,2,7,23,3,55897
0,6,3,7,23,3,55900
0,6,4,7,23,3,55903
0,6,5,7,23,3,55906
0,6,6,7,23,3,55909
0,6,7,7,23,3,55912
0,6,8,7,23,3,55915
0,6,9,7,23,3,55918
0,6,10,7,23,3,55921
0,6,11,7,23,3,55924
0,6,12,7,23,3,55927
0,6,13,7,23,3,55930
0,6,14,7,23,3,55933
0,6,15,7,23,3,55936
0,6,16,7,23,3,55939
0,6,17,7,23,3,55942
0,6,18,7,23,3,55945
0,6,19,7,23,3,55948
0,6,20,7,23,3,55951
0,6,21,7,23,3,55954
0,6,22,7,23,3,55957
0,6,1,8,23,3,55960
0,6,2,8,23,3,55963
0,6,3,8,23,3,55966
0,6,4,8,23,3,55969
0,6,5,8,23,3,55972
0,6,6,8,23,3,55975
0,6,7,8,23,3,55978
0,6,8,8,23,3,55981
0,6,9,8,23,3,55984
0,6,10,8,23,3,55987
0,6,11,8,23,3,55990
0,6,12,8,23,3,55993
0,6,13,8,23,3,55996
0,6,14,8,23,3,55999
0,6,15,8,23,3,56002
0,6,16,8,23,3,56005
0,6,17,8,23,3,56008
0,6,18,8,23,3,56011
0,6,19,8,23,3,56014
0,6,20,8,23,3,56017
0,6,21,8,23,3,56020
0,6,22,8,23,3,56023
0,6,1,9,23,3,56026
0,6,2,9,23,3,56029
0,6,3,9,23,3,56032
0,6,4,9,23,3,56035
0,6,5,9,23,3,56038
0,6,6,9,23,3,56041
0,6,7,9,23,3,56044
0,6,8,9,23,3,56047
0,6,9,9,23,3,56050
0,6,10,9,23,3,56053
0,6,11,9,23,3,56056
0,6,12,9,23,3,56059
0,6,13,9,23,3,56062
0,6,14,9,23,3,56065
0,6,15,9,23,3,56068
0,6,16,9,23,3,56071
0,6,17,9,23,3,56074
0,6,18,9,23,3,56077
0,6,19,9,23,3,56080
0,6,20,9,23,3,56083
0,6,21,9,23,3,56086
0,6,22,9,23,3,56089
0,6,23,9,23,3,56092
0,6,1,10,23,3,56095
0,6,2,10,23,3,56098
0,6,3,10,23,3,56101
0,6,4,10,23,3,56104
0,6,5,10,23,3,56107
0,6,6,10,23,3,56110
0,6,7,10,23,3,56113
0,6,8,10,23,3,56116
0,6,9,10,23,3,56119
0,6,10,10,23,3,56122
0,6,11,10,23,3,56125
0,6,12,10,23,3,56128
0,6,13,10,23,3,56131
0,6,14,10,23,3,56134
0,6,15,10,23,3,56137
0,6,16,10,23,3,56140
0,6,17,10,23,3,56143
0,6,18,10,23,3,56146
0,6,19,10,23,3,56149
0,6,20,10,23,3,56152
0,6,21,10,23,3,56155
0,6,22,10,23,3,56158
0,6,23,10,23,3,56161
0,6,1,11,23,3,56164
0,6,2,11,23,3,56167
0,6,3,11,23,3,56170
0,6,4,11,23,3,56173
0,6,5,11,23,3,56176
0,6,6,11,23,3,56179
0,6,7,11,23,3,56182
0,6,8,11,23,3,56185
0,6,9,11,23,3,56188
0,6,10,11,23,3,56191
0,6,11,11,23,3,56194
0,6,12,11,23,3,56197
0,6,13,11,23,3,56200
0,6,14,11,23,3,56203
0,6,15,11,23,3,56206
0,6,16,11,23,3,56209
0,6,17,11,23,3,56212
0,6,18,11,23,3,56215
0,6,19,11,23,3,56218
0,6,20,11,23,3,56221
0,6,21,11,23,3,56224
0,6,22,11,23,3,56227
0,6,23,11,23,3,56230
0,6,0,12,23,3,56233
0,6,1,12,23,3,56236
0,6,2,12,23,3,56239
0,6,3,12,23,3,56242
0,6,4,12,23,3,56245
0,6,5,12,23,3,56248
0,6,6,12,23,3,56251
0,6,7,12,23,3,56254
0,6,8,12,23,3,56257
0,6,9,12,23,3,56260
0,6,10,12,23,3,56263
0,6,11,12,23,3,56266
0,6,12,12,23,3,56269
0,6,13,12,23,3,56272
0,6,14,12,23,3,56275
0,6,15,12,23,3,56278
0,6,16,12,23,3,56281
0,6,17,12,23,3,56284
0,6,18,12,23,3,56287
0,6,19,12,23,3,56290
0,6,20,12,23,3,56293
0,6,21,12,23,3,56296
0,6,22,12,23,3,56299
0,6,23,12,23,3,56302
0,6,0,13,23,3,56305
0,6,1,13,23,3,56308
0,6,2,13,23,3,56311
0,6,3,13,23,3,56314
0,6,4,13,23,3,56317
0,6,5,13,23,3,56320
0,6,6,13,23,3,56323
0,6,7,13,23,3,56326
0,6,8,13,23,3,56329
0,6,9,13,23,3,56332
0,6,10,13,23,3,56335
0,6,11,13,23,3,56338
0,6,12,13,23,3,56341
0,6,13,13,23,3,56344
0,6,14,13,23,3,56347
0,6,15,13,23,3,56350
0,6,16,13,23,3,56353
0,6,17,13,23,3,56356
0,6,18,13,23,3,56359
0,6,19,13,23,3,56362
0,6,20,13,23,3,56365
0,6,21,13,23,3,56368
0,6,22,13,23,3,56371
0,6,23,13,23,3,56374
0,6,0,0,23,4,56377
0,6,1,0,23,4,56380
0,6,2,0,23,4,56383
0,6,3,0,23,4,56386
0,6,4,0,23,4,56389
0,6,5,0,23,4,56392
0,6,6,0,23,4,56395
0,6,7,0,23,4,56398
0,6,8,0,23,4,56401
0,6,9,0,23,4,56404
0,6,10,0,23,4,56407
0,6,11,0,23,4,56410
0,6,12,0,23,4,56413
0,6,13,0,23,4,56416
0,6,14,0,23,4,56419
0,6,15,0,23,4,56422
0,6,16,0,23,4,56425
0,6,17,0,23,4,56428
0,6,18,0,23,4,56431
0,6,19,0,23,4,56434
0,6,20,0,23,4,56437
0,6,21,0,23,4,56440
0,6,22,0,23,4,56443
0,6,23,0,23,4,56446
0,6,0,1,23,4,56449
0,6,1,1,23,4,56452
0,6,2,1,23,4,56455
0,6,3,1,23,4,56458
0,6,4,1,23,4,56461
0,6,5,1,23,4,56464
0,6,6,1,23,4,56467
0,6,7,1,23,4,56470
0,6,8,1,23,4,56473
0,6,9,1,23,4,56476
0,6,10,1,23,4,56479
0,6,11,1,23,4,56482
0,6,12,1,23,4,56485
0,6,13,1,23,4,56488
0,6,14,1,23,4,56491
0,6,15,1,23,4,56494
0,6,16,1,23,4,56497
0,6,17,1,23,4,56500
0,6,18,1,23,4,56503
0,6,19,1,23,4,56506
0,6,20,1,23,4,56509
0,6,21,1,23,4,56512
0,6,22,1,23,4,56515
0,6,23,1,23,4,56518
0,6,0,2,23,4,56521
0,6,1,2,23,4,56524
0,6,2,2,23,4,56527
0,6,3,2,23,4,56530
0,6,4,2,23,4,56533
0,6,5,2,23,4,56536
0,6,6,2,23,4,56539
0,6,7,2,23,4,56542
0,6,8,2,23,4,56545
0,6,9,2,23,4,56548
0,6,10,2,23,4,56551
0,6,11,2,23,4,56554
0,6,12,2,23,4,56557
0,6,13,2,23,4,56560
0,6,14,2,23,4,56563
0,6,15,2,23,4,56566
0,6,16,2,23,4,56569
0,6,17,2,23,4,56572
0,6,18,2,23,4,56575
0,6,19,2,23,4,56578
0,6,20,2,23,4,56581
0,6,21,2,23,4,56584
0,6,22,2,23,4,56587
0,6,23,2,23,4,56590
0,6,0,3,23,4,56593
0,6,1,3,23,4,56596
0,6,2,3,23,4,56599
0,6,3,3,23,4,56602
0,6,4,3,23,4,56605
0,6,5,3,23,4,56608
0,6,6,3,23,4,56611
0,6,7,3,23,4,56614
0,6,8,3,23,4,56617
0,6,9,3,23,4,56620
0,6,10,3,23,4,56623
0,6,11,3,23,4,56626
0,6,12,3,23,4,56629
0,6,13,3,23,4,56632
0,6,14,3,23,4,56635
0,6,15,3,23,4,56638
0,6,16,3,23,4,56641
0,6,17,3,23,4,56644
0,6,18,3,23,4,56647
0,6,19,3,23,4,56650
0,6,20,3,23,4,56653
0,6,21,3,23,4,56656
0,6,22,3,23,4,56659
0,6,23,3,23,4,56662
0,6,0,4,23,4,56665
0,6,1,4,23,4,56668
0,6,2,4,23,4,56671
0,6,3,4,23,4,56674
0,6,4,4,23,4,56677
0,6,5,4,23,4,56680
0,6,6,4,23,4,56683
0,6,7,4,23,4,56686
0,6,8,4,23,4,56689
0,6,9,4,23,4,56692
0,6,10,4,23,4,56695
0,6,11,4,23,4,56698
0,6,12,4,23,4,56701
0,6,13,4,23,4,56704
0,6,14,4,23,4,56707
0,6,15,4,23,4,56710
0,6,16,4,23,4,56713
0,6,17,4,23,4,56716
0,6,18,4,23,4,56719
0,6,19,4,23,4,56722
0,6,20,4,23,4,56725
0,6,21,4,23,4,56728
0,6,22,4,23,4,56731
0,6,0,5,23,4,56734
0,6,1,5,23,4,56737
0,6,2,5,23,4,56740
0,6,3,5,23,4,56743
0,6,4,5,23,4,56746
0,6,5,5,23,4,56749
0,6,6,5,23,4,56752
0,6,7,5,23,4,56755
0,6,8,5,23,4,56758
0,6,9,5,23,4,56761
0,6,10,5,23,4,56764
0,6,11,5,23,4,56767
0,6,12,5,23,4,56770
0,6,13,5,23,4,56773
0,6,14,5,23,4,56776
0,6,15,5,23,4,56779
0,6,16,5,23,4,56782
0,6,17,5,23,4,56785
0,6,18,5,23,4,56788
0,6,19,5,23,4,56791
0,6,20,5,23,4,56794
0,6,21,5,23,4,56797
0,6,22,5,23,4,56800
0,6,1,6,23,4,56803
0,6,2,6,23,4,56806
0,6,3,6,23,4,56809
0,6,4,6,23,4,56812
0,6,5,6,23,4,56815
0,6,6,6,23,4,56818
0,6,7,6,23,4,56821
0,6,8,6,23,4,56824
0,6,9,6,23,4,56827
0,6,10,6,23,4,56830
0,6,11,6,23,4,56833
0,6,12,6,23,4,56836
0,6,13,6,23,4,56839
0,6,14,6,23,4,56842
0,6,15,6,23,4,56845
0,6,16,6,23,4,56848
0,6,17,6,23,4,56851
0,6,18,6,23,4,56854
0,6,19,6,23,4,56857
0,6,20,6,23,4,56860
0,6,21,6,23,4,56863
0,6,22,6,23,4,56866
0,6,1,7,23,4,56869
0,6,2,7,23,4,56872
0,6,3,7,23,4,56875
0,6,4,7,23,4,56878
0,6,5,7,23,4,56881
0,6,6,7,23,4,56884
0,6,7,7,23,4,56887
0,6,8,7,23,4,56890
0,6,9,7,23,4,56893
0,6,10,7,23,4,56896
0,6,11,7,23,4,56899
0,6,12,7,23,4,56902
0,6,13,7,23,4,56905
0,6,14,7,23,4,56908
0,6,15,7,23,4,56911
0,6,16,7,23,4,56914
0,6,17,7,23,4,56917
0,6,18,7,23,4,56920
0,6,19,7,23,4,56923
0,6,20,7,23,4,56926
0,6,21,7,23,4,56929
0,6,22,7,23,4,56932
0,6,1,8,23,4,56935
0,6,2,8,23,4,56938
0,6,3,8,23,4,56941
0,6,4,8,23,4,56944
0,6,5,8,23,4,56947
0,6,6,8,23,4,56950
0,6,7,8,23,4,56953
0,6,8,8,23,4,56956
0,6,9,8,23,4,56959
0,6,10,8,23,4,56962
0,6,11,8,23,4,56965
0,6,12,8,23,4,56968
0,6,13,8,23,4,56971
0,6,14,8,23,4,56974
0,6,15,8,23,4,56977
0,6,16,8,23,4,56980
0,6,17,8,23,4,56983
0,6,18,8,23,4,56986
0,6,19,8,23,4,56989
0,6,20,8,23,4,56992
0,6,21,8,23,4,56995
0,6,22,8,23,4,56998
0,6,1,9,23,4,57001
0,6,2,9,23,4,57004
0,6,3,9,23,4,57007
0,6,4,9,23,4,57010
0,6,5,9,23,4,57013
0,6,6,9,23,4,57016
0,6,7,9,23,4,57019
0,6,8,9,23,4,57022
0,6,9,9,23,4,57025
0,6,10,9,23,4,57028
0,6,11,9,23,4,57031
0,6,12,9,23,4,57034
0,6,13,9,23,4,57037
0,6,14,9,23,4,57040
0,6,15,9,23,4,57043
0,6,16,9,23,4,57046
0,6,17,9,23,4,57049
0,6,18,9,23,4,57052
0,6,19,9,23,4,57055
0,6,20,9,23,4,57058
0,6,21,9,23,4,57061
0,6,22,9,23,4,57064
0,6,1,10,23,4,57067
0,6,2,10,23,4,57070
0,6,3,10,23,4,57073
0,6,4,10,23,4,57076
0,6,5,10,23,4,57079
0,6,6,10,23,4,57082
0,6,7,10,23,4,57085
0,6,8,10,23,4,57088
0,6,9,10,23,4,57091
0,6,10,10,23,4,57094
0,6,11,10,23,4,57097
0,6,12,10,23,4,57100
0,6,13,10,23,4,57103
0,6,14,10,23,4,57106
0,6,15,10,23,4,57109
0,6,16,10,23,4,57112
0,6,17,10,23,4,57115
0,6,18,10,23,4,57118
0,6,19,10,23,4,57121
0,6,20,10,23,4,57124
0,6,21,10,23,4,57127
0,6,22,10,23,4,57130
0,6,23,10,23,4,57133
0,6,1,11,23,4,57136
0,6,2,11,23,4,57139
0,6,3,11,23,4,57142
0,6,4,11,23,4,57145
0,6,5,11,23,4,57148
0,6,6,11,23,4,57151
0,6,7,11,23,4,57154
0,6,8,11,23,4,57157
0,6,9,11,23,4,57160
0,6,10,11,23,4,57163
0,6,11,11,23,4,57166
0,6,12,11,23,4,57169
0,6,13,11,23,4,57172
0,6,14,11,23,4,57175
0,6,15,11,23,4,57178
0,6,16,11,23,4,57181
0,6,17,11,23,4,57184
0,6,18,11,23,4,57187
0,6,19,11,23,4,57190
0,6,20,11,23,4,57193
0,6,21,11,23,4,57196
0,6,22,11,23,4,57199
0,6,23,11,23,4,57202
0,6,0,12,23,4,57205
0,6,1,12,23,4,57208
0,6,2,12,23,4,57211
0,6,3,12,23,4,57214
0,6,4,12,23,4,57217
0,6,5,12,23,4,57220
0,6,6,12,23,4,57223
0,6,7,12,23,4,57226
0,6,8,12,23,4,57229
0,6,9,12,23,4,57232
0,6,10,12,23,4,57235
0,6,11,12,23,4,57238
0,6,12,12,23,4,57241
0,6,13,12,23,4,57244
0,6,14,12,23,4,57247
0,6,15,12,23,4,57250
0,6,16,12,23,4,57253
0,6,17,12,23,4,57256
0,6,18,12,23,4,57259
0,6,19,12,23,4,57262
0,6,20,12,23,4,57265
0,6,21,12,23,4,57268
0,6,22,12,23,4,57271
0,6,23,12,23,4,57274
0,6,0,13,23,4,57277
0,6,1,13,23,4,57280
0,6,2,13,23,4,57283
0,6,3,13,23,4,57286
0,6,4,13,23,4,57289
0,6,5,13,23,4,57292
0,6,6,13,23,4,57295
0,6,7,13,23,4,57298
0,6,8,13,23,4,57301
0,6,9,13,23,4,57304
0,6,10,13,23,4,57307
0,6,11,13,23,4,57310
0,6,12,13,23,4,57313
0,6,13,13,23,4,57316
0,6,14,13,23,4,57319
0,6,15,13,23,4,57322
0,6,16,13,23,4,57325
0,6,17,13,23,4,57328
0,6,18,13,23,4,57331
0,6,19,13,23,4,57334
0,6,20,13,23,4,57337
0,6,21,13,23,4,57340
0,6,22,13,23,4,57343
0,6,23,13,23,4,57346
0,6,0,0,23,5,57349
0,6,1,0,23,5,57352
0,6,2,0,23,5,57355
0,6,3,0,23,5,57358
0,6,4,0,23,5,57361
0,6,5,0,23,5,57364
0,6,6,0,23,5,57367
0,6,7,0,23,5,57370
0,6,8,0,23,5,57373
0,6,9,0,23,5,57376
0,6,10,0,23,5,57379
0,6,11,0,23,5,57382
0,6,12,0,23,5,57385
0,6,13,0,23,5,57388
0,6,14,0,23,5,57391
0,6,15,0,23,5,57394
0,6,16,0,23,5,57397
0,6,17,0,23,5,57400
0,6,18,0,23,5,57403
0,6,19,0,23,5,57406
0,6,20,0,23,5,57409
0,6,21,0,23,5,57412
0,6,22,0,23,5,57415
0,6,23,0,23,5,57418
0,6,0,1,23,5,57421
0,6,1,1,23,5,57424
0,6,2,1,23,5,57427
0,6,3,1,23,5,57430
0,6,4,1,23,5,57433
0,6,5,1,23,5,57436
0,6,6,1,23,5,57439
0,6,7,1,23,5,57442
0,6,8,1,23,5,57445
0,6,9,1,23,5,57448
0,6,10,1,23,5,57451
0,6,11,1,23,5,57454
0,6,12,1,23,5,57457
0,6,13,1,23,5,57460
0,6,14,1,23,5,57463
0,6,15,1,23,5,57466
0,6,16,1,23,5,57469
0,6,17,1,23,5,57472
0,6,18,1,23,5,57475
0,6,19,1,23,5,57478
0,6,20,1,23,5,57481
0,6,21,1,23,5,57484
0,6,22,1,23,5,57487
0,6,23,1,23,5,57490
0,6,0,2,23,5,57493
0,6,1,2,23,5,57496
0,6,2,2,23,5,57499
0,6,3,2,23,5,57502
0,6,4,2,23,5,57505
0,6,5,2,23,5,57508
0,6,6,2,23,5,57511
0,6,7,2,23,5,57514
0,6,8,2,23,5,57517
0,6,9,2,23,5,57520
0,6,10,2,23,5,57523
0,6,11,2,23,5,57526
0,6,12,2,23,5,57529
0,6,13,2,23,5,57532
0,6,14,2,23,5,57535
0,6,15,2,23,5,57538
0,6,16,2,23,5,57541
0,6,17,2,23,5,57544
0,6,18,2,23,5,57547
0,6,19,2,23,5,57550
0,6,20,2,23,5,57553
0,6,21,2,23,5,57556
0,6,22,2,23,5,57559
0,6,23,2,23,5,57562
0,6,0,3,23,5,57565
0,6,1,3,23,5,57568
0,6,2,3,23,5,57571
0,6,3,3,23,5,57574
0,6,4,3,23,5,57577
0,6,5,3,23,5,57580
0,6,6,3,23,5,57583
0,6,7,3,23,5,57586
0,6,8,3,23,5,57589
0,6,9,3,23,5,57592
0,6,10,3,23,5,57595
0,6,11,3,23,5,57598
0,6,12,3,23,5,57601
0,6,13,3,23,5,57604
0,6,14,3,23,5,57607
0,6,15,3,23,5,57610
0,6,16,3,23,5,57613
0,6,17,3,23,5,57616
0,6,18,3,23,5,57619
0,6,19,3,23,5,57622
0,6,20,3,23,5,57625
0,6,21,3,23,5,57628
0,6,22,3,23,5,57631
0,6,23,3,23,5,57634
0,6,0,4,23,5,57637
0,6,1,4,23,5,57640
0,6,2,4,23,5,57643
0,6,3,4,23,5,57646
0,6,4,4,23,5,57649
0,6,5,4,23,5,57652
0,6,6,4,23,5,57655
0,6,7,4,23,5,57658
0,6,8,4,23,5,57661
0,6,9,4,23,5,57664
0,6,10,4,23,5,57667
0,6,11,4,23,5,57670
0,6,12,4,23,5,57673
0,6,13,4,23,5,57676
0,6,14,4,23,5,57679
0,6,15,4,23,5,57682
0,6,16,4,23,5,57685
0,6,17,4,23,5,57688
0,6,18,4,23,5,57691
0,6,19,4,23,5,57694
0,6,20,4,23,5,57697
0,6,21,4,23,5,57700
0,6,22,4,23,5,57703
0,6,23,4,23,5,57706
0,6,0,5,23,5,57709
0,6,1,5,23,5,57712
0,6,2,5,23,5,57715
0,6,3,5,23,5,57718
0,6,4,5,23,5,57721
0,6,5,5,23,5,57724
0,6,6,5,23,5,57727
0,6,7,5,23,5,57730
0,6,8,5,23,5,57733
0,6,9,5,23,5,57736
0,6,10,5,23,5,57739
0,6,11,5,23,5,57742
0,6,12,5,23,5,57745
0,6,13,5,23,5,57748
0,6,14,5,23,5,57751
0,6,15,5,23,5,57754
0,6,16,5,23,5,57757
0,6,17,5,23,5,57760
0,6,18,5,23,5,57763
0,6,19,5,23,5,57766
0,6,20,5,23,5,57769
0,6,21,5,23,5,57772
0,6,22,5,23,5,57775
0,6,1,6,23,5,57778
0,6,2,6,23,5,57781
0,6,3,6,23,5,57784
0,6,4,6,23,5,57787
0,6,5,6,23,5,57790
0,6,6,6,23,5,57793
0,6,7,6,23,5,57796
0,6,8,6,23,5,57799
0,6,9,6,23,5,57802
0,6,10,6,23,5,57805
0,6,11,6,23,5,57808
0,6,12,6,23,5,57811
0,6,13,6,23,5,57814
0,6,14,6,23,5,57817
0,6,15,6,23,5,57820
0,6,16,6,23,5,57823
0,6,17,6,23,5,57826
0,6,18,6,23,5,57829
0,6,19,6,23,5,57832
0,6,20,6,23,5,57835
0,6,21,6,23,5,57838
0,6,22,6,23,5,57841
0,6,1,7,23,5,57844
0,6,2,7,23,5,57847
0,6,3,7,23,5,57850
0,6,4,7,23,5,57853
0,6,5,7,23,5,57856
0,6,6,7,23,5,57859
0,6,7,7,23,5,57862
0,6,8,7,23,5,57865
0,6,9,7,23,5,57868
0,6,10,7,23,5,57871
0,6,11,7,23,5,57874
0,6,12,7,23,5,57877
0,6,13,7,23,5,57880
0,6,14,7,23,5,57883
0,6,15,7,23,5,57886
0,6,16,7,23,5,57889
0,6,17,7,23,5,57892
0,6,18,7,23,5,57895
0,6,19,7,23,5,57898
0,6,20,7,23,5,57901
0,6,21,7,23,5,57904
0,6,22,7,23,5,57907
0,6,1,8,23,5,57910
0,6,2,8,23,5,57913
0,6,3,8,23,5,57916
0,6,4,8,23,5,57919
0,6,5,8,23,5,57922
0,6,6,8,23,5,57925
0,6,7,8,23,5,57928
0,6,8,8,23,5,57931
0,6,9,8,23,5,57934
0,6,10,8,23,5,57937
0,6,11,8,23,5,57940
0,6,12,8,23,5,57943
0,6,13,8,23,5,57946
0,6,14,8,23,5,57949
0,6,15,8,23,5,57952
0,6,16,8,23,5,57955
0,6,17,8,23,5,57958
0,6,18,8,23,5,57961
0,6,19,8,23,5,57964
0,6,20,8,23,5,57967
0,6,21,8,23,5,57970
0,6,22,8,23,5,57973
0,6,1,9,23,5,57976
0,6,2,9,23,5,57979
0,6,3,9,23,5,57982
0,6,4,9,23,5,57985
0,6,5,9,23,5,57988
0,6,6,9,23,5,57991
0,6,7,9,23,5,57994
0,6,8,9,23,5,57997
0,6,9,9,23,5,58000
0,6,10,9,23,5,58003
0,6,11,9,23,5,58006
0,6,12,9,23,5,58009
0,6,13,9,23,5,58012
0,6,14,9,23,5,58015
0,6,15,9,23,5,58018
0,6,16,9,23,5,58021
0,6,17,9,23,5,58024
0,6,18,9,23,5,58027
0,6,19,9,23,5,58030
0,6,20,9,23,5,58033
0,6,21,9,23,5,58036
0,6,22,9,23,5,58039
0,6,1,10,23,5,58042
0,6,2,10,23,5,58045
0,6,3,10,23,5,58048
0,6,4,10,23,5,58051
0,6,5,10,23,5,58054
0,6,6,10,23,5,58057
0,6,7,10,23,5,58060
0,6,8,10,23,5,58063
0,6,9,10,23,5,58066
0,6,10,10,23,5,58069
0,6,11,10,23,5,58072
0,6,12,10,23,5,58075
0,6,13,10,23,5,58078
0,6,14,10,23,5,58081
0,6,15,10,23,5,58084
0,6,16,10,23,5,58087
0,6,17,10,23,5,58090
0,6,18,10,23,5,58093
0,6,19,10,23,5,58096
0,6,20,10,23,5,58099
0,6,21,10,23,5,58102
0,6,22,10,23,5,58105
0,6,1,11,23,5,58108
0,6,2,11,23,5,58111
0,6,3,11,23,5,58114
0,6,4,11,23,5,58117
0,6,5,11,23,5,58120
0,6,6,11,23,5,58123
0,6,7,11,23,5,58126
0,6,8,11,23,5,58129
0,6,9,11,23,5,58132
0,6,10,11,23,5,58135
0,6,11,11,23,5,58138
0,6,12,11,23,5,58141
0,6,13,11,23,5,58144
0,6,14,11,23,5,58147
0,6,15,11,23,5,58150
0,6,16,11,23,5,58153
0,6,17,11,23,5,58156
0,6,18,11,23,5,58159
0,6,19,11,23,5,58162
0,6,20,11,23,5,58165
0,6,21,11,23,5,58168
0,6,22,11,23,5,58171
0,6,23,11,23,5,58174
0,6,0,12,23,5,58177
0,6,1,12,23,5,58180
0,6,2,12,23,5,58183
0,6,3,12,23,5,58186
0,6,4,12,23,5,58189
0,6,5,12,23,5,58192
0,6,6,12,23,5,58195
0,6,7,12,23,5,58198
0,6,8,12,23,5,58201
0,6,9,12,23,5,58204
0,6,10,12,23,5,58207
0,6,11,12,23,5,58210
0,6,12,12,23,5,58213
0,6,13,12,23,5,58216
0,6,14,12,23,5,58219
0,6,15,12,23,5,58222
0,6,16,12,23,5,58225
0,6,17,12,23,5,58228
0,6,18,12,23,5,58231
0,6,19,12,23,5,58234
0,6,20,12,23,5,58237
0,6,21,12,23,5,58240
0,6,22,12,23,5,58243
0,6,23,12,23,5,58246
0,6,0,13,23,5,58249
0,6,1,13,23,5,58252
0,6,2,13,23,5,58255
0,6,3,13,23,5,58258
0,6,4,13,23,5,58261
0,6,5,13,23,5,58264
0,6,6,13,23,5,58267
0,6,7,13,23,5,58270
0,6,8,13,23,5,58273
0,6,9,13,23,5,58276
0,6,10,13,23,5,58279
0,6,11,13,23,5,58282
0,6,12,13,23,5,58285
0,6,13,13,23,5,58288
0,6,14,13,23,5,58291
0,6,15,13,23,5,58294
0,6,16,13,23,5,58297
0,6,17,13,23,5,58300
0,6,18,13,23,5,58303
0,6,19,13,23,5,58306
0,6,20,13,23,5,58309
0,6,21,13,23,5,58312
0,6,22,13,23,5,58315
0,6,23,13,23,5,58318
0,6,0,0,23,6,58321
0,6,1,0,23,6,58324
0,6,2,0,23,6,58327
0,6,3,0,23,6,58330
0,6,4,0,23,6,58333
0,6,5,0,23,6,58336
0,6,6,0,23,6,58339
0,6,7,0,23,6,58342
0,6,8,0,23,6,58345
0,6,9,0,23,6,58348
0,6,10,0,23,6,58351
0,6,11,0,23,6,58354
0,6,12,0,23,6,58357
0,6,13,0,23,6,58360
0,6,14,0,23,6,58363
0,6,15,0,23,6,58366
0,6,16,0,23,6,58369
0,6,17,0,23,6,58372
0,6,18,0,23,6,58375
0,6,19,0,23,6,58378
0,6,20,0,23,6,58381
0,6,21,0,23,6,58384
0,6,22,0,23,6,58387
0,6,23,0,23,6,58390
0,6,0,1,23,6,58393
0,6,1,1,23,6,58396
0,6,2,1,23,6,58399
0,6,3,1,23,6,58402
0,6,4,1,23,6,58405
0,6,5,1,23,6,58408
0,6,6,1,23,6,58411
0,6,7,1,23,6,58414
0,6,8,1,23,6,58417
0,6,9,1,23,6,58420
0,6,10,1,23,6,58423
0,6,11,1,23,6,58426
0,6,12,1,23,6,58429
0,6,13,1,23,6,58432
0,6,14,1,23,6,58435
0,6,15,1,23,6,58438
0,6,16,1,23,6,58441
0,6,17,1,23,6,58444
0,6,18,1,23,6,58447
0,6,19,1,23,6,58450
0,6,20,1,23,6,58453
0,6,21,1,23,6,58456
0,6,22,1,23,6,58459
0,6,23,1,23,6,58462
0,6,0,2,23,6,58465
0,6,1,2,23,6,58468
0,6,2,2,23,6,58471
0,6,3,2,23,6,58474
0,6,4,2,23,6,58477
0,6,5,2,23,6,58480
0,6,6,2,23,6,58483
0,6,7,2,23,6,58486
0,6,8,2,23,6,58489
0,6,9,2,23,6,58492
0,6,10,2,23,6,58495
0,6,11,2,23,6,58498
0,6,12,2,23,6,58501
0,6,13,2,23,6,58504
0,6,14,2,23,6,58507
0,6,15,2,23,6,58510
0,6,16,2,23,6,58513
0,6,17,2,23,6,58516
0,6,18,2,23,6,58519
0,6,19,2,23,6,58522
0,6,20,2,23,6,58525
0,6,21,2,23,6,58528
0,6,22,2,23,6,58531
0,6,23,2,23,6,58534
0,6,0,3,23,6,58537
0,6,1,3,23,6,58540
0,6,2,3,23,6,58543
0,6,3,3,23,6,58546
0,6,4,3,23,6,58549
0,6,5,3,23,6,58552
0,6,6,3,23,6,58555
0,6,7,3,23,6,58558
0,6,8,3,23,6,58561
0,6,9,3,23,6,58564
0,6,10,3,23,6,58567
0,6,11,3,23,6,58570
0,6,12,3,23,6,58573
0,6,13,3,23,6,58576
0,6,14,3,23,6,58579
0,6,15,3,23,6,58582
0,6,16,3,23,6,58585
0,6,17,3,23,6,58588
0,6,18,3,23,6,58591
0,6,19,3,23,6,58594
0,6,20,3,23,6,58597
0,6,21,3,23,6,58600
0,6,22,3,23,6,58603
0,6,23,3,23,6,58606
0,6,0,4,23,6,58609
0,6,1,4,23,6,58612
0,6,2,4,23,6,58615
0,6,3,4,23,6,58618
0,6,4,4,23,6,58621
0,6,5,4,23,6,58624
0,6,6,4,23,6,58627
0,6,7,4,23,6,58630
0,6,8,4,23,6,58633
0,6,9,4,23,6,58636
0,6,10,4,23,6,58639
0,6,11,4,23,6,58642
0,6,12,4,23,6,58645
0,6,13,4,23,6,58648
0,6,14,4,23,6,58651
0,6,15,4,23,6,58654
0,6,16,4,23,6,58657
0,6,17,4,23,6,58660
0,6,18,4,23,6,58663
0,6,19,4,23,6,58666
0,6,20,4,23,6,58669
0,6,21,4,23,6,58672
0,6,22,4,23,6,58675
0,6,23,4,23,6,58678
0,6,0,5,23,6,58681
0,6,1,5,23,6,58684
0,6,2,5,23,6,58687
0,6,3,5,23,6,58690
0,6,4,5,23,6,58693
0,6,5,5,23,6,58696
0,6,6,5,23,6,58699
0,6,7,5,23,6,58702
0,6,8,5,23,6,58705
0,6,9,5,23,6,58708
0,6,10,5,23,6,58711
0,6,11,5,23,6,58714
0,6,12,5,23,6,58717
0,6,13,5,23,6,58720
0,6,14,5,23,6,58723
0,6,15,5,23,6,58726
0,6,16,5,23,6,58729
0,6,17,5,23,6,58732
0,6,18,5,23,6,58735
0,6,19,5,23,6,58738
0,6,20,5,23,6,58741
0,6,21,5,23,6,58744
0,6,22,5,23,6,58747
0,6,23,5,23,6,58750
0,6,1,6,23,6,58753
0,6,2,6,23,6,58756
0,6,3,6,23,6,58759
0,6,4,6,23,6,58762
0,6,5,6,23,6,58765
0,6,6,6,23,6,58768
0,6,7,6,23,6,58771
0,6,8,6,23,6,58774
0,6,9,6,23,6,58777
0,6,10,6,23,6,58780
0,6,11,6,23,6,58783
0,6,12,6,23,6,58786
0,6,13,6,23,6,58789
0,6,14,6,23,6,58792
0,6,15,6,23,6,58795
0,6,16,6,23,6,58798
0,6,17,6,23,6,58801
0,6,18,6,23,6,58804
0,6,19,6,23,6,58807
0,6,20,6,23,6,58810
0,6,21,6,23,6,58813
0,6,22,6,23,6,58816
0,6,1,7,23,6,58819
0,6,2,7,23,6,58822
0,6,3,7,23,6,58825
0,6,4,7,23,6,58828
0,6,5,7,23,6,58831
0,6,6,7,23,6,58834
0,6,7,7,23,6,58837
0,6,8,7,23,6,58840
0,6,9,7,23,6,58843
0,6,10,7,23,6,58846
0,6,11,7,23,6,58849
0,6,12,7,23,6,58852
0,6,13,7,23,6,58855
0,6,14,7,23,6,58858
0,6,15,7,23,6,58861
0,6,16,7,23,6,58864
0,6,17,7,23,6,58867
0,6,18,7,23,6,58870
0,6,19,7,23,6,58873
0,6,20,7,23,6,58876
0,6,21,7,23,6,58879
0,6,22,7,23,6,58882
0,6,1,8,23,6,58885
0,6,2,8,23,6,58888
0,6,3,8,23,6,58891
0,6,4,8,23,6,58894
0,6,5,8,23,6,58897
0,6,6,8,23,6,58900
0,6,7,8,23,6,58903
0,6,8,8,23,6,58906
0,6,9,8,23,6,58909
0,6,10,8,23,6,58912
0,6,11,8,23,6,58915
0,6,12,8,23,6,58918
0,6,13,8,23,6,58921
0,6,14,8,23,6,58924
0,6,15,8,23,6,58927
0,6,16,8,23,6,58930
0,6,17,8,23,6,58933
0,6,18,8,23,6,58936
0,6,19,8,23,6,58939
0,6,20,8,23,6,58942
0,6,21,8,23,6,58945
0,6,22,8,23,6,58948
0,6,1,9,23,6,58951
0,6,2,9,23,6,58954
0,6,3,9,23,6,58957
0,6,4,9,23,6,58960
0,6,5,9,23,6,58963
0,6,6,9,23,6,58966
0,6,7,9,23,6,58969
0,6,8,9,23,6,58972
0,6,9,9,23,6,58975
0,6,10,9,23,6,58978
0,6,11,9,23,6,58981
0,6,12,9,23,6,58984
0,6,13,9,23,6,58987
0,6,14,9,23,6,58990
0,6,15,9,23,6,58993
0,6,16,9,23,6,58996
0,6,17,9,23,6,58999
0,6,18,9,23,6,59002
0,6,19,9,23,6,59005
0,6,20,9,23,6,59008
0,6,21,9,23,6,59011
0,6,22,9,23,6,59014
0,6,1,10,23,6,59017
0,6,2,10,23,6,59020
0,6,3,10,23,6,59023
0,6,4,10,23,6,59026
0,6,5,10,23,6,59029
0,6,6,10,23,6,59032
0,6,7,10,23,6,59035
0,6,8,10,23,6,59038
0,6,9,10,23,6,59041
0,6,10,10,23,6,59044
0,6,11,10,23,6,59047
0,6,12,10,23,6,59050
0,6,13,10,23,6,59053
0,6,14,10,23,6,59056
0,6,15,10,23,6,59059
0,6,16,10,23,6,59062
0,6,17,10,23,6,59065
0,6,18,10,23,6,59068
0,6,19,10,23,6,59071
0,6,20,10,23,6,59074
0,6,21,10,23,6,59077
0,6,22,10,23,6,59080
0,6,1,11,23,6,59083
0,6,2,11,23,6,59086
0,6,3,11,23,6,59089
0,6,4,11,23,6,59092
0,6,5,11,23,6,59095
0,6,6,11,23,6,59098
0,6,7,11,23,6,59101
0,6,8,11,23,6,59104
0,6,9,11,23,6,59107
0,6,10,11,23,6,59110
0,6,11,11,23,6,59113
0,6,12,11,23,6,59116
0,6,13,11,23,6,59119
0,6,14,11,23,6,59122
0,6,15,11,23,6,59125
0,6,16,11,23,6,59128
0,6,17,11,23,6,59131
0,6,18,11,23,6,59134
0,6,19,11,23,6,59137
0,6,20,11,23,6,59140
0,6,21,11,23,6,59143
0,6,22,11,23,6,59146
0,6,0,12,23,6,59149
0,6,1,12,23,6,59152
0,6,2,12,23,6,59155
0,6,3,12,23,6,59158
0,6,4,12,23,6,59161
0,6,5,12,23,6,59164
0,6,6,12,23,6,59167
0,6,7,12,23,6,59170
0,6,8,12,23,6,59173
0,6,9,12,23,6,59176
0,6,10,12,23,6,59179
0,6,11,12,23,6,59182
0,6,12,12,23,6,59185
0,6,13,12,23,6,59188
0,6,14,12,23,6,59191
0,6,15,12,23,6,59194
0,6,16,12,23,6,59197
0,6,17,12,23,6,59200
0,6,18,12,23,6,59203
0,6,19,12,23,6,59206
0,6,20,12,23,6,59209
0,6,21,12,23,6,59212
0,6,22,12,23,6,59215
0,6,23,12,23,6,59218
0,6,0,13,23,6,59221
0,6,1,13,23,6,59224
0,6,2,13,23,6,59227
0,6,3,13,23,6,59230
0,6,4,13,23,6,59233
0,6,5,13,23,6,59236
0,6,6,13,23,6,59239
0,6,7,13,23,6,59242
0,6,8,13,23,6,59245
0,6,9,13,23,6,59248
0,6,10,13,23,6,59251
0,6,11,13,23,6,59254
0,6,12,13,23,6,59257
0,6,13,13,23,6,59260
0,6,14,13,23,6,59263
0,6,15,13,23,6,59266
0,6,16,13,23,6,59269
0,6,17,13,23,6,59272
0,6,18,13,23,6,59275
0,6,19,13,23,6,59278
0,6,20,13,23,6,59281
0,6,21,13,23,6,59284
0,6,22,13,23,6,59287
0,6,23,13,23,6,59290
0,6,0,0,23,7,59293
0,6,1,0,23,7,59296
0,6,2,0,23,7,59299
0,6,3,0,23,7,59302
0,6,4,0,23,7,59305
0,6,5,0,23,7,59308
0,6,6,0,23,7,59311
0,6,7,0,23,7,59314
0,6,8,0,23,7,59317
0,6,9,0,23,7,59320
0,6,10,0,23,7,59323
0,6,11,0,23,7,59326
0,6,12,0,23,7,59329
0,6,13,0,23,7,59332
0,6,14,0,23,7,59335
0,6,15,0,23,7,59338
0,6,16,0,23,7,59341
0,6,17,0,23,7,59344
0,6,18,0,23,7,59347
0,6,19,0,23,7,59350
0,6,20,0,23,7,59353
0,6,21,0,23,7,59356
0,6,22,0,23,7,59359
0,6,23,0,23,7,59362
0,6,0,1,23,7,59365
0,6,1,1,23,7,59368
0,6,2,1,23,7,59371
0,6,3,1,23,7,59374
0,6,4,1,23,7,59377
0,6,5,1,23,7,59380
0,6,6,1,23,7,59383
0,6,7,1,23,7,59386
0,6,8,1,23,7,59389
0,6,9,1,23,7,59392
0,6,10,1,23,7,59395
0,6,11,1,23,7,59398
0,6,12,1,23,7,59401
0,6,13,1,23,7,59404
0,6,14,1,23,7,59407
0,6,15,1,23,7,59410
0,6,16,1,23,7,59413
0,6,17,1,23,7,59416
0,6,18,1,23,7,59419
0,6,19,1,23,7,59422
0,6,20,1,23,7,59425
0,6,21,1,23,7,59428
0,6,22,1,23,7,59431
0,6,23,1,23,7,59434
0,6,0,2,23,7,59437
0,6,1,2,23,7,59440
0,6,2,2,23,7,59443
0,6,3,2,23,7,59446
0,6,4,2,23,7,59449
0,6,5,2,23,7,59452
0,6,6,2,23,7,59455
0,6,7,2,23,7,59458
0,6,8,2,23,7,59461
0,6,9,2,23,7,59464
0,6,10,2,23,7,59467
0,6,11,2,23,7,59470
0,6,12,2,23,7,59473
0,6,13,2,23,7,59476
0,6,14,2,23,7,59479
0,6,15,2,23,7,59482
0,6,16,2,23,7,59485
0,6,17,2,23,7,59488
0,6,18,2,23,7,59491
0,6,19,2,23,7,59494
0,6,20,2,23,7,59497
0,6,21,2,23,7,59500
0,6,22,2,23,7,59503
0,6,23,2,23,7,59506
0,6,0,3,23,7,59509
0,6,1,3,23,7,59512
0,6,2,3,23,7,59515
0,6,3,3,23,7,59518
0,6,4,3,23,7,59521
0,6,5,3,23,7,59524
0,6,6,3,23,7,59527
0,6,7,3,23,7,59530
0,6,8,3,23,7,59533
0,6,9,3,23,7,59536
0,6,10,3,23,7,59539
0,6,11,3,23,7,59542
0,6,12,3,23,7,59545
0,6,13,3,23,7,59548
0,6,14,3,23,7,59551
0,6,15,3,23,7,59554
0,6,16,3,23,7,59557
0,6,17,3,23,7,59560
0,6,18,3,23,7,59563
0,6,19,3,23,7,59566
0,6,20,3,23,7,59569
0,6,21,3,23,7,59572
0,6,22,3,23,7,59575
0,6,23,3,23,7,59578
0,6,0,4,23,7,59581
0,6,1,4,23,7,59584
0,6,2,4,23,7,59587
0,6,3,4,23,7,59590
0,6,4,4,23,7,59593
0,6,5,4,23,7,59596
0,6,6,4,23,7,59599
0,6,7,4,23,7,59602
0,6,8,4,23,7,59605
0,6,9,4,23,7,59608
0,6,10,4,23,7,59611
0,6,11,4,23,7,59614
0,6,12,4,23,7,59617
0,6,13,4,23,7,59620
0,6,14,4,23,7,59623
0,6,15,4,23,7,59626
0,6,16,4,23,7,59629
0,6,17,4,23,7,59632
0,6,18,4,23,7,59635
0,6,19,4,23,7,59638
0,6,20,4,23,7,59641
0,6,21,4,23,7,59644
0,6,22,4,23,7,59647
0,6,23,4,23,7,59650
0,6,0,5,23,7,59653
0,6,1,5,23,7,59656
0,6,2,5,23,7,59659
0,6,3,5,23,7,59662
0,6,4,5,23,7,59665
0,6,5,5,23,7,59668
0,6,6,5,23,7,59671
0,6,7,5,23,7,59674
0,6,8,5,23,7,59677
0,6,9,5,23,7,59680
0,6,10,5,23,7,59683
0,6,11,5,23,7,59686
0,6,12,5,23,7,59689
0,6,13,5,23,7,59692
0,6,14,5,23,7,59695
0,6,15,5,23,7,59698
0,6,16,5,23,7,59701
0,6,17,5,23,7,59704
0,6,18,5,23,7,59707
0,6,19,5,23,7,59710
0,6,20,5,23,7,59713
0,6,21,5,23,7,59716
0,6,22,5,23,7,59719
0,6,23,5,23,7,59722
0,6,1,6,23,7,59725
0,6,2,6,23,7,59728
0,6,3,6,23,7,59731
0,6,4,6,23,7,59734
0,6,5,6,23,7,59737
0,6,6,6,23,7,59740
0,6,7,6,23,7,59743
0,6,8,6,23,7,59746
0,6,9,6,23,7,59749
0,6,10,6,23,7,59752
0,6,11,6,23,7,59755
0,6,12,6,23,7,59758
0,6,13,6,23,7,59761
0,6,14,6,23,7,59764
0,6,15,6,23,7,59767
0,6,16,6,23,7,59770
0,6,17,6,23,7,59773
0,6,18,6,23,7,59776
0,6,19,6,23,7,59779
0,6,20,6,23,7,59782
0,6,21,6,23,7,59785
0,6,22,6,23,7,59788
0,6,23,6,23,7,59791
0,6,1,7,23,7,59794
0,6,2,7,23,7,59797
0,6,3,7,23,7,59800
0,6,4,7,23,7,59803
0,6,5,7,23,7,59806
0,6,6,7,23,7,59809
0,6,7,7,23,7,59812
0,6,8,7,23,7,59815
0,6,9,7,23,7,59818
0,6,10,7,23,7,59821
0,6,11,7,23,7,59824
0,6,12,7,23,7,59827
0,6,13,7,23,7,59830
0,6,14,7,23,7,59833
0,6,15,7,23,7,59836
0,6,16,7,23,7,59839
0,6,17,7,23,7,59842
0,6,18,7,23,7,59845
0,6,19,7,23,7,59848
0,6,20,7,23,7,59851
0,6,21,7,23,7,59854
0,6,22,7,23,7,59857
0,6,1,8,23,7,59860
0,6,2,8,23,7,59863
0,6,3,8,23,7,59866
0,6,4,8,23,7,59869
0,6,5,8,23,7,59872
0,6,6,8,23,7,59875
0,6,7,8,23,7,59878
0,6,8,8,23,7,59881
0,6,9,8,23,7,59884
0,6,10,8,23,7,59887
0,6,11,8,23,7,59890
0,6,12,8,23,7,59893
0,6,13,8,23,7,59896
0,6,14,8,23,7,59899
0,6,15,8,23,7,59902
0,6,16,8,23,7,59905
0,6,17,8,23,7,59908
0,6,18,8,23,7,59911
0,6,19,8,23,7,59914
0,6,20,8,23,7,59917
0,6,21,8,23,7,59920
0,6,22,8,23,7,59923
0,6,1,9,23,7,59926
0,6,2,9,23,7,59929
0,6,3,9,23,7,59932
0,6,4,9,23,7,59935
0,6,5,9,23,7,59938
0,6,6,9,23,7,59941
0,6,7,9,23,7,59944
0,6,8,9,23,7,59947
0,6,9,9,23,7,59950
0,6,10,9,23,7,59953
0,6,11,9,23,7,59956
0,6,12,9,23,7,59959
0,6,13,9,23,7,59962
0,6,14,9,23,7,59965
0,6,15,9,23,7,59968
0,6,16,9,23,7,59971
0,6,17,9,23,7,59974
0,6,18,9,23,7,59977
0,6,19,9,23,7,59980
0,6,20,9,23,7,59983
0,6,21,9,23,7,59986
0,6,22,9,23,7,59989
0,6,1,10,23,7,59992
0,6,2,10,23,7,59995
0,6,3,10,23,7,59998
0,6,4,10,23,7,60001
0,6,5,10,23,7,60004
0,6,6,10,23,7,60007
0,6,7,10,23,7,60010
0,6,8,10,23,7,60013
0,6,9,10,23,7,60016
0,6,10,10,23,7,60019
0,6,11,10,23,7,60022
0,6,12,10,23,7,60025
0,6,13,10,23,7,60028
0,6,14,10,23,7,60031
0,6,15,10,23,7,60034
0,6,16,10,23,7,60037
0,6,17,10,23,7,60040
0,6,18,10,23,7,60043
0,6,19,10,23,7,60046
0,6,20,10,23,7,60049
0,6,21,10,23,7,60052
0,6,22,10,23,7,60055
0,6,1,11,23,7,60058
0,6,2,11,23,7,60061
0,6,3,11,23,7,60064
0,6,4,11,23,7,60067
0,6,5,11,23,7,60070
0,6,6,11,23,7,60073
0,6,7,11,23,7,60076
0,6,8,11,23,7,60079
0,6,9,11,23,7,60082
0,6,10,11,23,7,60085
0,6,11,11,23,7,60088
0,6,12,11,23,7,60091
0,6,13,11,23,7,60094
0,6,14,11,23,7,60097
0,6,15,11,23,7,60100
0,6,16,11,23,7,60103
0,6,17,11,23,7,60106
0,6,18,11,23,7,60109
0,6,19,11,23,7,60112
0,6,20,11,23,7,60115
0,6,21,11,23,7,60118
0,6,22,11,23,7,60121
0,6,0,12,23,7,60124
0,6,1,12,23,7,60127
0,6,2,12,23,7,60130
0,6,3,12,23,7,60133
0,6,4,12,23,7,60136
0,6,5,12,23,7,60139
0,6,6,12,23,7,60142
0,6,7,12,23,7,60145
0,6,8,12,23,7,60148
0,6,9,12,23,7,60151
0,6,10,12,23,7,60154
0,6,11,12,23,7,60157
0,6,12,12,23,7,60160
0,6,13,12,23,7,60163
0,6,14,12,23,7,60166
0,6,15,12,23,7,60169
0,6,16,12,23,7,60172
0,6,17,12,23,7,60175
0,6,18,12,23,7,60178
0,6,19,12,23,7,60181
0,6,20,12,23,7,60184
0,6,21,12,23,7,60187
0,6,22,12,23,7,60190
0,6,0,13,23,7,60193
0,6,1,13,23,7,60196
0,6,2,13,23,7,60199
0,6,3,13,23,7,60202
0,6,4,13,23,7,60205
0,6,5,13,23,7,60208
0,6,6,13,23,7,60211
0,6,7,13,23,7,60214
0,6,8,13,23,7,60217
0,6,9,13,23,7,60220
0,6,10,13,23,7,60223
0,6,11,13,23,7,60226
0,6,12,13,23,7,60229
0,6,13,13,23,7,60232
0,6,14,13,23,7,60235
0,6,15,13,23,7,60238
0,6,16,13,23,7,60241
0,6,17,13,23,7,60244
0,6,18,13,23,7,60247
0,6,19,13,23,7,60250
0,6,20,13,23,7,60253
0,6,21,13,23,7,60256
0,6,22,13,23,7,60259
0,6,23,13,23,7,60262
0,6,0,0,23,8,60265
0,6,1,0,23,8,60268
0,6,2,0,23,8,60271
0,6,3,0,23,8,60274
0,6,4,0,23,8,60277
0,6,5,0,23,8,60280
0,6,6,0,23,8,60283
0,6,7,0,23,8,60286
0,6,8,0,23,8,60289
0,6,9,0,23,8,60292
0,6,10,0,23,8,60295
0,6,11,0,23,8,60298
0,6,12,0,23,8,60301
0,6,13,0,23,8,60304
0,6,14,0,23,8,60307
0,6,15,0,23,8,60310
0,6,16,0,23,8,60313
0,6,17,0,23,8,60316
0,6,18,0,23,8,60319
0,6,19,0,23,8,60322
0,6,20,0,23,8,60325
0,6,21,0,23,8,60328
0,6,22,0,23,8,60331
0,6,23,0,23,8,60334
0,6,0,1,23,8,60337
0,6,1,1,23,8,60340
0,6,2,1,23,8,60343
0,6,3,1,23,8,60346
0,6,4,1,23,8,60349
0,6,5,1,23,8,60352
0,6,6,1,23,8,60355
0,6,7,1,23,8,60358
0,6,8,1,23,8,60361
0,6,9,1,23,8,60364
0,6,10,1,23,8,60367
0,6,11,1,23,8,60370
0,6,12,1,23,8,60373
0,6,13,1,23,8,60376
0,6,14,1,23,8,60379
0,6,15,1,23,8,60382
0,6,16,1,23,8,60385
0,6,17,1,23,8,60388
0,6,18,1,23,8,60391
0,6,19,1,23,8,60394
0,6,20,1,23,8,60397
0,6,21,1,23,8,60400
0,6,22,1,23,8,60403
0,6,23,1,23,8,60406
0,6,0,2,23,8,60409
0,6,1,2,23,8,60412
0,6,2,2,23,8,60415
0,6,3,2,23,8,60418
0,6,4,2,23,8,60421
0,6,5,2,23,8,60424
0,6,6,2,23,8,60427
0,6,7,2,23,8,60430
0,6,8,2,23,8,60433
0,6,9,2,23,8,60436
0,6,10,2,23,8,60439
0,6,11,2,23,8,60442
0,6,12,2,23,8,60445
0,6,13,2,23,8,60448
0,6,14,2,23,8,60451
0,6,15,2,23,8,60454
0,6,16,2,23,8,60457
0,6,17,2,23,8,60460
0,6,18,2,23,8,60463
0,6,19,2,23,8,60466
0,6,20,2,23,8,60469
0,6,21,2,23,8,60472
0,6,22,2,23,8,60475
0,6,23,2,23,8,60478
0,6,0,3,23,8,60481
0,6,1,3,23,8,60484
0,6,2,3,23,8,60487
0,6,3,3,23,8,60490
0,6,4,3,23,8,60493
0,6,5,3,23,8,60496
0,6,6,3,23,8,60499
0,6,7,3,23,8,60502
0,6,8,3,23,8,60505
0,6,9,3,23,8,60508
0,6,10,3,23,8,60511
0,6,11,3,23,8,60514
0,6,12,3,23,8,60517
0,6,13,3,23,8,60520
0,6,14,3,23,8,60523
0,6,15,3,23,8,60526
0,6,16,3,23,8,60529
0,6,17,3,23,8,60532
0,6,18,3,23,8,60535
0,6,19,3,23,8,60538
0,6,20,3,23,8,60541
0,6,21,3,23,8,60544
0,6,22,3,23,8,60547
0,6,23,3,23,8,60550
0,6,0,4,23,8,60553
0,6,1,4,23,8,60556
0,6,2,4,23,8,60559
0,6,3,4,23,8,60562
0,6,4,4,23,8,60565
0,6,5,4,23,8,60568
0,6,6,4,23,8,60571
0,6,7,4,23,8,60574
0,6,8,4,23,8,60577
0,6,9,4,23,8,60580
0,6,10,4,23,8,60583
0,6,11,4,23,8,60586
0,6,12,4,23,8,60589
0,6,13,4,23,8,60592
0,6,14,4,23,8,60595
0,6,15,4,23,8,60598
0,6,16,4,23,8,60601
0,6,17,4,23,8,60604
0,6,18,4,23,8,60607
0,6,19,4,23,8,60610
0,6,20,4,23,8,60613
0,6,21,4,23,8,60616
0,6,22,4,23,8,60619
0,6,23,4,23,8,60622
0,6,0,5,23,8,60625
0,6,1,5,23,8,60628
0,6,2,5,23,8,60631
0,6,3,5,23,8,60634
0,6,4,5,23,8,60637
0,6,5,5,23,8,60640
0,6,6,5,23,8,60643
0,6,7,5,23,8,60646
0,6,8,5,23,8,60649
0,6,9,5,23,8,60652
0,6,10,5,23,8,60655
0,6,11,5,23,8,60658
0,6,12,5,23,8,60661
0,6,13,5,23,8,60664
0,6,14,5,23,8,60667
0,6,15,5,23,8,60670
0,6,16,5,23,8,60673
0,6,17,5,23,8,60676
0,6,18,5,23,8,60679
0,6,19,5,23,8,60682
0,6,20,5,23,8,60685
0,6,21,5,23,8,60688
0,6,22,5,23,8,60691
0,6,23,5,23,8,60694
0,6,1,6,23,8,60697
0,6,2,6,23,8,60700
0,6,3,6,23,8,60703
0,6,4,6,23,8,60706
0,6,5,6,23,8,60709
0,6,6,6,23,8,60712
0,6,7,6,23,8,60715
0,6,8,6,23,8,60718
0,6,9,6,23,8,60721
0,6,10,6,23,8,60724
0,6,11,6,23,8,60727
0,6,12,6,23,8,60730
0,6,13,6,23,8,60733
0,6,14,6,23,8,60736
0,6,15,6,23,8,60739
0,6,16,6,23,8,60742
0,6,17,6,23,8,60745
0,6,18,6,23,8,60748
0,6,19,6,23,8,60751
0,6,20,6,23,8,60754
0,6,21,6,23,8,60757
0,6,22,6,23,8,60760
0,6,23,6,23,8,60763
0,6,1,7,23,8,60766
0,6,2,7,23,8,60769
0,6,3,7,23,8,60772
0,6,4,7,23,8,60775
0,6,5,7,23,8,60778
0,6,6,7,23,8,60781
0,6,7,7,23,8,60784
0,6,8,7,23,8,60787
0,6,9,7,23,8,60790
0,6,10,7,23,8,60793
0,6,11,7,23,8,60796
0,6,12,7,23,8,60799
0,6,13,7,23,8,60802
0,6,14,7,23,8,60805
0,6,15,7,23,8,60808
0,6,16,7,23,8,60811
0,6,17,7,23,8,60814
0,6,18,7,23,8,60817
0,6,19,7,23,8,60820
0,6,20,7,23,8,60823
0,6,21,7,23,8,60826
0,6,22,7,23,8,60829
0,6,23,7,23,8,60832
0,6,1,8,23,8,60835
0,6,2,8,23,8,60838
0,6,3,8,23,8,60841
0,6,4,8,23,8,60844
0,6,5,8,23,8,60847
0,6,6,8,23,8,60850
0,6,7,8,23,8,60853
0,6,8,8,23,8,60856
0,6,9,8,23,8,60859
0,6,10,8,23,8,60862
0,6,11,8,23,8,60865
0,6,12,8,23,8,60868
0,6,13,8,23,8,60871
0,6,14,8,23,8,60874
0,6,15,8,23,8,60877
0,6,16,8,23,8,60880
0,6,17,8,23,8,60883
0,6,18,8,23,8,60886
0,6,19,8,23,8,60889
0,6,20,8,23,8,60892
0,6,21,8,23,8,60895
0,6,22,8,23,8,60898
0,6,1,9,23,8,60901
0,6,2,9,23,8,60904
0,6,3,9,23,8,60907
0,6,4,9,23,8,60910
0,6,5,9,23,8,60913
0,6,6,9,23,8,60916
0,6,7,9,23,8,60919
0,6,8,9,23,8,60922
0,6,9,9,23,8,60925
0,6,10,9,23,8,60928
0,6,11,9,23,8,60931
0,6,12,9,23,8,60934
0,6,13,9,23,8,60937
0,6,14,9,23,8,60940
0,6,15,9,23,8,60943
0,6,16,9,23,8,60946
0,6,17,9,23,8,60949
0,6,18,9,23,8,60952
0,6,19,9,23,8,60955
0,6,20,9,23,8,60958
0,6,21,9,23,8,60961
0,6,22,9,23,8,60964
0,6,1,10,23,8,60967
0,6,2,10,23,8,60970
0,6,3,10,23,8,60973
0,6,4,10,23,8,60976
0,6,5,10,23,8,60979
0,6,6,10,23,8,60982
0,6,7,10,23,8,60985
0,6,8,10,23,8,60988
0,6,9,10,23,8,60991
0,6,10,10,23,8,60994
0,6,11,10,23,8,60997
0,6,12,10,23,8,61000
0,6,13,10,23,8,61003
0,6,14,10,23,8,61006
0,6,15,10,23,8,61009
0,6,16,10,23,8,61012
0,6,17,10,23,8,61015
0,6,18,10,23,8,61018
0,6,19,10,23,8,61021
0,6,20,10,23,8,61024
0,6,21,10,23,8,61027
0,6,22,10,23,8,61030
0,6,1,11,23,8,61033
0,6,2,11,23,8,61036
0,6,3,11,23,8,61039
0,6,4,11,23,8,61042
0,6,5,11,23,8,61045
0,6,6,11,23,8,61048
0,6,7,11,23,8,61051
0,6,8,11,23,8,61054
0,6,9,11,23,8,61057
0,6,10,11,23,8,61060
0,6,11,11,23,8,61063
0,6,12,11,23,8,61066
0,6,13,11,23,8,61069
0,6,14,11,23,8,61072
0,6,15,11,23,8,61075
0,6,16,11,23,8,61078
0,6,17,11,23,8,61081
0,6,18,11,23,8,61084
0,6,19,11,23,8,61087
0,6,20,11,23,8,61090
0,6,21,11,23,8,61093
0,6,22,11,23,8,61096
0,6,0,12,23,8,61099
0,6,1,12,23,8,61102
0,6,2,12,23,8,61105
0,6,3,12,23,8,61108
0,6,4,12,23,8,61111
0,6,5,12,23,8,61114
0,6,6,12,23,8,61117
0,6,7,12,23,8,61120
0,6,8,12,23,8,61123
0,6,9,12,23,8,61126
0,6,10,12,23,8,61129
0,6,11,12,23,8,61132
0,6,12,12,23,8,61135
0,6,13,12,23,8,61138
0,6,14,12,23,8,61141
0,6,15,12,23,8,61144
0,6,16,12,23,8,61147
0,6,17,12,23,8,61150
0,6,18,12,23,8,61153
0,6,19,12,23,8,61156
0,6,20,12,23,8,61159
0,6,21,12,23,8,61162
0,6,22,12,23,8,61165
0,6,0,13,23,8,61168
0,6,1,13,23,8,61171
0,6,2,13,23,8,61174
0,6,3,13,23,8,61177
0,6,4,13,23,8,61180
0,6,5,13,23,8,61183
0,6,6,13,23,8,61186
0,6,7,13,23,8,61189
0,6,8,13,23,8,61192
0,6,9,13,23,8,61195
0,6,10,13,23,8,61198
0,6,11,13,23,8,61201
0,6,12,13,23,8,61204
0,6,13,13,23,8,61207
0,6,14,13,23,8,61210
0,6,15,13,23,8,61213
0,6,16,13,23,8,61216
0,6,17,13,23,8,61219
0,6,18,13,23,8,61222
0,6,19,13,23,8,61225
0,6,20,13,23,8,61228
0,6,21,13,23,8,61231
0,6,22,13,23,8,61234
0,7,0,0,23,0,61237
0,7,1,0,23,0,61240
0,7,2,0,23,0,61243
0,7,3,0,23,0,61246
0,7,4,0,23,0,61249
0,7,5,0,23,0,61252
0,7,6,0,23,0,61255
0,7,7,0,23,0,61258
0,7,8,0,23,0,61261
0,7,9,0,23,0,61264
0,7,10,0,23,0,61267
0,7,11,0,23,0,61270
0,7,12,0,23,0,61273
0,7,13,0,23,0,61276
0,7,14,0,23,0,61279
0,7,15,0,23,0,61282
0,7,16,0,23,0,61285
0,7,17,0,23,0,61288
0,7,18,0,23,0,61291
0,7,19,0,23,0,61294
0,7,20,0,23,0,61297
0,7,21,0,23,0,61300
0,7,22,0,23,0,61303
0,7,0,1,23,0,61306
0,7,1,1,23,0,61309
0,7,2,1,23,0,61312
0,7,3,1,23,0,61315
0,7,4,1,23,0,61318
0,7,5,1,23,0,61321
0,7,6,1,23,0,61324
0,7,7,1,23,0,61327
0,7,8,1,23,0,61330
0,7,9,1,23,0,61333
0,7,10,1,23,0,61336
0,7,11,1,23,0,61339
0,7,12,1,23,0,61342
0,7,13,1,23,0,61345
0,7,14,1,23,0,61348
0,7,15,1,23,0,61351
0,7,16,1,23,0,61354
0,7,17,1,23,0,61357
0,7,18,1,23,0,61360
0,7,19,1,23,0,61363
0,7,20,1,23,0,61366
0,7,21,1,23,0,61369
0,7,22,1,23,0,61372
0,7,0,2,23,0,61375
0,7,1,2,23,0,61378
0,7,2,2,23,0,61381
0,7,3,2,23,0,61384
0,7,4,2,23,0,61387
0,7,5,2,23,0,61390
0,7,6,2,23,0,61393
0,7,7,2,23,0,61396
0,7,8,2,23,0,61399
0,7,9,2,23,0,61402
0,7,10,2,23,0,61405
0,7,11,2,23,0,61408
0,7,12,2,23,0,61411
0,7,13,2,23,0,61414
0,7,14,2,23,0,61417
0,7,15,2,23,0,61420
0,7,16,2,23,0,61423
0,7,17,2,23,0,61426
0,7,18,2,23,0,61429
0,7,19,2,23,0,61432
0,7,20,2,23,0,61435
0,7,21,2,23,0,61438
0,7,22,2,23,0,61441
0,7,0,3,23,0,61444
0,7,1,3,23,0,61447
0,7,2,3,23,0,61450
0,7,3,3,23,0,61453
0,7,4,3,23,0,61456
0,7,5,3,23,0,61459
0,7,6,3,23,0,61462
0,7,7,3,23,0,61465
0,7,8,3,23,0,61468
0,7,9,3,23,0,61471
0,7,10,3,23,0,61474
0,7,11,3,23,0,61477
0,7,12,3,23,0,61480
0,7,13,3,23,0,61483
0,7,14,3,23,0,61486
0,7,15,3,23,0,61489
0,7,16,3,23,0,61492
0,7,17,3,23,0,61495
0,7,18,3,23,0,61498
0,7,19,3,23,0,61501
0,7,20,3,23,0,61504
0,7,21,3,23,0,61507
0,7,22,3,23,0,61510
0,7,0,4,23,0,61513
0,7,1,4,23,0,61516
0,7,2,4,23,0,61519
0,7,3,4,23,0,61522
0,7,4,4,23,0,61525
0,7,5,4,23,0,61528
0,7,6,4,23,0,61531
0,7,7,4,23,0,61534
0,7,8,4,23,0,61537
0,7,9,4,23,0,61540
0,7,10,4,23,0,61543
0,7,11,4,23,0,61546
0,7,12,4,23,0,61549
0,7,13,4,23,0,61552
0,7,14,4,23,0,61555
0,7,15,4,23,0,61558
0,7,16,4,23,0,61561
0,7,17,4,23,0,61564
0,7,18,4,23,0,61567
0,7,19,4,23,0,61570
0,7,20,4,23,0,61573
0,7,21,4,23,0,61576
0,7,22,4,23,0,61579
0,7,0,5,23,0,61582
0,7,1,5,23,0,61585
0,7,2,5,23,0,61588
0,7,3,5,23,0,61591
0,7,4,5,23,0,61594
0,7,5,5,23,0,61597
0,7,6,5,23,0,61600
0,7,7,5,23,0,61603
0,7,8,5,23,0,61606
0,7,9,5,23,0,61609
0,7,10,5,23,0,61612
0,7,11,5,23,0,61615
0,7,12,5,23,0,61618
0,7,13,5,23,0,61621
0,7,14,5,23,0,61624
0,7,15,5,23,0,61627
0,7,16,5,23,0,61630
0,7,17,5,23,0,61633
0,7,18,5,23,0,61636
0,7,19,5,23,0,61639
0,7,20,5,23,0,61642
0,7,21,5,23,0,61645
0,7,22,5,23,0,61648
0,7,0,6,23,0,61651
0,7,1,6,23,0,61654
0,7,2,6,23,0,61657
0,7,3,6,23,0,61660
0,7,4,6,23,0,61663
0,7,5,6,23,0,61666
0,7,6,6,23,0,61669
0,7,7,6,23,0,61672
0,7,8,6,23,0,61675
0,7,9,6,23,0,61678
0,7,10,6,23,0,61681
0,7,11,6,23,0,61684
0,7,12,6,23,0,61687
0,7,13,6,23,0,61690
0,7,14,6,23,0,61693
0,7,15,6,23,0,61696
0,7,16,6,23,0,61699
0,7,17,6,23,0,61702
0,7,18,6,23,0,61705
0,7,19,6,23,0,61708
0,7,20,6,23,0,61711
0,7,21,6,23,0,61714
0,7,22,6,23,0,61717
0,7,23,6,23,0,61720
0,7,1,7,23,0,61723
0,7,2,7,23,0,61726
0,7,3,7,23,0,61729
0,7,4,7,23,0,61732
0,7,5,7,23,0,61735
0,7,6,7,23,0,61738
0,7,7,7,23,0,61741
0,7,8,7,23,0,61744
0,7,9,7,23,0,61747
0,7,10,7,23,0,61750
0,7,11,7,23,0,61753
0,7,12,7,23,0,61756
0,7,13,7,23,0,61759
0,7,14,7,23,0,61762
0,7,15,7,23,0,61765
0,7,16,7,23,0,61768
0,7,17,7,23,0,61771
0,7,18,7,23,0,61774
0,7,19,7,23,0,61777
0,7,20,7,23,0,61780
0,7,21,7,23,0,61783
0,7,22,7,23,0,61786
0,7,23,7,23,0,61789
0,7,1,8,23,0,61792
0,7,2,8,23,0,61795
0,7,3,8,23,0,61798
0,7,4,8,23,0,61801
0,7,5,8,23,0,61804
0,7,6,8,23,0,61807
0,7,7,8,23,0,61810
0,7,8,8,23,0,61813
0,7,9,8,23,0,61816
0,7,10,8,23,0,61819
0,7,11,8,23,0,61822
0,7,12,8,23,0,61825
0,7,13,8,23,0,61828
0,7,14,8,23,0,61831
0,7,15,8,23,0,61834
0,7,16,8,23,0,61837
0,7,17,8,23,0,61840
0,7,18,8,23,0,61843
0,7,19,8,23,0,61846
0,7,20,8,23,0,61849
0,7,21,8,23,0,61852
0,7,22,8,23,0,61855
0,7,23,8,23,0,61858
0,7,1,9,23,0,61861
0,7,2,9,23,0,61864
0,7,3,9,23,0,61867
0,7,4,9,23,0,61870
0,7,5,9,23,0,61873
0,7,6,9,23,0,61876
0,7,7,9,23,0,61879
0,7,8,9,23,0,61882
0,7,9,9,23,0,61885
0,7,10,9,23,0,61888
0,7,11,9,23,0,61891
0,7,12,9,23,0,61894
0,7,13,9,23,0,61897
0,7,14,9,23,0,61900
0,7,15,9,23,0,61903
0,7,16,9,23,0,61906
0,7,17,9,23,0,61909
0,7,18,9,23,0,61912
0,7,19,9,23,0,61915
0,7,20,9,23,0,61918
0,7,21,9,23,0,61921
0,7,22,9,23,0,61924
0,7,23,9,23,0,61927
0,7,1,10,23,0,61930
0,7,2,10,23,0,61933
0,7,3,10,23,0,61936
0,7,4,10,23,0,61939
0,7,5,10,23,0,61942
0,7,6,10,23,0,61945
0,7,7,10,23,0,61948
0,7,8,10,23,0,61951
0,7,9,10,23,0,61954
0,7,10,10,23,0,61957
0,7,11,10,23,0,61960
0,7,12,10,23,0,61963
0,7,13,10,23,0,61966
0,7,14,10,23,0,61969
0,7,15,10,23,0,61972
0,7,16,10,23,0,61975
0,7,17,10,23,0,61978
0,7,18,10,23,0,61981
0,7,19,10,23,0,61984
0,7,20,10,23,0,61987
0,7,21,10,23,0,61990
0,7,22,10,23,0,61993
0,7,23,10,23,0,61996
0,7,1,11,23,0,61999
0,7,2,11,23,0,62002
0,7,3,11,23,0,62005
0,7,4,11,23,0,62008
0,7,5,11,23,0,62011
0,7,6,11,23,0,62014
0,7,7,11,23,0,62017
0,7,8,11,23,0,62020
0,7,9,11,23,0,62023
0,7,10,11,23,0,62026
0,7,11,11,23,0,62029
0,7,12,11,23,0,62032
0,7,13,11,23,0,62035
0,7,14,11,23,0,62038
0,7,15,11,23,0,62041
0,7,16,11,23,0,62044
0,7,17,11,23,0,62047
0,7,18,11,23,0,62050
0,7,19,11,23,0,62053
0,7,20,11,23,0,62056
0,7,21,11,23,0,62059
0,7,22,11,23,0,62062
0,7,23,11,23,0,62065
0,7,1,12,23,0,62068
0,7,2,12,23,0,62071
0,7,3,12,23,0,62074
0,7,4,12,23,0,62077
0,7,5,12,23,0,62080
0,7,6,12,23,0,62083
0,7,7,12,23,0,62086
0,7,8,12,23,0,62089
0,7,9,12,23,0,62092
0,7,10,12,23,0,62095
0,7,11,12,23,0,62098
0,7,12,12,23,0,62101
0,7,13,12,23,0,62104
0,7,14,12,23,0,62107
0,7,15,12,23,0,62110
0,7,16,12,23,0,62113
0,7,17,12,23,0,62116
0,7,18,12,23,0,62119
0,7,19,12,23,0,62122
0,7,20,12,23,0,62125
0,7,21,12,23,0,62128
0,7,22,12,23,0,62131
0,7,23,12,23,0,62134
0,7,0,13,23,0,62137
0,7,1,13,23,0,62140
0,7,2,13,23,0,62143
0,7,3,13,23,0,62146
0,7,4,13,23,0,62149
0,7,5,13,23,0,62152
0,7,6,13,23,0,62155
0,7,7,13,23,0,62158
0,7,8,13,23,0,62161
0,7,9,13,23,0,62164
0,7,10,13,23,0,62167
0,7,11,13,23,0,62170
0,7,12,13,23,0,62173
0,7,13,13,23,0,62176
0,7,14,13,23,0,62179
0,7,15,13,23,0,62182
0,7,16,13,23,0,62185
0,7,17,13,23,0,62188
0,7,18,13,23,0,62191
0,7,19,13,23,0,62194
0,7,20,13,23,0,62197
0,7,21,13,23,0,62200
0,7,22,13,23,0,62203
0,7,23,13,23,0,62206
0,7,0,0,23,1,62209
0,7,1,0,23,1,62212
0,7,2,0,23,1,62215
0,7,3,0,23,1,62218
0,7,4,0,23,1,62221
0,7,5,0,23,1,62224
0,7,6,0,23,1,62227
0,7,7,0,23,1,62230
0,7,8,0,23,1,62233
0,7,9,0,23,1,62236
0,7,10,0,23,1,62239
0,7,11,0,23,1,62242
0,7,12,0,23,1,62245
0,7,13,0,23,1,62248
0,7,14,0,23,1,62251
0,7,15,0,23,1,62254
0,7,16,0,23,1,62257
0,7,17,0,23,1,62260
0,7,18,0,23,1,62263
0,7,19,0,23,1,62266
0,7,20,0,23,1,62269
0,7,21,0,23,1,62272
0,7,22,0,23,1,62275
0,7,23,0,23,1,62278
0,7,0,1,23,1,62281
0,7,1,1,23,1,62284
0,7,2,1,23,1,62287
0,7,3,1,23,1,62290
0,7,4,1,23,1,62293
0,7,5,1,23,1,62296
0,7,6,1,23,1,62299
0,7,7,1,23,1,62302
0,7,8,1,23,1,62305
0,7,9,1,23,1,62308
0,7,10,1,23,1,62311
0,7,11,1,23,1,62314
0,7,12,1,23,1,62317
0,7,13,1,23,1,62320
0,7,14,1,23,1,62323
0,7,15,1,23,1,62326
0,7,16,1,23,1,62329
0,7,17,1,23,1,62332
0,7,18,1,23,1,62335
0,7,19,1,23,1,62338
0,7,20,1,23,1,62341
0,7,21,1,23,1,62344
0,7,22,1,23,1,62347
0,7,0,2,23,1,62350
0,7,1,2,23,1,62353
0,7,2,2,23,1,62356
0,7,3,2,23,1,62359
0,7,4,2,23,1,62362
0,7,5,2,23,1,62365
0,7,6,2,23,1,62368
0,7,7,2,23,1,62371
0,7,8,2,23,1,62374
0,7,9,2,23,1,62377
0,7,10,2,23,1,62380
0,7,11,2,23,1,62383
0,7,12,2,23,1,62386
0,7,13,2,23,1,62389
0,7,14,2,23,1,62392
0,7,15,2,23,1,62395
0,7,16,2,23,1,62398
0,7,17,2,23,1,62401
0,7,18,2,23,1,62404
0,7,19,2,23,1,62407
0,7,20,2,23,1,62410
0,7,21,2,23,1,62413
0,7,22,2,23,1,62416
0,7,0,3,23,1,62419
0,7,1,3,23,1,62422
0,7,2,3,23,1,62425
0,7,3,3,23,1,62428
0,7,4,3,23,1,62431
0,7,5,3,23,1,62434
0,7,6,3,23,1,62437
0,7,7,3,23,1,62440
0,7,8,3,23,1,62443
0,7,9,3,23,1,62446
0,7,10,3,23,1,62449
0,7,11,3,23,1,62452
0,7,12,3,23,1,62455
0,7,13,3,23,1,62458
0,7,14,3,23,1,62461
0,7,15,3,23,1,62464
0,7,16,3,23,1,62467
0,7,17,3,23,1,62470
0,7,18,3,23,1,62473
0,7,19,3,23,1,62476
0,7,20,3,23,1,62479
0,7,21,3,23,1,62482
0,7,22,3,23,1,62485
0,7,0,4,23,1,62488
0,7,1,4,23,1,62491
0,7,2,4,23,1,62494
0,7,3,4,23,1,62497
0,7,4,4,23,1,62500
0,7,5,4,23,1,62503
0,7,6,4,23,1,62506
0,7,7,4,23,1,62509
0,7,8,4,23,1,62512
0,7,9,4,23,1,62515
0,7,10,4,23,1,62518
0,7,11,4,23,1,62521
0,7,12,4,23,1,62524
0,7,13,4,23,1,62527
0,7,14,4,23,1,62530
0,7,15,4,23,1,62533
0,7,16,4,23,1,62536
0,7,17,4,23,1,62539
0,7,18,4,23,1,62542
0,7,19,4,23,1,62545
0,7,20,4,23,1,62548
0,7,21,4,23,1,62551
0,7,22,4,23,1,62554
0,7,0,5,23,1,62557
0,7,1,5,23,1,62560
0,7,2,5,23,1,62563
0,7,3,5,23,1,62566
0,7,4,5,23,1,62569
0,7,5,5,23,1,62572
0,7,6,5,23,1,62575
0,7,7,5,23,1,62578
0,7,8,5,23,1,62581
0,7,9,5,23,1,62584
0,7,10,5,23,1,62587
0,7,11,5,23,1,62590
0,7,12,5,23,1,62593
0,7,13,5,23,1,62596
0,7,14,5,23,1,62599
0,7,15,5,23,1,62602
0,7,16,5,23,1,62605
0,7,17,5,23,1,62608
0,7,18,5,23,1,62611
0,7,19,5,23,1,62614
0,7,20,5,23,1,62617
0,7,21,5,23,1,62620
0,7,22,5,23,1,62623
0,7,0,6,23,1,62626
0,7,1,6,23,1,62629
0,7,2,6,23,1,62632
0,7,3,6,23,1,62635
0,7,4,6,23,1,62638
0,7,5,6,23,1,62641
0,7,6,6,23,1,62644
0,7,7,6,23,1,62647
0,7,8,6,23,1,62650
0,7,9,6,23,1,62653
0,7,10,6,23,1,62656
0,7,11,6,23,1,62659
0,7,12,6,23,1,62662
0,7,13,6,23,1,62665
0,7,14,6,23,1,62668
0,7,15,6,23,1,62671
0,7,16,6,23,1,62674
0,7,17,6,23,1,62677
0,7,18,6,23,1,62680
0,7,19,6,23,1,62683
0,7,20,6,23,1,62686
0,7,21,6,23,1,62689
0,7,22,6,23,1,62692
0,7,1,7,23,1,62695
0,7,2,7,23,1,62698
0,7,3,7,23,1,62701
0,7,4,7,23,1,62704
0,7,5,7,23,1,62707
0,7,6,7,23,1,62710
0,7,7,7,23,1,62713
0,7,8,7,23,1,62716
0,7,9,7,23,1,62719
0,7,10,7,23,1,62722
0,7,11,7,23,1,62725
0,7,12,7,23,1,62728
0,7,13,7,23,1,62731
0,7,14,7,23,1,62734
0,7,15,7,23,1,62737
0,7,16,7,23,1,62740
0,7,17,7,23,1,62743
0,7,18,7,23,1,62746
0,7,19,7,23,1,62749
0,7,20,7,23,1,62752
0,7,21,7,23,1,62755
0,7,22,7,23,1,62758
0,7,23,7,23,1,62761
0,7,1,8,23,1,62764
0,7,2,8,23,1,62767
0,7,3,8,23,1,62770
0,7,4,8,23,1,62773
0,7,5,8,23,1,62776
0,7,6,8,23,1,62779
0,7,7,8,23,1,62782
0,7,8,8,23,1,62785
0,7,9,8,23,1,62788
0,7,10,8,23,1,62791
0,7,11,8,23,1,62794
0,7,12,8,23,1,62797
0,7,13,8,23,1,62800
0,7,14,8,23,1,62803
0,7,15,8,23,1,62806
0,7,16,8,23,1,62809
0,7,17,8,23,1,62812
0,7,18,8,23,1,62815
0,7,19,8,23,1,62818
0,7,20,8,23,1,62821
0,7,21,8,23,1,62824
0,7,22,8,23,1,62827
0,7,23,8,23,1,62830
0,7,1,9,23,1,62833
0,7,2,9,23,1,62836
0,7,3,9,23,1,62839
0,7,4,9,23,1,62842
0,7,5,9,23,1,62845
0,7,6,9,23,1,62848
0,7,7,9,23,1,62851
0,7,8,9,23,1,62854
0,7,9,9,23,1,62857
0,7,10,9,23,1,62860
0,7,11,9,23,1,62863
0,7,12,9,23,1,62866
0,7,13,9,23,1,62869
0,7,14,9,23,1,62872
0,7,15,9,23,1,62875
0,7,16,9,23,1,62878
0,7,17,9,23,1,62881
0,7,18,9,23,1,62884
0,7,19,9,23,1,62887
0,7,20,9,23,1,62890
0,7,21,9,23,1,62893
0,7,22,9,23,1,62896
0,7,23,9,23,1,62899
0,7,1,10,23,1,62902
0,7,2,10,23,1,62905
0,7,3,10,23,1,62908
0,7,4,10,23,1,62911
0,7,5,10,23,1,62914
0,7,6,10,23,1,62917
0,7,7,10,23,1,62920
0,7,8,10,23,1,62923
0,7,9,10,23,1,62926
0,7,10,10,23,1,62929
0,7,11,10,23,1,62932
0,7,12,10,23,1,62935
0,7,13,10,23,1,62938
0,7,14,10,23,1,62941
0,7,15,10,23,1,62944
0,7,16,10,23,1,62947
0,7,17,10,23,1,62950
0,7,18,10,23,1,62953
0,7,19,10,23,1,62956
0,7,20,10,23,1,62959
0,7,21,10,23,1,62962
0,7,22,10,23,1,62965
0,7,23,10,23,1,62968
0,7,1,11,23,1,62971
0,7,2,11,23,1,62974
0,7,3,11,23,1,62977
0,7,4,11,23,1,62980
0,7,5,11,23,1,62983
0,7,6,11,23,1,62986
0,7,7,11,23,1,62989
0,7,8,11,23,1,62992
0,7,9,11,23,1,62995
0,7,10,11,23,1,62998
0,7,11,11,23,1,63001
0,7,12,11,23,1,63004
0,7,13,11,23,1,63007
0,7,14,11,23,1,63010
0,7,15,11,23,1,63013
0,7,16,11,23,1,63016
0,7,17,11,23,1,63019
0,7,18,11,23,1,63022
0,7,19,11,23,1,63025
0,7,20,11,23,1,63028
0,7,21,11,23,1,63031
0,7,22,11,23,1,63034
0,7,23,11,23,1,63037
0,7,1,12,23,1,63040
0,7,2,12,23,1,63043
0,7,3,12,23,1,63046
0,7,4,12,23,1,63049
0,7,5,12,23,1,63052
0,7,6,12,23,1,63055
0,7,7,12,23,1,63058
0,7,8,12,23,1,63061
0,7,9,12,23,1,63064
0,7,10,12,23,1,63067
0,7,11,12,23,1,63070
0,7,12,12,23,1,63073
0,7,13,12,23,1,63076
0,7,14,12,23,1,63079
0,7,15,12,23,1,63082
0,7,16,12,23,1,63085
0,7,17,12,23,1,63088
0,7,18,12,23,1,63091
0,7,19,12,23,1,63094
0,7,20,12,23,1,63097
0,7,21,12,23,1,63100
0,7,22,12,23,1,63103
0,7,23,12,23,1,63106
0,7,0,13,23,1,63109
0,7,1,13,23,1,63112
0,7,2,13,23,1,63115
0,7,3,13,23,1,63118
0,7,4,13,23,1,63121
0,7,5,13,23,1,63124
0,7,6,13,23,1,63127
0,7,7,13,23,1,63130
0,7,8,13,23,1,63133
0,7,9,13,23,1,63136
0,7,10,13,23,1,63139
0,7,11,13,23,1,63142
0,7,12,13,23,1,63145
0,7,13,13,23,1,63148
0,7,14,13,23,1,63151
0,7,15,13,23,1,63154
0,7,16,13,23,1,63157
0,7,17,13,23,1,63160
0,7,18,13,23,1,63163
0,7,19,13,23,1,63166
0,7,20,13,23,1,63169
0,7,21,13,23,1,63172
0,7,22,13,23,1,63175
0,7,23,13,23,1,63178
0,7,0,0,23,2,63181
0,7,1,0,23,2,63184
0,7,2,0,23,2,63187
0,7,3,0,23,2,63190
0,7,4,0,23,2,63193
0,7,5,0,23,2,63196
0,7,6,0,23,2,63199
0,7,7,0,23,2,63202
0,7,8,0,23,2,63205
0,7,9,0,23,2,63208
0,7,10,0,23,2,63211
0,7,11,0,23,2,63214
0,7,12,0,23,2,63217
0,7,13,0,23,2,63220
0,7,14,0,23,2,63223
0,7,15,0,23,2,63226
0,7,16,0,23,2,63229
0,7,17,0,23,2,63232
0,7,18,0,23,2,63235
0,7,19,0,23,2,63238
0,7,20,0,23,2,63241
0,7,21,0,23,2,63244
0,7,22,0,23,2,63247
0,7,23,0,23,2,63250
0,7,0,1,23,2,63253
0,7,1,1,23,2,63256
0,7,2,1,23,2,63259
0,7,3,1,23,2,63262
0,7,4,1,23,2,63265
0,7,5,1,23,2,63268
0,7,6,1,23,2,63271
0,7,7,1,23,2,63274
0,7,8,1,23,2,63277
0,7,9,1,23,2,63280
0,7,10,1,23,2,63283
0,7,11,1,23,2,63286
0,7,12,1,23,2,63289
0,7,13,1,23,2,63292
0,7,14,1,23,2,63295
0,7,15,1,23,2,63298
0,7,16,1,23,2,63301
0,7,17,1,23,2,63304
0,7,18,1,23,2,63307
0,7,19,1,23,2,63310
0,7,20,1,23,2,63313
0,7,21,1,23,2,63316
0,7,22,1,23,2,63319
0,7,23,1,23,2,63322
0,7,0,2,23,2,63325
0,7,1,2,23,2,63328
0,7,2,2,23,2,63331
0,7,3,2,23,2,63334
0,7,4,2,23,2,63337
0,7,5,2,23,2,63340
0,7,6,2,23,2,63343
0,7,7,2,23,2,63346
0,7,8,2,23,2,63349
0,7,9,2,23,2,63352
0,7,10,2,23,2,63355
0,7,11,2,23,2,63358
0,7,12,2,23,2,63361
0,7,13,2,23,2,63364
0,7,14,2,23,2,63367
0,7,15,2,23,2,63370
0,7,16,2,23,2,63373
0,7,17,2,23,2,63376
0,7,18,2,23,2,63379
0,7,19,2,23,2,63382
0,7,20,2,23,2,63385
0,7,21,2,23,2,63388
0,7,22,2,23,2,63391
0,7,0,3,23,2,63394
0,7,1,3,23,2,63397
0,7,2,3,23,2,63400
0,7,3,3,23,2,63403
0,7,4,3,23,2,63406
0,7,5,3,23,2,63409
0,7,6,3,23,2,63412
0,7,7,3,23,2,63415
0,7,8,3,23,2,63418
0,7,9,3,23,2,63421
0,7,10,3,23,2,63424
0,7,11,3,23,2,63427
0,7,12,3,23,2,63430
0,7,13,3,23,2,63433
0,7,14,3,23,2,63436
0,7,15,3,23,2,63439
0,7,16,3,23,2,63442
0,7,17,3,23,2,63445
0,7,18,3,23,2,63448
0,7,19,3,23,2,63451
0,7,20,3,23,2,63454
0,7,21,3,23,2,63457
0,7,22,3,23,2,63460
0,7,0,4,23,2,63463
0,7,1,4,23,2,63466
0,7,2,4,23,2,63469
0,7,3,4,23,2,63472
0,7,4,4,23,2,63475
0,7,5,4,23,2,63478
0,7,6,4,23,2,63481
0,7,7,4,23,2,63484
0,7,8,4,23,2,63487
0,7,9,4,23,2,63490
0,7,10,4,23,2,63493
0,7,11,4,23,2,63496
0,7,12,4,23,2,63499
0,7,13,4,23,2,63502
0,7,14,4,23,2,63505
0,7,15,4,23,2,63508
0,7,16,4,23,2,63511
0,7,17,4,23,2,63514
0,7,18,4,23,2,63517
0,7,19,4,23,2,63520
0,7,20,4,23,2,63523
0,7,21,4,23,2,63526
0,7,22,4,23,2,63529
0,7,0,5,23,2,63532
0,7,1,5,23,2,63535
0,7,2,5,23,2,63538
0,7,3,5,23,2,63541
0,7,4,5,23,2,63544
0,7,5,5,23,2,63547
0,7,6,5,23,2,63550
0,7,7,5,23,2,63553
0,7,8,5,23,2,63556
0,7,9,5,23,2,63559
0,7,10,5,23,2,63562
0,7,11,5,23,2,63565
0,7,12,5,23,2,63568
0,7,13,5,23,2,63571
0,7,14,5,23,2,63574
0,7,15,5,23,2,63577
0,7,16,5,23,2,63580
0,7,17,5,23,2,63583
0,7,18,5,23,2,63586
0,7,19,5,23,2,63589
0,7,20,5,23,2,63592
0,7,21,5,23,2,63595
0,7,22,5,23,2,63598
0,7,0,6,23,2,63601
0,7,1,6,23,2,63604
0,7,2,6,23,2,63607
0,7,3,6,23,2,63610
0,7,4,6,23,2,63613
0,7,5,6,23,2,63616
0,7,6,6,23,2,63619
0,7,7,6,23,2,63622
0,7,8,6,23,2,63625
0,7,9,6,23,2,63628
0,7,10,6,23,2,63631
0,7,11,6,23,2,63634
0,7,12,6,23,2,63637
0,7,13,6,23,2,63640
0,7,14,6,23,2,63643
0,7,15,6,23,2,63646
0,7,16,6,23,2,63649
0,7,17,6,23,2,63652
0,7,18,6,23,2,63655
0,7,19,6,23,2,63658
0,7,20,6,23,2,63661
0,7,21,6,23,2,63664
0,7,22,6,23,2,63667
0,7,1,7,23,2,63670
0,7,2,7,23,2,63673
0,7,3,7,23,2,63676
0,7,4,7,23,2,63679
0,7,5,7,23,2,63682
0,7,6,7,23,2,63685
0,7,7,7,23,2,63688
0,7,8,7,23,2,63691
0,7,9,7,23,2,63694
0,7,10,7,23,2,63697
0,7,11,7,23,2,63700
0,7,12,7,23,2,63703
0,7,13,7,23,2,63706
0,7,14,7,23,2,63709
0,7,15,7,23,2,63712
0,7,16,7,23,2,63715
0,7,17,7,23,2,63718
0,7,18,7,23,2,63721
0,7,19,7,23,2,63724
0,7,20,7,23,2,63727
0,7,21,7,23,2,63730
0,7,22,7,23,2,63733
0,7,1,8,23,2,63736
0,7,2,8,23,2,63739
0,7,3,8,23,2,63742
0,7,4,8,23,2,63745
0,7,5,8,23,2,63748
0,7,6,8,23,2,63751
0,7,7,8,23,2,63754
0,7,8,8,23,2,63757
0,7,9,8,23,2,63760
0,7,10,8,23,2,63763
0,7,11,8,23,2,63766
0,7,12,8,23,2,63769
0,7,13,8,23,2,63772
0,7,14,8,23,2,63775
0,7,15,8,23,2,63778
0,7,16,8,23,2,63781
0,7,17,8,23,2,63784
0,7,18,8,23,2,63787
0,7,19,8,23,2,63790
0,7,20,8,23,2,63793
0,7,21,8,23,2,63796
0,7,22,8,23,2,63799
0,7,23,8,23,2,63802
0,7,1,9,23,2,63805
0,7,2,9,23,2,63808
0,7,3,9,23,2,63811
0,7,4,9,23,2,63814
0,7,5,9,23,2,63817
0,7,6,9,23,2,63820
0,7,7,9,23,2,63823
0,7,8,9,23,2,63826
0,7,9,9,23,2,63829
0,7,10,9,23,2,63832
0,7,11,9,23,2,63835
0,7,12,9,23,2,63838
0,7,13,9,23,2,63841
0,7,14,9,23,2,63844
0,7,15,9,23,2,63847
0,7,16,9,23,2,63850
0,7,17,9,23,2,63853
0,7,18,9,23,2,63856
0,7,19,9,23,2,63859
0,7,20,9,23,2,63862
0,7,21,9,23,2,63865
0,7,22,9,23,2,63868
0,7,23,9,23,2,63871
0,7,1,10,23,2,63874
0,7,2,10,23,2,63877
0,7,3,10,23,2,63880
0,7,4,10,23,2,63883
0,7,5,10,23,2,63886
0,7,6,10,23,2,63889
0,7,7,10,23,2,63892
0,7,8,10,23,2,63895
0,7,9,10,23,2,63898
0,7,10,10,23,2,63901
0,7,11,10,23,2,63904
0,7,12,10,23,2,63907
0,7,13,10,23,2,63910
0,7,14,10,23,2,63913
0,7,15,10,23,2,63916
0,7,16,10,23,2,63919
0,7,17,10,23,2,63922
0,7,18,10,23,2,63925
0,7,19,10,23,2,63928
0,7,20,10,23,2,63931
0,7,21,10,23,2,63934
0,7,22,10,23,2,63937
0,7,23,10,23,2,63940
0,7,1,11,23,2,63943
0,7,2,11,23,2,63946
0,7,3,11,23,2,63949
0,7,4,11,23,2,63952
0,7,5,11,23,2,63955
0,7,6,11,23,2,63958
0,7,7,11,23,2,63961
0,7,8,11,23,2,63964
0,7,9,11,23,2,63967
0,7,10,11,23,2,63970
0,7,11,11,23,2,63973
0,7,12,11,23,2,63976
0,7,13,11,23,2,63979
0,7,14,11,23,2,63982
0,7,15,11,23,2,63985
0,7,16,11,23,2,63988
0,7,17,11,23,2,63991
0,7,18,11,23,2,63994
0,7,19,11,23,2,63997
0,7,20,11,23,2,64000
0,7,21,11,23,2,64003
0,7,22,11,23,2,64006
0,7,23,11,23,2,64009
0,7,1,12,23,2,64012
0,7,2,12,23,2,64015
0,7,3,12,23,2,64018
0,7,4,12,23,2,64021
0,7,5,12,23,2,64024
0,7,6,12,23,2,64027
0,7,7,12,23,2,64030
0,7,8,12,23,2,64033
0,7,9,12,23,2,64036
0,7,10,12,23,2,64039
0,7,11,12,23,2,64042
0,7,12,12,23,2,64045
0,7,13,12,23,2,64048
0,7,14,12,23,2,64051
0,7,15,12,23,2,64054
0,7,16,12,23,2,64057
0,7,17,12,23,2,64060
0,7,18,12,23,2,64063
0,7,19,12,23,2,64066
0,7,20,12,23,2,64069
0,7,21,12,23,2,64072
0,7,22,12,23,2,64075
0,7,23,12,23,2,64078
0,7,0,13,23,2,64081
0,7,1,13,23,2,64084
0,7,2,13,23,2,64087
0,7,3,13,23,2,64090
0,7,4,13,23,2,64093
0,7,5,13,23,2,64096
0,7,6,13,23,2,64099
0,7,7,13,23,2,64102
0,7,8,13,23,2,64105
0,7,9,13,23,2,64108
0,7,10,13,23,2,64111
0,7,11,13,23,2,64114
0,7,12,13,23,2,64117
0,7,13,13,23,2,64120
0,7,14,13,23,2,64123
0,7,15,13,23,2,64126
0,7,16,13,23,2,64129
0,7,17,13,23,2,64132
0,7,18,13,23,2,64135
0,7,19,13,23,2,64138
0,7,20,13,23,2,64141
0,7,21,13,23,2,64144
0,7,22,13,23,2,64147
0,7,23,13,23,2,64150
0,7,0,0,23,3,64153
0,7,1,0,23,3,64156
0,7,2,0,23,3,64159
0,7,3,0,23,3,64162
0,7,4,0,23,3,64165
0,7,5,0,23,3,64168
0,7,6,0,23,3,64171
0,7,7,0,23,3,64174
0,7,8,0,23,3,64177
0,7,9,0,23,3,64180
0,7,10,0,23,3,64183
0,7,11,0,23,3,64186
0,7,12,0,23,3,64189
0,7,13,0,23,3,64192
0,7,14,0,23,3,64195
0,7,15,0,23,3,64198
0,7,16,0,23,3,64201
0,7,17,0,23,3,64204
0,7,18,0,23,3,64207
0,7,19,0,23,3,64210
0,7,20,0,23,3,64213
0,7,21,0,23,3,64216
0,7,22,0,23,3,64219
0,7,23,0,23,3,64222
0,7,0,1,23,3,64225
0,7,1,1,23,3,64228
0,7,2,1,23,3,64231
0,7,3,1,23,3,64234
0,7,4,1,23,3,64237
0,7,5,1,23,3,64240
0,7,6,1,23,3,64243
0,7,7,1,23,3,64246
0,7,8,1,23,3,64249
0,7,9,1,23,3,64252
0,7,10,1,23,3,64255
0,7,11,1,23,3,64258
0,7,12,1,23,3,64261
0,7,13,1,23,3,64264
0,7,14,1,23,3,64267
0,7,15,1,23,3,64270
0,7,16,1,23,3,64273
0,7,17,1,23,3,64276
0,7,18,1,23,3,64279
0,7,19,1,23,3,64282
0,7,20,1,23,3,64285
0,7,21,1,23,3,64288
0,7,22,1,23,3,64291
0,7,23,1,23,3,64294
0,7,0,2,23,3,64297
0,7,1,2,23,3,64300
0,7,2,2,23,3,64303
0,7,3,2,23,3,64306
0,7,4,2,23,3,64309
0,7,5,2,23,3,64312
0,7,6,2,23,3,64315
0,7,7,2,23,3,64318
0,7,8,2,23,3,64321
0,7,9,2,23,3,64324
0,7,10,2,23,3,64327
0,7,11,2,23,3,64330
0,7,12,2,23,3,64333
0,7,13,2,23,3,64336
0,7,14,2,23,3,64339
0,7,15,2,23,3,64342
0,7,16,2,23,3,64345
0,7,17,2,23,3,64348
0,7,18,2,23,3,64351
0,7,19,2,23,3,64354
0,7,20,2,23,3,64357
0,7,21,2,23,3,64360
0,7,22,2,23,3,64363
0,7,23,2,23,3,64366
0,7,0,3,23,3,64369
0,7,1,3,23,3,64372
0,7,2,3,23,3,64375
0,7,3,3,23,3,64378
0,7,4,3,23,3,64381
0,7,5,3,23,3,64384
0,7,6,3,23,3,64387
0,7,7,3,23,3,64390
0,7,8,3,23,3,64393
0,7,9,3,23,3,64396
0,7,10,3,23,3,64399
0,7,11,3,23,3,64402
0,7,12,3,23,3,64405
0,7,13,3,23,3,64408
0,7,14,3,23,3,64411
0,7,15,3,23,3,64414
0,7,16,3,23,3,64417
0,7,17,3,23,3,64420
0,7,18,3,23,3,64423
0,7,19,3,23,3,64426
0,7,20,3,23,3,64429
0,7,21,3,23,3,64432
0,7,22,3,23,3,64435
0,7,0,4,23,3,64438
0,7,1,4,23,3,64441
0,7,2,4,23,3,64444
0,7,3,4,23,3,64447
0,7,4,4,23,3,64450
0,7,5,4,23,3,64453
0,7,6,4,23,3,64456
0,7,7,4,23,3,64459
0,7,8,4,23,3,64462
0,7,9,4,23,3,64465
0,7,10,4,23,3,64468
0,7,11,4,23,3,64471
0,7,12,4,23,3,64474
0,7,13,4,23,3,64477
0,7,14,4,23,3,64480
0,7,15,4,23,3,64483
0,7,16,4,23,3,64486
0,7,17,4,23,3,64489
0,7,18,4,23,3,64492
0,7,19,4,23,3,64495
0,7,20,4,23,3,64498
0,7,21,4,23,3,64501
0,7,22,4,23,3,64504
0,7,0,5,23,3,64507
0,7,1,5,23,3,64510
0,7,2,5,23,3,64513
0,7,3,5,23,3,64516
0,7,4,5,23,3,64519
0,7,5,5,23,3,64522
0,7,6,5,23,3,64525
0,7,7,5,23,3,64528
0,7,8,5,23,3,64531
0,7,9,5,23,3,64534
0,7,10,5,23,3,64537
0,7,11,5,23,3,64540
0,7,12,5,23,3,64543
0,7,13,5,23,3,64546
0,7,14,5,23,3,64549
0,7,15,5,23,3,64552
0,7,16,5,23,3,64555
0,7,17,5,23,3,64558
0,7,18,5,23,3,64561
0,7,19,5,23,3,64564
0,7,20,5,23,3,64567
0,7,21,5,23,3,64570
0,7,22,5,23,3,64573
0,7,0,6,23,3,64576
0,7,1,6,23,3,64579
0,7,2,6,23,3,64582
0,7,3,6,23,3,64585
0,7,4,6,23,3,64588
0,7,5,6,23,3,64591
0,7,6,6,23,3,64594
0,7,7,6,23,3,64597
0,7,8,6,23,3,64600
0,7,9,6,23,3,64603
0,7,10,6,23,3,64606
0,7,11,6,23,3,64609
0,7,12,6,23,3,64612
0,7,13,6,23,3,64615
0,7,14,6,23,3,64618
0,7,15,6,23,3,64621
0,7,16,6,23,3,64624
0,7,17,6,23,3,64627
0,7,18,6,23,3,64630
0,7,19,6,23,3,64633
0,7,20,6,23,3,64636
0,7,21,6,23,3,64639
0,7,22,6,23,3,64642
0,7,1,7,23,3,64645
0,7,2,7,23,3,64648
0,7,3,7,23,3,64651
0,7,4,7,23,3,64654
0,7,5,7,23,3,64657
0,7,6,7,23,3,64660
0,7,7,7,23,3,64663
0,7,8,7,23,3,64666
0,7,9,7,23,3,64669
0,7,10,7,23,3,64672
0,7,11,7,23,3,64675
0,7,12,7,23,3,64678
0,7,13,7,23,3,64681
0,7,14,7,23,3,64684
0,7,15,7,23,3,64687
0,7,16,7,23,3,64690
0,7,17,7,23,3,64693
0,7,18,7,23,3,64696
0,7,19,7,23,3,64699
0,7,20,7,23,3,64702
0,7,21,7,23,3,64705
0,7,22,7,23,3,64708
0,7,1,8,23,3,64711
0,7,2,8,23,3,64714
0,7,3,8,23,3,64717
0,7,4,8,23,3,64720
0,7,5,8,23,3,64723
0,7,6,8,23,3,64726
0,7,7,8,23,3,64729
0,7,8,8,23,3,64732
0,7,9,8,23,3,64735
0,7,10,8,23,3,64738
0,7,11,8,23,3,64741
0,7,12,8,23,3,64744
0,7,13,8,23,3,64747
0,7,14,8,23,3,64750
0,7,15,8,23,3,64753
0,7,16,8,23,3,64756
0,7,17,8,23,3,64759
0,7,18,8,23,3,64762
0,7,19,8,23,3,64765
0,7,20,8,23,3,64768
0,7,21,8,23,3,64771
0,7,22,8,23,3,64774
0,7,1,9,23,3,64777
0,7,2,9,23,3,64780
0,7,3,9,23,3,64783
0,7,4,9,23,3,64786
0,7,5,9,23,3,64789
0,7,6,9,23,3,64792
0,7,7,9,23,3,64795
0,7,8,9,23,3,64798
0,7,9,9,23,3,64801
0,7,10,9,23,3,64804
0,7,11,9,23,3,64807
0,7,12,9,23,3,64810
0,7,13,9,23,3,64813
0,7,14,9,23,3,64816
0,7,15,9,23,3,64819
0,7,16,9,23,3,64822
0,7,17,9,23,3,64825
0,7,18,9,23,3,64828
0,7,19,9,23,3,64831
0,7,20,9,23,3,64834
0,7,21,9,23,3,64837
0,7,22,9,23,3,64840
0,7,23,9,23,3,64843
0,7,1,10,23,3,64846
0,7,2,10,23,3,64849
0,7,3,10,23,3,64852
0,7,4,10,23,3,64855
0,7,5,10,23,3,64858
0,7,6,10,23,3,64861
0,7,7,10,23,3,64864
0,7,8,10,23,3,64867
0,7,9,10,23,3,64870
0,7,10,10,23,3,64873
0,7,11,10,23,3,64876
0,7,12,10,23,3,64879
0,7,13,10,23,3,64882
0,7,14,10,23,3,64885
0,7,15,10,23,3,64888
0,7,16,10,23,3,64891
0,7,17,10,23,3,64894
0,7,18,10,23,3,64897
0,7,19,10,23,3,64900
0,7,20,10,23,3,64903
0,7,21,10,23,3,64906
0,7,22,10,23,3,64909
0,7,23,10,23,3,64912
0,7,1,11,23,3,64915
0,7,2,11,23,3,64918
0,7,3,11,23,3,64921
0,7,4,11,23,3,64924
0,7,5,11,23,3,64927
0,7,6,11,23,3,64930
0,7,7,11,23,3,64933
0,7,8,11,23,3,64936
0,7,9,11,23,3,64939
0,7,10,11,23,3,64942
0,7,11,11,23,3,64945
0,7,12,11,23,3,64948
0,7,13,11,23,3,64951
0,7,14,11,23,3,64954
0,7,15,11,23,3,64957
0,7,16,11,23,3,64960
0,7,17,11,23,3,64963
0,7,18,11,23,3,64966
0,7,19,11,23,3,64969
0,7,20,11,23,3,64972
0,7,21,11,23,3,64975
0,7,22,11,23,3,64978
0,7,23,11,23,3,64981
0,7,1,12,23,3,64984
0,7,2,12,23,3,64987
0,7,3,12,23,3,64990
0,7,4,12,23,3,64993
0,7,5,12,23,3,64996
0,7,6,12,23,3,64999
0,7,7,12,23,3,65002
0,7,8,12,23,3,65005
0,7,9,12,23,3,65008
0,7,10,12,23,3,65011
0,7,11,12,23,3,65014
0,7,12,12,23,3,65017
0,7,13,12,23,3,65020
0,7,14,12,23,3,65023
0,7,15,12,23,3,65026
0,7,16,12,23,3,65029
0,7,17,12,23,3,65032
0,7,18,12,23,3,65035
0,7,19,12,23,3,65038
0,7,20,12,23,3,65041
0,7,21,12,23,3,65044
0,7,22,12,23,3,65047
0,7,23,12,23,3,65050
0,7,0,13,23,3,65053
0,7,1,13,23,3,65056
0,7,2,13,23,3,65059
0,7,3,13,23,3,65062
0,7,4,13,23,3,65065
0,7,5,13,23,3,65068
0,7,6,13,23,3,65071
0,7,7,13,23,3,65074
0,7,8,13,23,3,65077
0,7,9,13,23,3,65080
0,7,10,13,23,3,65083
0,7,11,13,23,3,65086
0,7,12,13,23,3,65089
0,7,13,13,23,3,65092
0,7,14,13,23,3,65095
0,7,15,13,23,3,65098
0,7,16,13,23,3,65101
0,7,17,13,23,3,65104
0,7,18,13,23,3,65107
0,7,19,13,23,3,65110
0,7,20,13,23,3,65113
0,7,21,13,23,3,65116
0,7,22,13,23,3,65119
0,7,23,13,23,3,65122
0,7,0,0,23,4,65125
0,7,1,0,23,4,65128
0,7,2,0,23,4,65131
0,7,3,0,23,4,65134
0,7,4,0,23,4,65137
0,7,5,0,23,4,65140
0,7,6,0,23,4,65143
0,7,7,0,23,4,65146
0,7,8,0,23,4,65149
0,7,9,0,23,4,65152
0,7,10,0,23,4,65155
0,7,11,0,23,4,65158
0,7,12,0,23,4,65161
0,7,13,0,23,4,65164
0,7,14,0,23,4,65167
0,7,15,0,23,4,65170
0,7,16,0,23,4,65173
0,7,17,0,23,4,65176
0,7,18,0,23,4,65179
0,7,19,0,23,4,65182
0,7,20,0,23,4,65185
0,7,21,0,23,4,65188
0,7,22,0,23,4,65191
0,7,23,0,23,4,65194
0,7,0,1,23,4,65197
0,7,1,1,23,4,65200
0,7,2,1,23,4,65203
0,7,3,1,23,4,65206
0,7,4,1,23,4,65209
0,7,5,1,23,4,65212
0,7,6,1,23,4,65215
0,7,7,1,23,4,65218
0,7,8,1,23,4,65221
0,7,9,1,23,4,65224
0,7,10,1,23,4,65227
0,7,11,1,23,4,65230
0,7,12,1,23,4,65233
0,7,13,1,23,4,65236
0,7,14,1,23,4,65239
0,7,15,1,23,4,65242
0,7,16,1,23,4,65245
0,7,17,1,23,4,65248
0,7,18,1,23,4,65251
0,7,19,1,23,4,65254
0,7,20,1,23,4,65257
0,7,21,1,23,4,65260
0,7,22,1,23,4,65263
0,7,23,1,23,4,65266
0,7,0,2,23,4,65269
0,7,1,2,23,4,65272
0,7,2,2,23,4,65275
0,7,3,2,23,4,65278
0,7,4,2,23,4,65281
0,7,5,2,23,4,65284
0,7,6,2,23,4,65287
0,7,7,2,23,4,65290
0,7,8,2,23,4,65293
0,7,9,2,23,4,65296
0,7,10,2,23,4,65299
0,7,11,2,23,4,65302
0,7,12,2,23,4,65305
0,7,13,2,23,4,65308
0,7,14,2,23,4,65311
0,7,15,2,23,4,65314
0,7,16,2,23,4,65317
0,7,17,2,23,4,65320
0,7,18,2,23,4,65323
0,7,19,2,23,4,65326
0,7,20,2,23,4,65329
0,7,21,2,23,4,65332
0,7,22,2,23,4,65335
0,7,23,2,23,4,65338
0,7,0,3,23,4,65341
0,7,1,3,23,4,65344
0,7,2,3,23,4,65347
0,7,3,3,23,4,65350
0,7,4,3,23,4,65353
0,7,5,3,23,4,65356
0,7,6,3,23,4,65359
0,7,7,3,23,4,65362
0,7,8,3,23,4,65365
0,7,9,3,23,4,65368
0,7,10,3,23,4,65371
0,7,11,3,23,4,65374
0,7,12,3,23,4,65377
0,7,13,3,23,4,65380
0,7,14,3,23,4,65383
0,7,15,3,23,4,65386
0,7,16,3,23,4,65389
0,7,17,3,23,4,65392
0,7,18,3,23,4,65395
0,7,19,3,23,4,65398
0,7,20,3,23,4,65401
0,7,21,3,23,4,65404
0,7,22,3,23,4,65407
0,7,23,3,23,4,65410
0,7,0,4,23,4,65413
0,7,1,4,23,4,65416
0,7,2,4,23,4,65419
0,7,3,4,23,4,65422
0,7,4,4,23,4,65425
0,7,5,4,23,4,65428
0,7,6,4,23,4,65431
0,7,7,4,23,4,65434
0,7,8,4,23,4,65437
0,7,9,4,23,4,65440
0,7,10,4,23,4,65443
0,7,11,4,23,4,65446
0,7,12,4,23,4,65449
0,7,13,4,23,4,65452
0,7,14,4,23,4,65455
0,7,15,4,23,4,65458
0,7,16,4,23,4,65461
0,7,17,4,23,4,65464
0,7,18,4,23,4,65467
0,7,19,4,23,4,65470
0,7,20,4,23,4,65473
0,7,21,4,23,4,65476
0,7,22,4,23,4,65479
0,7,0,5,23,4,65482
0,7,1,5,23,4,65485
0,7,2,5,23,4,65488
0,7,3,5,23,4,65491
0,7,4,5,23,4,65494
0,7,5,5,23,4,65497
0,7,6,5,23,4,65500
0,7,7,5,23,4,65503
0,7,8,5,23,4,65506
0,7,9,5,23,4,65509
0,7,10,5,23,4,65512
0,7,11,5,23,4,65515
0,7,12,5,23,4,65518
0,7,13,5,23,4,65521
0,7,14,5,23,4,65524
0,7,15,5,23,4,65527
0,7,16,5,23,4,65530
0,7,17,5,23,4,65533
0,7,18,5,23,4,65536
0,7,19,5,23,4,65539
0,7,20,5,23,4,65542
0,7,21,5,23,4,65545
0,7,22,5,23,4,65548
0,7,0,6,23,4,65551
0,7,1,6,23,4,65554
0,7,2,6,23,4,65557
0,7,3,6,23,4,65560
0,7,4,6,23,4,65563
0,7,5,6,23,4,65566
0,7,6,6,23,4,65569
0,7,7,6,23,4,65572
0,7,8,6,23,4,65575
0,7,9,6,23,4,65578
0,7,10,6,23,4,65581
0,7,11,6,23,4,65584
0,7,12,6,23,4,65587
0,7,13,6,23,4,65590
0,7,14,6,23,4,65593
0,7,15,6,23,4,65596
0,7,16,6,23,4,65599
0,7,17,6,23,4,65602
0,7,18,6,23,4,65605
0,7,19,6,23,4,65608
0,7,20,6,23,4,65611
0,7,21,6,23,4,65614
0,7,22,6,23,4,65617
0,7,1,7,23,4,65620
0,7,2,7,23,4,65623
0,7,3,7,23,4,65626
0,7,4,7,23,4,65629
0,7,5,7,23,4,65632
0,7,6,7,23,4,65635
0,7,7,7,23,4,65638
0,7,8,7,23,4,65641
0,7,9,7,23,4,65644
0,7,10,7,23,4,65647
0,7,11,7,23,4,65650
0,7,12,7,23,4,65653
0,7,13,7,23,4,65656
0,7,14,7,23,4,65659
0,7,15,7,23,4,65662
0,7,16,7,23,4,65665
0,7,17,7,23,4,65668
0,7,18,7,23,4,65671
0,7,19,7,23,4,65674
0,7,20,7,23,4,65677
0,7,21,7,23,4,65680
0,7,22,7,23,4,65683
0,7,1,8,23,4,65686
0,7,2,8,23,4,65689
0,7,3,8,23,4,65692
0,7,4,8,23,4,65695
0,7,5,8,23,4,65698
0,7,6,8,23,4,65701
0,7,7,8,23,4,65704
0,7,8,8,23,4,65707
0,7,9,8,23,4,65710
0,7,10,8,23,4,65713
0,7,11,8,23,4,65716
0,7,12,8,23,4,65719
0,7,13,8,23,4,65722
0,7,14,8,23,4,65725
0,7,15,8,23,4,65728
0,7,16,8,23,4,65731
0,7,17,8,23,4,65734
0,7,18,8,23,4,65737
0,7,19,8,23,4,65740
0,7,20,8,23,4,65743
0,7,21,8,23,4,65746
0,7,22,8,23,4,65749
0,7,1,9,23,4,65752
0,7,2,9,23,4,65755
0,7,3,9,23,4,65758
0,7,4,9,23,4,65761
0,7,5,9,23,4,65764
0,7,6,9,23,4,65767
0,7,7,9,23,4,65770
0,7,8,9,23,4,65773
0,7,9,9,23,4,65776
0,7,10,9,23,4,65779
0,7,11,9,23,4,65782
0,7,12,9,23,4,65785
0,7,13,9,23,4,65788
0,7,14,9,23,4,65791
0,7,15,9,23,4,65794
0,7,16,9,23,4,65797
0,7,17,9,23,4,65800
0,7,18,9,23,4,65803
0,7,19,9,23,4,65806
0,7,20,9,23,4,65809
0,7,21,9,23,4,65812
0,7,22,9,23,4,65815
0,7,1,10,23,4,65818
0,7,2,10,23,4,65821
0,7,3,10,23,4,65824
0,7,4,10,23,4,65827
0,7,5,10,23,4,65830
0,7,6,10,23,4,65833
0,7,7,10,23,4,65836
0,7,8,10,23,4,65839
0,7,9,10,23,4,65842
0,7,10,10,23,4,65845
0,7,11,10,23,4,65848
0,7,12,10,23,4,65851
0,7,13,10,23,4,65854
0,7,14,10,23,4,65857
0,7,15,10,23,4,65860
0,7,16,10,23,4,65863
0,7,17,10,23,4,65866
0,7,18,10,23,4,65869
0,7,19,10,23,4,65872
0,7,20,10,23,4,65875
0,7,21,10,23,4,65878
0,7,22,10,23,4,65881
0,7,23,10,23,4,65884
0,7,1,11,23,4,65887
0,7,2,11,23,4,65890
0,7,3,11,23,4,65893
0,7,4,11,23,4,65896
0,7,5,11,23,4,65899
0,7,6,11,23,4,65902
0,7,7,11,23,4,65905
0,7,8,11,23,4,65908
0,7,9,11,23,4,65911
0,7,10,11,23,4,65914
0,7,11,11,23,4,65917
0,7,12,11,23,4,65920
0,7,13,11,23,4,65923
0,7,14,11,23,4,65926
0,7,15,11,23,4,65929
0,7,16,11,23,4,65932
0,7,17,11,23,4,65935
0,7,18,11,23,4,65938
0,7,19,11,23,4,65941
0,7,20,11,23,4,65944
0,7,21,11,23,4,65947
0,7,22,11,23,4,65950
0,7,23,11,23,4,65953
0,7,1,12,23,4,65956
0,7,2,12,23,4,65959
0,7,3,12,23,4,65962
0,7,4,12,23,4,65965
0,7,5,12,23,4,65968
0,7,6,12,23,4,65971
0,7,7,12,23,4,65974
0,7,8,12,23,4,65977
0,7,9,12,23,4,65980
0,7,10,12,23,4,65983
0,7,11,12,23,4,65986
0,7,12,12,23,4,65989
0,7,13,12,23,4,65992
0,7,14,12,23,4,65995
0,7,15,12,23,4,65998
0,7,16,12,23,4,66001
0,7,17,12,23,4,66004
0,7,18,12,23,4,66007
0,7,19,12,23,4,66010
0,7,20,12,23,4,66013
0,7,21,12,23,4,66016
0,7,22,12,23,4,66019
0,7,23,12,23,4,66022
0,7,0,13,23,4,66025
0,7,1,13,23,4,66028
0,7,2,13,23,4,66031
0,7,3,13,23,4,66034
0,7,4,13,23,4,66037
0,7,5,13,23,4,66040
0,7,6,13,23,4,66043
0,7,7,13,23,4,66046
0,7,8,13,23,4,66049
0,7,9,13,23,4,66052
0,7,10,13,23,4,66055
0,7,11,13,23,4,66058
0,7,12,13,23,4,66061
0,7,13,13,23,4,66064
0,7,14,13,23,4,66067
0,7,15,13,23,4,66070
0,7,16,13,23,4,66073
0,7,17,13,23,4,66076
0,7,18,13,23,4,66079
0,7,19,13,23,4,66082
0,7,20,13,23,4,66085
0,7,21,13,23,4,66088
0,7,22,13,23,4,66091
0,7,23,13,23,4,66094
0,7,0,0,23,5,66097
0,7,1,0,23,5,66100
0,7,2,0,23,5,66103
0,7,3,0,23,5,66106
0,7,4,0,23,5,66109
0,7,5,0,23,5,66112
0,7,6,0,23,5,66115
0,7,7,0,23,5,66118
0,7,8,0,23,5,66121
0,7,9,0,23,5,66124
0,7,10,0,23,5,66127
0,7,11,0,23,5,66130
0,7,12,0,23,5,66133
0,7,13,0,23,5,66136
0,7,14,0,23,5,66139
0,7,15,0,23,5,66142
0,7,16,0,23,5,66145
0,7,17,0,23,5,66148
0,7,18,0,23,5,66151
0,7,19,0,23,5,66154
0,7,20,0,23,5,66157
0,7,21,0,23,5,66160
0,7,22,0,23,5,66163
0,7,23,0,23,5,66166
0,7,0,1,23,5,66169
0,7,1,1,23,5,66172
0,7,2,1,23,5,66175
0,7,3,1,23,5,66178
0,7,4,1,23,5,66181
0,7,5,1,23,5,66184
0,7,6,1,23,5,66187
0,7,7,1,23,5,66190
0,7,8,1,23,5,66193
0,7,9,1,23,5,66196
0,7,10,1,23,5,66199
0,7,11,1,23,5,66202
0,7,12,1,23,5,66205
0,7,13,1,23,5,66208
0,7,14,1,23,5,66211
0,7,15,1,23,5,66214
0,7,16,1,23,5,66217
0,7,17,1,23,5,66220
0,7,18,1,23,5,66223
0,7,19,1,23,5,66226
0,7,20,1,23,5,66229
0,7,21,1,23,5,66232
0,7,22,1,23,5,66235
0,7,23,1,23,5,66238
0,7,0,2,23,5,66241
0,7,1,2,23,5,66244
0,7,2,2,23,5,66247
0,7,3,2,23,5,66250
0,7,4,2,23,5,66253
0,7,5,2,23,5,66256
0,7,6,2,23,5,66259
0,7,7,2,23,5,66262
0,7,8,2,23,5,66265
0,7,9,2,23,5,66268
0,7,10,2,23,5,66271
0,7,11,2,23,5,66274
0,7,12,2,23,5,66277
0,7,13,2,23,5,66280
0,7,14,2,23,5,66283
0,7,15,2,23,5,66286
0,7,16,2,23,5,66289
0,7,17,2,23,5,66292
0,7,18,2,23,5,66295
0,7,19,2,23,5,66298
0,7,20,2,23,5,66301
0,7,21,2,23,5,66304
0,7,22,2,23,5,66307
0,7,23,2,23,5,66310
0,7,0,3,23,5,66313
0,7,1,3,23,5,66316
0,7,2,3,23,5,66319
0,7,3,3,23,5,66322
0,7,4,3,23,5,66325
0,7,5,3,23,5,66328
0,7,6,3,23,5,66331
0,7,7,3,23,5,66334
0,7,8,3,23,5,66337
0,7,9,3,23,5,66340
0,7,10,3,23,5,66343
0,7,11,3,23,5,66346
0,7,12,3,23,5,66349
0,7,13,3,23,5,66352
0,7,14,3,23,5,66355
0,7,15,3,23,5,66358
0,7,16,3,23,5,66361
0,7,17,3,23,5,66364
0,7,18,3,23,5,66367
0,7,19,3,23,5,66370
0,7,20,3,23,5,66373
0,7,21,3,23,5,66376
0,7,22,3,23,5,66379
0,7,23,3,23,5,66382
0,7,0,4,23,5,66385
0,7,1,4,23,5,66388
0,7,2,4,23,5,66391
0,7,3,4,23,5,66394
0,7,4,4,23,5,66397
0,7,5,4,23,5,66400
0,7,6,4,23,5,66403
0,7,7,4,23,5,66406
0,7,8,4,23,5,66409
0,7,9,4,23,5,66412
0,7,10,4,23,5,66415
0,7,11,4,23,5,66418
0,7,12,4,23,5,66421
0,7,13,4,23,5,66424
0,7,14,4,23,5,66427
0,7,15,4,23,5,66430
0,7,16,4,23,5,66433
0,7,17,4,23,5,66436
0,7,18,4,23,5,66439
0,7,19,4,23,5,66442
0,7,20,4,23,5,66445
0,7,21,4,23,5,66448
0,7,22,4,23,5,66451
0,7,23,4,23,5,66454
0,7,0,5,23,5,66457
0,7,1,5,23,5,66460
0,7,2,5,23,5,66463
0,7,3,5,23,5,66466
0,7,4,5,23,5,66469
0,7,5,5,23,5,66472
0,7,6,5,23,5,66475
0,7,7,5,23,5,66478
0,7,8,5,23,5,66481
0,7,9,5,23,5,66484
0,7,10,5,23,5,66487
0,7,11,5,23,5,66490
0,7,12,5,23,5,66493
0,7,13,5,23,5,66496
0,7,14,5,23,5,66499
0,7,15,5,23,5,66502
0,7,16,5,23,5,66505
0,7,17,5,23,5,66508
0,7,18,5,23,5,66511
0,7,19,5,23,5,66514
0,7,20,5,23,5,66517
0,7,21,5,23,5,66520
0,7,22,5,23,5,66523
0,7,0,6,23,5,66526
0,7,1,6,23,5,66529
0,7,2,6,23,5,66532
0,7,3,6,23,5,66535
0,7,4,6,23,5,66538
0,7,5,6,23,5,66541
0,7,6,6,23,5,66544
0,7,7,6,23,5,66547
0,7,8,6,23,5,66550
0,7,9,6,23,5,66553
0,7,10,6,23,5,66556
0,7,11,6,23,5,66559
0,7,12,6,23,5,66562
0,7,13,6,23,5,66565
0,7,14,6,23,5,66568
0,7,15,6,23,5,66571
0,7,16,6,23,5,66574
0,7,17,6,23,5,66577
0,7,18,6,23,5,66580
0,7,19,6,23,5,66583
0,7,20,6,23,5,66586
0,7,21,6,23,5,66589
0,7,22,6,23,5,66592
0,7,1,7,23,5,66595
0,7,2,7,23,5,66598
0,7,3,7,23,5,66601
0,7,4,7,23,5,66604
0,7,5,7,23,5,66607
0,7,6,7,23,5,66610
0,7,7,7,23,5,66613
0,7,8,7,23,5,66616
0,7,9,7,23,5,66619
0,7,10,7,23,5,66622
0,7,11,7,23,5,66625
0,7,12,7,23,5,66628
0,7,13,7,23,5,66631
0,7,14,7,23,5,66634
0,7,15,7,23,5,66637
0,7,16,7,23,5,66640
0,7,17,7,23,5,66643
0,7,18,7,23,5,66646
0,7,19,7,23,5,66649
0,7,20,7,23,5,66652
0,7,21,7,23,5,66655
0,7,22,7,23,5,66658
0,7,1,8,23,5,66661
0,7,2,8,23,5,66664
0,7,3,8,23,5,66667
0,7,4,8,23,5,66670
0,7,5,8,23,5,66673
0,7,6,8,23,5,66676
0,7,7,8,23,5,66679
0,7,8,8,23,5,66682
0,7,9,8,23,5,66685
0,7,10,8,23,5,66688
0,7,11,8,23,5,66691
0,7,12,8,23,5,66694
0,7,13,8,23,5,66697
0,7,14,8,23,5,66700
0,7,15,8,23,5,66703
0,7,16,8,23,5,66706
0,7,17,8,23,5,66709
0,7,18,8,23,5,66712
0,7,19,8,23,5,66715
0,7,20,8,23,5,66718
0,7,21,8,23,5,66721
0,7,22,8,23,5,66724
0,7,1,9,23,5,66727
0,7,2,9,23,5,66730
0,7,3,9,23,5,66733
0,7,4,9,23,5,66736
0,7,5,9,23,5,66739
0,7,6,9,23,5,66742
0,7,7,9,23,5,66745
0,7,8,9,23,5,66748
0,7,9,9,23,5,66751
0,7,10,9,23,5,66754
0,7,11,9,23,5,66757
0,7,12,9,23,5,66760
0,7,13,9,23,5,66763
0,7,14,9,23,5,66766
0,7,15,9,23,5,66769
0,7,16,9,23,5,66772
0,7,17,9,23,5,66775
0,7,18,9,23,5,66778
0,7,19,9,23,5,66781
0,7,20,9,23,5,66784
0,7,21,9,23,5,66787
0,7,22,9,23,5,66790
0,7,1,10,23,5,66793
0,7,2,10,23,5,66796
0,7,3,10,23,5,66799
0,7,4,10,23,5,66802
0,7,5,10,23,5,66805
0,7,6,10,23,5,66808
0,7,7,10,23,5,66811
0,7,8,10,23,5,66814
0,7,9,10,23,5,66817
0,7,10,10,23,5,66820
0,7,11,10,23,5,66823
0,7,12,10,23,5,66826
0,7,13,10,23,5,66829
0,7,14,10,23,5,66832
0,7,15,10,23,5,66835
0,7,16,10,23,5,66838
0,7,17,10,23,5,66841
0,7,18,10,23,5,66844
0,7,19,10,23,5,66847
0,7,20,10,23,5,66850
0,7,21,10,23,5,66853
0,7,22,10,23,5,66856
0,7,1,11,23,5,66859
0,7,2,11,23,5,66862
0,7,3,11,23,5,66865
0,7,4,11,23,5,66868
0,7,5,11,23,5,66871
0,7,6,11,23,5,66874
0,7,7,11,23,5,66877
0,7,8,11,23,5,66880
0,7,9,11,23,5,66883
0,7,10,11,23,5,66886
0,7,11,11,23,5,66889
0,7,12,11,23,5,66892
0,7,13,11,23,5,66895
0,7,14,11,23,5,66898
0,7,15,11,23,5,66901
0,7,16,11,23,5,66904
0,7,17,11,23,5,66907
0,7,18,11,23,5,66910
0,7,19,11,23,5,66913
0,7,20,11,23,5,66916
0,7,21,11,23,5,66919
0,7,22,11,23,5,66922
0,7,23,11,23,5,66925
0,7,1,12,23,5,66928
0,7,2,12,23,5,66931
0,7,3,12,23,5,66934
0,7,4,12,23,5,66937
0,7,5,12,23,5,66940
0,7,6,12,23,5,66943
0,7,7,12,23,5,66946
0,7,8,12,23,5,66949
0,7,9,12,23,5,66952
0,7,10,12,23,5,66955
0,7,11,12,23,5,66958
0,7,12,12,23,5,66961
0,7,13,12,23,5,66964
0,7,14,12,23,5,66967
0,7,15,12,23,5,66970
0,7,16,12,23,5,66973
0,7,17,12,23,5,66976
0,7,18,12,23,5,66979
0,7,19,12,23,5,66982
0,7,20,12,23,5,66985
0,7,21,12,23,5,66988
0,7,22,12,23,5,66991
0,7,23,12,23,5,66994
0,7,0,13,23,5,66997
0,7,1,13,23,5,67000
0,7,2,13,23,5,67003
0,7,3,13,23,5,67006
0,7,4,13,23,5,67009
0,7,5,13,23,5,67012
0,7,6,13,23,5,67015
0,7,7,13,23,5,67018
0,7,8,13,23,5,67021
0,7,9,13,23,5,67024
0,7,10,13,23,5,67027
0,7,11,13,23,5,67030
0,7,12,13,23,5,67033
0,7,13,13,23,5,67036
0,7,14,13,23,5,67039
0,7,15,13,23,5,67042
0,7,16,13,23,5,67045
0,7,17,13,23,5,67048
0,7,18,13,23,5,67051
0,7,19,13,23,5,67054
0,7,20,13,23,5,67057
0,7,21,13,23,5,67060
0,7,22,13,23,5,67063
0,7,23,13,23,5,67066
0,7,0,0,23,6,67069
0,7,1,0,23,6,67072
0,7,2,0,23,6,67075
0,7,3,0,23,6,67078
0,7,4,0,23,6,67081
0,7,5,0,23,6,67084
0,7,6,0,23,6,67087
0,7,7,0,23,6,67090
0,7,8,0,23,6,67093
0,7,9,0,23,6,67096
0,7,10,0,23,6,67099
0,7,11,0,23,6,67102
0,7,12,0,23,6,67105
0,7,13,0,23,6,67108
0,7,14,0,23,6,67111
0,7,15,0,23,6,67114
0,7,16,0,23,6,67117
0,7,17,0,23,6,67120
0,7,18,0,23,6,67123
0,7,19,0,23,6,67126
0,7,20,0,23,6,67129
0,7,21,0,23,6,67132
0,7,22,0,23,6,67135
0,7,23,0,23,6,67138
0,7,0,1,23,6,67141
0,7,1,1,23,6,67144
0,7,2,1,23,6,67147
0,7,3,1,23,6,67150
0,7,4,1,23,6,67153
0,7,5,1,23,6,67156
0,7,6,1,23,6,67159
0,7,7,1,23,6,67162
0,7,8,1,23,6,67165
0,7,9,1,23,6,67168
0,7,10,1,23,6,67171
0,7,11,1,23,6,67174
0,7,12,1,23,6,67177
0,7,13,1,23,6,67180
0,7,14,1,23,6,67183
0,7,15,1,23,6,67186
0,7,16,1,23,6,67189
0,7,17,1,23,6,67192
0,7,18,1,23,6,67195
0,7,19,1,23,6,67198
0,7,20,1,23,6,67201
0,7,21,1,23,6,67204
0,7,22,1,23,6,67207
0,7,23,1,23,6,67210
0,7,0,2,23,6,67213
0,7,1,2,23,6,67216
0,7,2,2,23,6,67219
0,7,3,2,23,6,67222
0,7,4,2,23,6,67225
0,7,5,2,23,6,67228
0,7,6,2,23,6,67231
0,7,7,2,23,6,67234
0,7,8,2,23,6,67237
0,7,9,2,23,6,67240
0,7,10,2,23,6,67243
0,7,11,2,23,6,67246
0,7,12,2,23,6,67249
0,7,13,2,23,6,67252
0,7,14,2,23,6,67255
0,7,15,2,23,6,67258
0,7,16,2,23,6,67261
0,7,17,2,23,6,67264
0,7,18,2,23,6,67267
0,7,19,2,23,6,67270
0,7,20,2,23,6,67273
0,7,21,2,23,6,67276
0,7,22,2,23,6,67279
0,7,23,2,23,6,67282
0,7,0,3,23,6,67285
0,7,1,3,23,6,67288
0,7,2,3,23,6,67291
0,7,3,3,23,6,67294
0,7,4,3,23,6,67297
0,7,5,3,23,6,67300
0,7,6,3,23,6,67303
0,7,7,3,23,6,67306
0,7,8,3,23,6,67309
0,7,9,3,23,6,67312
0,7,10,3,23,6,67315
0,7,11,3,23,6,67318
0,7,12,3,23,6,67321
0,7,13,3,23,6,67324
0,7,14,3,23,6,67327
0,7,15,3,23,6,67330
0,7,16,3,23,6,67333
0,7,17,3,23,6,67336
0,7,18,3,23,6,67339
0,7,19,3,23,6,67342
0,7,20,3,23,6,67345
0,7,21,3,23,6,67348
0,7,22,3,23,6,67351
0,7,23,3,23,6,67354
0,7,0,4,23,6,67357
0,7,1,4,23,6,67360
0,7,2,4,23,6,67363
0,7,3,4,23,6,67366
0,7,4,4,23,6,67369
0,7,5,4,23,6,67372
0,7,6,4,23,6,67375
0,7,7,4,23,6,67378
0,7,8,4,23,6,67381
0,7,9,4,23,6,67384
0,7,10,4,23,6,67387
0,7,11,4,23,6,67390
0,7,12,4,23,6,67393
0,7,13,4,23,6,67396
0,7,14,4,23,6,67399
0,7,15,4,23,6,67402
0,7,16,4,23,6,67405
0,7,17,4,23,6,67408
0,7,18,4,23,6,67411
0,7,19,4,23,6,67414
0,7,20,4,23,6,67417
0,7,21,4,23,6,67420
0,7,22,4,23,6,67423
0,7,23,4,23,6,67426
0,7,0,5,23,6,67429
0,7,1,5,23,6,67432
0,7,2,5,23,6,67435
0,7,3,5,23,6,67438
0,7,4,5,23,6,67441
0,7,5,5,23,6,67444
0,7,6,5,23,6,67447
0,7,7,5,23,6,67450
0,7,8,5,23,6,67453
0,7,9,5,23,6,67456
0,7,10,5,23,6,67459
0,7,11,5,23,6,67462
0,7,12,5,23,6,67465
0,7,13,5,23,6,67468
0,7,14,5,23,6,67471
0,7,15,5,23,6,67474
0,7,16,5,23,6,67477
0,7,17,5,23,6,67480
0,7,18,5,23,6,67483
0,7,19,5,23,6,67486
0,7,20,5,23,6,67489
0,7,21,5,23,6,67492
0,7,22,5,23,6,67495
0,7,23,5,23,6,67498
0,7,0,6,23,6,67501
0,7,1,6,23,6,67504
0,7,2,6,23,6,67507
0,7,3,6,23,6,67510
0,7,4,6,23,6,67513
0,7,5,6,23,6,67516
0,7,6,6,23,6,67519
0,7,7,6,23,6,67522
0,7,8,6,23,6,67525
0,7,9,6,23,6,67528
0,7,10,6,23,6,67531
0,7,11,6,23,6,67534
0,7,12,6,23,6,67537
0,7,13,6,23,6,67540
0,7,14,6,23,6,67543
0,7,15,6,23,6,67546
0,7,16,6,23,6,67549
0,7,17,6,23,6,67552
0,7,18,6,23,6,67555
0,7,19,6,23,6,67558
0,7,20,6,23,6,67561
0,7,21,6,23,6,67564
0,7,22,6,23,6,67567
0,7,1,7,23,6,67570
0,7,2,7,23,6,67573
0,7,3,7,23,6,67576
0,7,4,7,23,6,67579
0,7,5,7,23,6,67582
0,7,6,7,23,6,67585
0,7,7,7,23,6,67588
0,7,8,7,23,6,67591
0,7,9,7,23,6,67594
0,7,10,7,23,6,67597
0,7,11,7,23,6,67600
0,7,12,7,23,6,67603
0,7,13,7,23,6,67606
0,7,14,7,23,6,67609
0,7,15,7,23,6,67612
0,7,16,7,23,6,67615
0,7,17,7,23,6,67618
0,7,18,7,23,6,67621
0,7,19,7,23,6,67624
0,7,20,7,23,6,67627
0,7,21,7,23,6,67630
0,7,22,7,23,6,67633
0,7,1,8,23,6,67636
0,7,2,8,23,6,67639
0,7,3,8,23,6,67642
0,7,4,8,23,6,67645
0,7,5,8,23,6,67648
0,7,6,8,23,6,67651
0,7,7,8,23,6,67654
0,7,8,8,23,6,67657
0,7,9,8,23,6,67660
0,7,10,8,23,6,67663
0,7,11,8,23,6,67666
0,7,12,8,23,6,67669
0,7,13,8,23,6,67672
0,7,14,8,23,6,67675
0,7,15,8,23,6,67678
0,7,16,8,23,6,67681
0,7,17,8,23,6,67684
0,7,18,8,23,6,67687
0,7,19,8,23,6,67690
0,7,20,8,23,6,67693
0,7,21,8,23,6,67696
0,7,22,8,23,6,67699
0,7,1,9,23,6,67702
0,7,2,9,23,6,67705
0,7,3,9,23,6,67708
0,7,4,9,23,6,67711
0,7,5,9,23,6,67714
0,7,6,9,23,6,67717
0,7,7,9,23,6,67720
0,7,8,9,23,6,67723
0,7,9,9,23,6,67726
0,7,10,9,23,6,67729
0,7,11,9,23,6,67732
0,7,12,9,23,6,67735
0,7,13,9,23,6,67738
0,7,14,9,23,6,67741
0,7,15,9,23,6,67744
0,7,16,9,23,6,67747
0,7,17,9,23,6,67750
0,7,18,9,23,6,67753
0,7,19,9,23,6,67756
0,7,20,9,23,6,67759
0,7,21,9,23,6,67762
0,7,22,9,23,6,67765
0,7,1,10,23,6,67768
0,7,2,10,23,6,67771
0,7,3,10,23,6,67774
0,7,4,10,23,6,67777
0,7,5,10,23,6,67780
0,7,6,10,23,6,67783
0,7,7,10,23,6,67786
0,7,8,10,23,6,67789
0,7,9,10,23,6,67792
0,7,10,10,23,6,67795
0,7,11,10,23,6,67798
0,7,12,10,23,6,67801
0,7,13,10,23,6,67804
0,7,14,10,23,6,67807
0,7,15,10,23,6,67810
0,7,16,10,23,6,67813
0,7,17,10,23,6,67816
0,7,18,10,23,6,67819
0,7,19,10,23,6,67822
0,7,20,10,23,6,67825
0,7,21,10,23,6,67828
0,7,22,10,23,6,67831
0,7,1,11,23,6,67834
0,7,2,11,23,6,67837
0,7,3,11,23,6,67840
0,7,4,11,23,6,67843
0,7,5,11,23,6,67846
0,7,6,11,23,6,67849
0,7,7,11,23,6,67852
0,7,8,11,23,6,67855
0,7,9,11,23,6,67858
0,7,10,11,23,6,67861
0,7,11,11,23,6,67864
0,7,12,11,23,6,67867
0,7,13,11,23,6,67870
0,7,14,11,23,6,67873
0,7,15,11,23,6,67876
0,7,16,11,23,6,67879
0,7,17,11,23,6,67882
0,7,18,11,23,6,67885
0,7,19,11,23,6,67888
0,7,20,11,23,6,67891
0,7,21,11,23,6,67894
0,7,22,11,23,6,67897
0,7,1,12,23,6,67900
0,7,2,12,23,6,67903
0,7,3,12,23,6,67906
0,7,4,12,23,6,67909
0,7,5,12,23,6,67912
0,7,6,12,23,6,67915
0,7,7,12,23,6,67918
0,7,8,12,23,6,67921
0,7,9,12,23,6,67924
0,7,10,12,23,6,67927
0,7,11,12,23,6,67930
0,7,12,12,23,6,67933
0,7,13,12,23,6,67936
0,7,14,12,23,6,67939
0,7,15,12,23,6,67942
0,7,16,12,23,6,67945
0,7,17,12,23,6,67948
0,7,18,12,23,6,67951
0,7,19,12,23,6,67954
0,7,20,12,23,6,67957
0,7,21,12,23,6,67960
0,7,22,12,23,6,67963
0,7,23,12,23,6,67966
0,7,0,13,23,6,67969
0,7,1,13,23,6,67972
0,7,2,13,23,6,67975
0,7,3,13,23,6,67978
0,7,4,13,23,6,67981
0,7,5,13,23,6,67984
0,7,6,13,23,6,67987
0,7,7,13,23,6,67990
0,7,8,13,23,6,67993
0,7,9,13,23,6,67996
0,7,10,13,23,6,67999
0,7,11,13,23,6,68002
0,7,12,13,23,6,68005
0,7,13,13,23,6,68008
0,7,14,13,23,6,68011
0,7,15,13,23,6,68014
0,7,16,13,23,6,68017
0,7,17,13,23,6,68020
0,7,18,13,23,6,68023
0,7,19,13,23,6,68026
0,7,20,13,23,6,68029
0,7,21,13,23,6,68032
0,7,22,13,23,6,68035
0,7,23,13,23,6,68038
0,7,0,0,23,7,68041
0,7,1,0,23,7,68044
0,7,2,0,23,7,68047
0,7,3,0,23,7,68050
0,7,4,0,23,7,68053
0,7,5,0,23,7,68056
0,7,6,0,23,7,68059
0,7,7,0,23,7,68062
0,7,8,0,23,7,68065
0,7,9,0,23,7,68068
0,7,10,0,23,7,68071
0,7,11,0,23,7,68074
0,7,12,0,23,7,68077
0,7,13,0,23,7,68080
0,7,14,0,23,7,68083
0,7,15,0,23,7,68086
0,7,16,0,23,7,68089
0,7,17,0,23,7,68092
0,7,18,0,23,7,68095
0,7,19,0,23,7,68098
0,7,20,0,23,7,68101
0,7,21,0,23,7,68104
0,7,22,0,23,7,68107
0,7,23,0,23,7,68110
0,7,0,1,23,7,68113
0,7,1,1,23,7,68116
0,7,2,1,23,7,68119
0,7,3,1,23,7,68122
0,7,4,1,23,7,68125
0,7,5,1,23,7,68128
0,7,6,1,23,7,68131
0,7,7,1,23,7,68134
0,7,8,1,23,7,68137
0,7,9,1,23,7,68140
0,7,10,1,23,7,68143
0,7,11,1,23,7,68146
0,7,12,1,23,7,68149
0,7,13,1,23,7,68152
0,7,14,1,23,7,68155
0,7,15,1,23,7,68158
0,7,16,1,23,7,68161
0,7,17,1,23,7,68164
0,7,18,1,23,7,68167
0,7,19,1,23,7,68170
0,7,20,1,23,7,68173
0,7,21,1,23,7,68176
0,7,22,1,23,7,68179
0,7,23,1,23,7,68182
0,7,0,2,23,7,68185
0,7,1,2,23,7,68188
0,7,2,2,23,7,68191
0,7,3,2,23,7,68194
0,7,4,2,23,7,68197
0,7,5,2,23,7,68200
0,7,6,2,23,7,68203
0,7,7,2,23,7,68206
0,7,8,2,23,7,68209
0,7,9,2,23,7,68212
0,7,10,2,23,7,68215
0,7,11,2,23,7,68218
0,7,12,2,23,7,68221
0,7,13,2,23,7,68224
0,7,14,2,23,7,68227
0,7,15,2,23,7,68230
0,7,16,2,23,7,68233
0,7,17,2,23,7,68236
0,7,18,2,23,7,68239
0,7,19,2,23,7,68242
0,7,20,2,23,7,68245
0,7,21,2,23,7,68248
0,7,22,2,23,7,68251
0,7,23,2,23,7,68254
0,7,0,3,23,7,68257
0,7,1,3,23,7,68260
0,7,2,3,23,7,68263
0,7,3,3,23,7,68266
0,7,4,3,23,7,68269
0,7,5,3,23,7,68272
0,7,6,3,23,7,68275
0,7,7,3,23,7,68278
0,7,8,3,23,7,68281
0,7,9,3,23,7,68284
0,7,10,3,23,7,68287
0,7,11,3,23,7,68290
0,7,12,3,23,7,68293
0,7,13,3,23,7,68296
0,7,14,3,23,7,68299
0,7,15,3,23,7,68302
0,7,16,3,23,7,68305
0,7,17,3,23,7,68308
0,7,18,3,23,7,68311
0,7,19,3,23,7,68314
0,7,20,3,23,7,68317
0,7,21,3,23,7,68320
0,7,22,3,23,7,68323
0,7,23,3,23,7,68326
0,7,0,4,23,7,68329
0,7,1,4,23,7,68332
0,7,2,4,23,7,68335
0,7,3,4,23,7,68338
0,7,4,4,23,7,68341
0,7,5,4,23,7,68344
0,7,6,4,23,7,68347
0,7,7,4,23,7,68350
0,7,8,4,23,7,68353
0,7,9,4,23,7,68356
0,7,10,4,23,7,68359
0,7,11,4,23,7,68362
0,7,12,4,23,7,68365
0,7,13,4,23,7,68368
0,7,14,4,23,7,68371
0,7,15,4,23,7,68374
0,7,16,4,23,7,68377
0,7,17,4,23,7,68380
0,7,18,4,23,7,68383
0,7,19,4,23,7,68386
0,7,20,4,23,7,68389
0,7,21,4,23,7,68392
0,7,22,4,23,7,68395
0,7,23,4,23,7,68398
0,7,0,5,23,7,68401
0,7,1,5,23,7,68404
0,7,2,5,23,7,68407
0,7,3,5,23,7,68410
0,7,4,5,23,7,68413
0,7,5,5,23,7,68416
0,7,6,5,23,7,68419
0,7,7,5,23,7,68422
0,7,8,5,23,7,68425
0,7,9,5,23,7,68428
0,7,10,5,23,7,68431
0,7,11,5,23,7,68434
0,7,12,5,23,7,68437
0,7,13,5,23,7,68440
0,7,14,5,23,7,68443
0,7,15,5,23,7,68446
0,7,16,5,23,7,68449
0,7,17,5,23,7,68452
0,7,18,5,23,7,68455
0,7,19,5,23,7,68458
0,7,20,5,23,7,68461
0,7,21,5,23,7,68464
0,7,22,5,23,7,68467
0,7,23,5,23,7,68470
0,7,0,6,23,7,68473
0,7,1,6,23,7,68476
0,7,2,6,23,7,68479
0,7,3,6,23,7,68482
0,7,4,6,23,7,68485
0,7,5,6,23,7,68488
0,7,6,6,23,7,68491
0,7,7,6,23,7,68494
0,7,8,6,23,7,68497
0,7,9,6,23,7,68500
0,7,10,6,23,7,68503
0,7,11,6,23,7,68506
0,7,12,6,23,7,68509
0,7,13,6,23,7,68512
0,7,14,6,23,7,68515
0,7,15,6,23,7,68518
0,7,16,6,23,7,68521
0,7,17,6,23,7,68524
0,7,18,6,23,7,68527
0,7,19,6,23,7,68530
0,7,20,6,23,7,68533
0,7,21,6,23,7,68536
0,7,22,6,23,7,68539
0,7,23,6,23,7,68542
0,7,1,7,23,7,68545
0,7,2,7,23,7,68548
0,7,3,7,23,7,68551
0,7,4,7,23,7,68554
0,7,5,7,23,7,68557
0,7,6,7,23,7,68560
0,7,7,7,23,7,68563
0,7,8,7,23,7,68566
0,7,9,7,23,7,68569
0,7,10,7,23,7,68572
0,7,11,7,23,7,68575
0,7,12,7,23,7,68578
0,7,13,7,23,7,68581
0,7,14,7,23,7,68584
0,7,15,7,23,7,68587
0,7,16,7,23,7,68590
0,7,17,7,23,7,68593
0,7,18,7,23,7,68596
0,7,19,7,23,7,68599
0,7,20,7,23,7,68602
0,7,21,7,23,7,68605
0,7,22,7,23,7,68608
0,7,1,8,23,7,68611
0,7,2,8,23,7,68614
0,7,3,8,23,7,68617
0,7,4,8,23,7,68620
0,7,5,8,23,7,68623
0,7,6,8,23,7,68626
0,7,7,8,23,7,68629
0,7,8,8,23,7,68632
0,7,9,8,23,7,68635
0,7,10,8,23,7,68638
0,7,11,8,23,7,68641
0,7,12,8,23,7,68644
0,7,13,8,23,7,68647
0,7,14,8,23,7,68650
0,7,15,8,23,7,68653
0,7,16,8,23,7,68656
0,7,17,8,23,7,68659
0,7,18,8,23,7,68662
0,7,19,8,23,7,68665
0,7,20,8,23,7,68668
0,7,21,8,23,7,68671
0,7,22,8,23,7,68674
0,7,1,9,23,7,68677
0,7,2,9,23,7,68680
0,7,3,9,23,7,68683
0,7,4,9,23,7,68686
0,7,5,9,23,7,68689
0,7,6,9,23,7,68692
0,7,7,9,23,7,68695
0,7,8,9,23,7,68698
0,7,9,9,23,7,68701
0,7,10,9,23,7,68704
0,7,11,9,23,7,68707
0,7,12,9,23,7,68710
0,7,13,9,23,7,68713
0,7,14,9,23,7,68716
0,7,15,9,23,7,68719
0,7,16,9,23,7,68722
0,7,17,9,23,7,68725
0,7,18,9,23,7,68728
0,7,19,9,23,7,68731
0,7,20,9,23,7,68734
0,7,21,9,23,7,68737
0,7,22,9,23,7,68740
0,7,1,10,23,7,68743
0,7,2,10,23,7,68746
0,7,3,10,23,7,68749
0,7,4,10,23,7,68752
0,7,5,10,23,7,68755
0,7,6,10,23,7,68758
0,7,7,10,23,7,68761
0,7,8,10,23,7,68764
0,7,9,10,23,7,68767
0,7,10,10,23,7,68770
0,7,11,10,23,7,68773
0,7,12,10,23,7,68776
0,7,13,10,23,7,68779
0,7,14,10,23,7,68782
0,7,15,10,23,7,68785
0,7,16,10,23,7,68788
0,7,17,10,23,7,68791
0,7,18,10,23,7,68794
0,7,19,10,23,7,68797
0,7,20,10,23,7,68800
0,7,21,10,23,7,68803
0,7,22,10,23,7,68806
0,7,1,11,23,7,68809
0,7,2,11,23,7,68812
0,7,3,11,23,7,68815
0,7,4,11,23,7,68818
0,7,5,11,23,7,68821
0,7,6,11,23,7,68824
0,7,7,11,23,7,68827
0,7,8,11,23,7,68830
0,7,9,11,23,7,68833
0,7,10,11,23,7,68836
0,7,11,11,23,7,68839
0,7,12,11,23,7,68842
0,7,13,11,23,7,68845
0,7,14,11,23,7,68848
0,7,15,11,23,7,68851
0,7,16,11,23,7,68854
0,7,17,11,23,7,68857
0,7,18,11,23,7,68860
0,7,19,11,23,7,68863
0,7,20,11,23,7,68866
0,7,21,11,23,7,68869
0,7,22,11,23,7,68872
0,7,1,12,23,7,68875
0,7,2,12,23,7,68878
0,7,3,12,23,7,68881
0,7,4,12,23,7,68884
0,7,5,12,23,7,68887
0,7,6,12,23,7,68890
0,7,7,12,23,7,68893
0,7,8,12,23,7,68896
0,7,9,12,23,7,68899
0,7,10,12,23,7,68902
0,7,11,12,23,7,68905
0,7,12,12,23,7,68908
0,7,13,12,23,7,68911
0,7,14,12,23,7,68914
0,7,15,12,23,7,68917
0,7,16,12,23,7,68920
0,7,17,12,23,7,68923
0,7,18,12,23,7,68926
0,7,19,12,23,7,68929
0,7,20,12,23,7,68932
0,7,21,12,23,7,68935
0,7,22,12,23,7,68938
0,7,0,13,23,7,68941
0,7,1,13,23,7,68944
0,7,2,13,23,7,68947
0,7,3,13,23,7,68950
0,7,4,13,23,7,68953
0,7,5,13,23,7,68956
0,7,6,13,23,7,68959
0,7,7,13,23,7,68962
0,7,8,13,23,7,68965
0,7,9,13,23,7,68968
0,7,10,13,23,7,68971
0,7,11,13,23,7,68974
0,7,12,13,23,7,68977
0,7,13,13,23,7,68980
0,7,14,13,23,7,68983
0,7,15,13,23,7,68986
0,7,16,13,23,7,68989
0,7,17,13,23,7,68992
0,7,18,13,23,7,68995
0,7,19,13,23,7,68998
0,7,20,13,23,7,69001
0,7,21,13,23,7,69004
0,7,22,13,23,7,69007
0,7,23,13,23,7,69010
0,7,0,0,23,8,69013
0,7,1,0,23,8,69016
0,7,2,0,23,8,69019
0,7,3,0,23,8,69022
0,7,4,0,23,8,69025
0,7,5,0,23,8,69028
0,7,6,0,23,8,69031
0,7,7,0,23,8,69034
0,7,8,0,23,8,69037
0,7,9,0,23,8,69040
0,7,10,0,23,8,69043
0,7,11,0,23,8,69046
0,7,12,0,23,8,69049
0,7,13,0,23,8,69052
0,7,14,0,23,8,69055
0,7,15,0,23,8,69058
0,7,16,0,23,8,69061
0,7,17,0,23,8,69064
0,7,18,0,23,8,69067
0,7,19,0,23,8,69070
0,7,20,0,23,8,69073
0,7,21,0,23,8,69076
0,7,22,0,23,8,69079
0,7,23,0,23,8,69082
0,7,0,1,23,8,69085
0,7,1,1,23,8,69088
0,7,2,1,23,8,69091
0,7,3,1,23,8,69094
0,7,4,1,23,8,69097
0,7,5,1,23,8,69100
0,7,6,1,23,8,69103
0,7,7,1,23,8,69106
0,7,8,1,23,8,69109
0,7,9,1,23,8,69112
0,7,10,1,23,8,69115
0,7,11,1,23,8,69118
0,7,12,1,23,8,69121
0,7,13,1,23,8,69124
0,7,14,1,23,8,69127
0,7,15,1,23,8,69130
0,7,16,1,23,8,69133
0,7,17,1,23,8,69136
0,7,18,1,23,8,69139
0,7,19,1,23,8,69142
0,7,20,1,23,8,69145
0,7,21,1,23,8,69148
0,7,22,1,23,8,69151
0,7,23,1,23,8,69154
0,7,0,2,23,8,69157
0,7,1,2,23,8,69160
0,7,2,2,23,8,69163
0,7,3,2,23,8,69166
0,7,4,2,23,8,69169
0,7,5,2,23,8,69172
0,7,6,2,23,8,69175
0,7,7,2,23,8,69178
0,7,8,2,23,8,69181
0,7,9,2,23,8,69184
0,7,10,2,23,8,69187
0,7,11,2,23,8,69190
0,7,12,2,23,8,69193
0,7,13,2,23,8,69196
0,7,14,2,23,8,69199
0,7,15,2,23,8,69202
0,7,16,2,23,8,69205
0,7,17,2,23,8,69208
0,7,18,2,23,8,69211
0,7,19,2,23,8,69214
0,7,20,2,23,8,69217
0,7,21,2,23,8,69220
0,7,22,2,23,8,69223
0,7,23,2,23,8,69226
0,7,0,3,23,8,69229
0,7,1,3,23,8,69232
0,7,2,3,23,8,69235
0,7,3,3,23,8,69238
0,7,4,3,23,8,69241
0,7,5,3,23,8,69244
0,7,6,3,23,8,69247
0,7,7,3,23,8,69250
0,7,8,3,23,8,69253
0,7,9,3,23,8,69256
0,7,10,3,23,8,69259
0,7,11,3,23,8,69262
0,7,12,3,23,8,69265
0,7,13,3,23,8,69268
0,7,14,3,23,8,69271
0,7,15,3,23,8,69274
0,7,16,3,23,8,69277
0,7,17,3,23,8,69280
0,7,18,3,23,8,69283
0,7,19,3,23,8,69286
0,7,20,3,23,8,69289
0,7,21,3,23,8,69292
0,7,22,3,23,8,69295
0,7,23,3,23,8,69298
0,7,0,4,23,8,69301
0,7,1,4,23,8,69304
0,7,2,4,23,8,69307
0,7,3,4,23,8,69310
0,7,4,4,23,8,69313
0,7,5,4,23,8,69316
0,7,6,4,23,8,69319
0,7,7,4,23,8,69322
0,7,8,4,23,8,69325
0,7,9,4,23,8,69328
0,7,10,4,23,8,69331
0,7,11,4,23,8,69334
0,7,12,4,23,8,69337
0,7,13,4,23,8,69340
0,7,14,4,23,8,69343
0,7,15,4,23,8,69346
0,7,16,4,23,8,69349
0,7,17,4,23,8,69352
0,7,18,4,23,8,69355
0,7,19,4,23,8,69358
0,7,20,4,23,8,69361
0,7,21,4,23,8,69364
0,7,22,4,23,8,69367
0,7,23,4,23,8,69370
0,7,0,5,23,8,69373
0,7,1,5,23,8,69376
0,7,2,5,23,8,69379
0,7,3,5,23,8,69382
0,7,4,5,23,8,69385
0,7,5,5,23,8,69388
0,7,6,5,23,8,69391
0,7,7,5,23,8,69394
0,7,8,5,23,8,69397
0,7,9,5,23,8,69400
0,7,10,5,23,8,69403
0,7,11,5,23,8,69406
0,7,12,5,23,8,69409
0,7,13,5,23,8,69412
0,7,14,5,23,8,69415
0,7,15,5,23,8,69418
0,7,16,5,23,8,69421
0,7,17,5,23,8,69424
0,7,18,5,23,8,69427
0,7,19,5,23,8,69430
0,7,20,5,23,8,69433
0,7,21,5,23,8,69436
0,7,22,5,23,8,69439
0,7,23,5,23,8,69442
0,7,0,6,23,8,69445
0,7,1,6,23,8,69448
0,7,2,6,23,8,69451
0,7,3,6,23,8,69454
0,7,4,6,23,8,69457
0,7,5,6,23,8,69460
0,7,6,6,23,8,69463
0,7,7,6,23,8,69466
0,7,8,6,23,8,69469
0,7,9,6,23,8,69472
0,7,10,6,23,8,69475
0,7,11,6,23,8,69478
0,7,12,6,23,8,69481
0,7,13,6,23,8,69484
0,7,14,6,23,8,69487
0,7,15,6,23,8,69490
0,7,16,6,23,8,69493
0,7,17,6,23,8,69496
0,7,18,6,23,8,69499
0,7,19,6,23,8,69502
0,7,20,6,23,8,69505
0,7,21,6,23,8,69508
0,7,22,6,23,8,69511
0,7,23,6,23,8,69514
0,7,1,7,23,8,69517
0,7,2,7,23,8,69520
0,7,3,7,23,8,69523
0,7,4,7,23,8,69526
0,7,5,7,23,8,69529
0,7,6,7,23,8,69532
0,7,7,7,23,8,69535
0,7,8,7,23,8,69538
0,7,9,7,23,8,69541
0,7,10,7,23,8,69544
0,7,11,7,23,8,69547
0,7,12,7,23,8,69550
0,7,13,7,23,8,69553
0,7,14,7,23,8,69556
0,7,15,7,23,8,69559
0,7,16,7,23,8,69562
0,7,17,7,23,8,69565
0,7,18,7,23,8,69568
0,7,19,7,23,8,69571
0,7,20,7,23,8,69574
0,7,21,7,23,8,69577
0,7,22,7,23,8,69580
0,7,23,7,23,8,69583
0,7,1,8,23,8,69586
0,7,2,8,23,8,69589
0,7,3,8,23,8,69592
0,7,4,8,23,8,69595
0,7,5,8,23,8,69598
0,7,6,8,23,8,69601
0,7,7,8,23,8,69604
0,7,8,8,23,8,69607
0,7,9,8,23,8,69610
0,7,10,8,23,8,69613
0,7,11,8,23,8,69616
0,7,12,8,23,8,69619
0,7,13,8,23,8,69622
0,7,14,8,23,8,69625
0,7,15,8,23,8,69628
0,7,16,8,23,8,69631
0,7,17,8,23,8,69634
0,7,18,8,23,8,69637
0,7,19,8,23,8,69640
0,7,20,8,23,8,69643
0,7,21,8,23,8,69646
0,7,22,8,23,8,69649
0,7,1,9,23,8,69652
0,7,2,9,23,8,69655
0,7,3,9,23,8,69658
0,7,4,9,23,8,69661
0,7,5,9,23,8,69664
0,7,6,9,23,8,69667
0,7,7,9,23,8,69670
0,7,8,9,23,8,69673
0,7,9,9,23,8,69676
0,7,10,9,23,8,69679
0,7,11,9,23,8,69682
0,7,12,9,23,8,69685
0,7,13,9,23,8,69688
0,7,14,9,23,8,69691
0,7,15,9,23,8,69694
0,7,16,9,23,8,69697
0,7,17,9,23,8,69700
0,7,18,9,23,8,69703
0,7,19,9,23,8,69706
0,7,20,9,23,8,69709
0,7,21,9,23,8,69712
0,7,22,9,23,8,69715
0,7,1,10,23,8,69718
0,7,2,10,23,8,69721
0,7,3,10,23,8,69724
0,7,4,10,23,8,69727
0,7,5,10,23,8,69730
0,7,6,10,23,8,69733
0,7,7,10,23,8,69736
0,7,8,10,23,8,69739
0,7,9,10,23,8,69742
0,7,10,10,23,8,69745
0,7,11,10,23,8,69748
0,7,12,10,23,8,69751
0,7,13,10,23,8,69754
0,7,14,10,23,8,69757
0,7,15,10,23,8,69760
0,7,16,10,23,8,69763
0,7,17,10,23,8,69766
0,7,18,10,23,8,69769
0,7,19,10,23,8,69772
0,7,20,10,23,8,69775
0,7,21,10,23,8,69778
0,7,22,10,23,8,69781
0,7,1,11,23,8,69784
0,7,2,11,23,8,69787
0,7,3,11,23,8,69790
0,7,4,11,23,8,69793
0,7,5,11,23,8,69796
0,7,6,11,23,8,69799
0,7,7,11,23,8,69802
0,7,8,11,23,8,69805
0,7,9,11,23,8,69808
0,7,10,11,23,8,69811
0,7,11,11,23,8,69814
0,7,12,11,23,8,69817
0,7,13,11,23,8,69820
0,7,14,11,23,8,69823
0,7,15,11,23,8,69826
0,7,16,11,23,8,69829
0,7,17,11,23,8,69832
0,7,18,11,23,8,69835
0,7,19,11,23,8,69838
0,7,20,11,23,8,69841
0,7,21,11,23,8,69844
0,7,22,11,23,8,69847
0,7,1,12,23,8,69850
0,7,2,12,23,8,69853
0,7,3,12,23,8,69856
0,7,4,12,23,8,69859
0,7,5,12,23,8,69862
0,7,6,12,23,8,69865
0,7,7,12,23,8,69868
0,7,8,12,23,8,69871
0,7,9,12,23,8,69874
0,7,10,12,23,8,69877
0,7,11,12,23,8,69880
0,7,12,12,23,8,69883
0,7,13,12,23,8,69886
0,7,14,12,23,8,69889
0,7,15,12,23,8,69892
0,7,16,12,23,8,69895
0,7,17,12,23,8,69898
0,7,18,12,23,8,69901
0,7,19,12,23,8,69904
0,7,20,12,23,8,69907
0,7,21,12,23,8,69910
0,7,22,12,23,8,69913
0,7,0,13,23,8,69916
0,7,1,13,23,8,69919
0,7,2,13,23,8,69922
0,7,3,13,23,8,69925
0,7,4,13,23,8,69928
0,7,5,13,23,8,69931
0,7,6,13,23,8,69934
0,7,7,13,23,8,69937
0,7,8,13,23,8,69940
0,7,9,13,23,8,69943
0,7,10,13,23,8,69946
0,7,11,13,23,8,69949
0,7,12,13,23,8,69952
0,7,13,13,23,8,69955
0,7,14,13,23,8,69958
0,7,15,13,23,8,69961
0,7,16,13,23,8,69964
0,7,17,13,23,8,69967
0,7,18,13,23,8,69970
0,7,19,13,23,8,69973
0,7,20,13,23,8,69976
0,7,21,13,23,8,69979
0,7,22,13,23,8,69982
0,8,0,0,23,0,69985
0,8,1,0,23,0,69988
0,8,2,0,23,0,69991
0,8,3,0,23,0,69994
0,8,4,0,23,0,69997
0,8,5,0,23,0,70000
0,8,6,0,23,0,70003
0,8,7,0,23,0,70006
0,8,8,0,23,0,70009
0,8,9,0,23,0,70012
0,8,10,0,23,0,70015
0,8,11,0,23,0,70018
0,8,12,0,23,0,70021
0,8,13,0,23,0,70024
0,8,14,0,23,0,70027
0,8,15,0,23,0,70030
0,8,16,0,23,0,70033
0,8,17,0,23,0,70036
0,8,18,0,23,0,70039
0,8,19,0,23,0,70042
0,8,20,0,23,0,70045
0,8,21,0,23,0,70048
0,8,22,0,23,0,70051
0,8,0,1,23,0,70054
0,8,1,1,23,0,70057
0,8,2,1,23,0,70060
0,8,3,1,23,0,70063
0,8,4,1,23,0,70066
0,8,5,1,23,0,70069
0,8,6,1,23,0,70072
0,8,7,1,23,0,70075
0,8,8,1,23,0,70078
0,8,9,1,23,0,70081
0,8,10,1,23,0,70084
0,8,11,1,23,0,70087
0,8,12,1,23,0,70090
0,8,13,1,23,0,70093
0,8,14,1,23,0,70096
0,8,15,1,23,0,70099
0,8,16,1,23,0,70102
0,8,17,1,23,0,70105
0,8,18,1,23,0,70108
0,8,19,1,23,0,70111
0,8,20,1,23,0,70114
0,8,21,1,23,0,70117
0,8,22,1,23,0,70120
0,8,0,2,23,0,70123
0,8,1,2,23,0,70126
0,8,2,2,23,0,70129
0,8,3,2,23,0,70132
0,8,4,2,23,0,70135
0,8,5,2,23,0,70138
0,8,6,2,23,0,70141
0,8,7,2,23,0,70144
0,8,8,2,23,0,70147
0,8,9,2,23,0,70150
0,8,10,2,23,0,70153
0,8,11,2,23,0,70156
0,8,12,2,23,0,70159
0,8,13,2,23,0,70162
0,8,14,2,23,0,70165
0,8,15,2,23,0,70168
0,8,16,2,23,0,70171
0,8,17,2,23,0,70174
0,8,18,2,23,0,70177
0,8,19,2,23,0,70180
0,8,20,2,23,0,70183
0,8,21,2,23,0,70186
0,8,22,2,23,0,70189
0,8,0,3,23,0,70192
0,8,1,3,23,0,70195
0,8,2,3,23,0,70198
0,8,3,3,23,0,70201
0,8,4,3,23,0,70204
0,8,5,3,23,0,70207
0,8,6,3,23,0,70210
0,8,7,3,23,0,70213
0,8,8,3,23,0,70216
0,8,9,3,23,0,70219
0,8,10,3,23,0,70222
0,8,11,3,23,0,70225
0,8,12,3,23,0,70228
0,8,13,3,23,0,70231
0,8,14,3,23,0,70234
0,8,15,3,23,0,70237
0,8,16,3,23,0,70240
0,8,17,3,23,0,70243
0,8,18,3,23,0,70246
0,8,19,3,23,0,70249
0,8,20,3,23,0,70252
0,8,21,3,23,0,70255
0,8,22,3,23,0,70258
0,8,0,4,23,0,70261
0,8,1,4,23,0,70264
0,8,2,4,23,0,70267
0,8,3,4,23,0,70270
0,8,4,4,23,0,70273
0,8,5,4,23,0,70276
0,8,6,4,23,0,70279
0,8,7,4,23,0,70282
0,8,8,4,23,0,70285
0,8,9,4,23,0,70288
0,8,10,4,23,0,70291
0,8,11,4,23,0,70294
0,8,12,4,23,0,70297
0,8,13,4,23,0,70300
0,8,14,4,23,0,70303
0,8,15,4,23,0,70306
0,8,16,4,23,0,70309
0,8,17,4,23,0,70312
0,8,18,4,23,0,70315
0,8,19,4,23,0,70318
0,8,20,4,23,0,70321
0,8,21,4,23,0,70324
0,8,22,4,23,0,70327
0,8,0,5,23,0,70330
0,8,1,5,23,0,70333
0,8,2,5,23,0,70336
0,8,3,5,23,0,70339
0,8,4,5,23,0,70342
0,8,5,5,23,0,70345
0,8,6,5,23,0,70348
0,8,7,5,23,0,70351
0,8,8,5,23,0,70354
0,8,9,5,23,0,70357
0,8,10,5,23,0,70360
0,8,11,5,23,0,70363
0,8,12,5,23,0,70366
0,8,13,5,23,0,70369
0,8,14,5,23,0,70372
0,8,15,5,23,0,70375
0,8,16,5,23,0,70378
0,8,17,5,23,0,70381
0,8,18,5,23,0,70384
0,8,19,5,23,0,70387
0,8,20,5,23,0,70390
0,8,21,5,23,0,70393
0,8,22,5,23,0,70396
0,8,0,6,23,0,70399
0,8,1,6,23,0,70402
0,8,2,6,23,0,70405
0,8,3,6,23,0,70408
0,8,4,6,23,0,70411
0,8,5,6,23,0,70414
0,8,6,6,23,0,70417
0,8,7,6,23,0,70420
0,8,8,6,23,0,70423
0,8,9,6,23,0,70426
0,8,10,6,23,0,70429
0,8,11,6,23,0,70432
0,8,12,6,23,0,70435
0,8,13,6,23,0,70438
0,8,14,6,23,0,70441
0,8,15,6,23,0,70444
0,8,16,6,23,0,70447
0,8,17,6,23,0,70450
0,8,18,6,23,0,70453
0,8,19,6,23,0,70456
0,8,20,6,23,0,70459
0,8,21,6,23,0,70462
0,8,22,6,23,0,70465
0,8,23,6,23,0,70468
0,8,0,7,23,0,70471
0,8,1,7,23,0,70474
0,8,2,7,23,0,70477
0,8,3,7,23,0,70480
0,8,4,7,23,0,70483
0,8,5,7,23,0,70486
0,8,6,7,23,0,70489
0,8,7,7,23,0,70492
0,8,8,7,23,0,70495
0,8,9,7,23,0,70498
0,8,10,7,23,0,70501
0,8,11,7,23,0,70504
0,8,12,7,23,0,70507
0,8,13,7,23,0,70510
0,8,14,7,23,0,70513
0,8,15,7,23,0,70516
0,8,16,7,23,0,70519
0,8,17,7,23,0,70522
0,8,18,7,23,0,70525
0,8,19,7,23,0,70528
0,8,20,7,23,0,70531
0,8,21,7,23,0,70534
0,8,22,7,23,0,70537
0,8,23,7,23,0,70540
0,8,1,8,23,0,70543
0,8,2,8,23,0,70546
0,8,3,8,23,0,70549
0,8,4,8,23,0,70552
0,8,5,8,23,0,70555
0,8,6,8,23,0,70558
0,8,7,8,23,0,70561
0,8,8,8,23,0,70564
0,8,9,8,23,0,70567
0,8,10,8,23,0,70570
0,8,11,8,23,0,70573
0,8,12,8,23,0,70576
0,8,13,8,23,0,70579
0,8,14,8,23,0,70582
0,8,15,8,23,0,70585
0,8,16,8,23,0,70588
0,8,17,8,23,0,70591
0,8,18,8,23,0,70594
0,8,19,8,23,0,70597
0,8,20,8,23,0,70600
0,8,21,8,23,0,70603
0,8,22,8,23,0,70606
0,8,23,8,23,0,70609
0,8,1,9,23,0,70612
0,8,2,9,23,0,70615
0,8,3,9,23,0,70618
0,8,4,9,23,0,70621
0,8,5,9,23,0,70624
0,8,6,9,23,0,70627
0,8,7,9,23,0,70630
0,8,8,9,23,0,70633
0,8,9,9,23,0,70636
0,8,10,9,23,0,70639
0,8,11,9,23,0,70642
0,8,12,9,23,0,70645
0,8,13,9,23,0,70648
0,8,14,9,23,0,70651
0,8,15,9,23,0,70654
0,8,16,9,23,0,70657
0,8,17,9,23,0,70660
0,8,18,9,23,0,70663
0,8,19,9,23,0,70666
0,8,20,9,23,0,70669
0,8,21,9,23,0,70672
0,8,22,9,23,0,70675
0,8,23,9,23,0,70678
0,8,1,10,23,0,70681
0,8,2,10,23,0,70684
0,8,3,10,23,0,70687
0,8,4,10,23,0,70690
0,8,5,10,23,0,70693
0,8,6,10,23,0,70696
0,8,7,10,23,0,70699
0,8,8,10,23,0,70702
0,8,9,10,23,0,70705
0,8,10,10,23,0,70708
0,8,11,10,23,0,70711
0,8,12,10,23,0,70714
0,8,13,10,23,0,70717
0,8,14,10,23,0,70720
0,8,15,10,23,0,70723
0,8,16,10,23,0,70726
0,8,17,10,23,0,70729
0,8,18,10,23,0,70732
0,8,19,10,23,0,70735
0,8,20,10,23,0,70738
0,8,21,10,23,0,70741
0,8,22,10,23,0,70744
0,8,23,10,23,0,70747
0,8,1,11,23,0,70750
0,8,2,11,23,0,70753
0,8,3,11,23,0,70756
0,8,4,11,23,0,70759
0,8,5,11,23,0,70762
0,8,6,11,23,0,70765
0,8,7,11,23,0,70768
0,8,8,11,23,0,70771
0,8,9,11,23,0,70774
0,8,10,11,23,0,70777
0,8,11,11,23,0,70780
0,8,12,11,23,0,70783
0,8,13,11,23,0,70786
0,8,14,11,23,0,70789
0,8,15,11,23,0,70792
0,8,16,11,23,0,70795
0,8,17,11,23,0,70798
0,8,18,11,23,0,70801
0,8,19,11,23,0,70804
0,8,20,11,23,0,70807
0,8,21,11,23,0,70810
0,8,22,11,23,0,70813
0,8,23,11,23,0,70816
0,8,1,12,23,0,70819
0,8,2,12,23,0,70822
0,8,3,12,23,0,70825
0,8,4,12,23,0,70828
0,8,5,12,23,0,70831
0,8,6,12,23,0,70834
0,8,7,12,23,0,70837
0,8,8,12,23,0,70840
0,8,9,12,23,0,70843
0,8,10,12,23,0,70846
0,8,11,12,23,0,70849
0,8,12,12,23,0,70852
0,8,13,12,23,0,70855
0,8,14,12,23,0,70858
0,8,15,12,23,0,70861
0,8,16,12,23,0,70864
0,8,17,12,23,0,70867
0,8,18,12,23,0,70870
0,8,19,12,23,0,70873
0,8,20,12,23,0,70876
0,8,21,12,23,0,70879
0,8,22,12,23,0,70882
0,8,23,12,23,0,70885
0,8,1,13,23,0,70888
0,8,2,13,23,0,70891
0,8,3,13,23,0,70894
0,8,4,13,23,0,70897
0,8,5,13,23,0,70900
0,8,6,13,23,0,70903
0,8,7,13,23,0,70906
0,8,8,13,23,0,70909
0,8,9,13,23,0,70912
0,8,10,13,23,0,70915
0,8,11,13,23,0,70918
0,8,12,13,23,0,70921
0,8,13,13,23,0,70924
0,8,14,13,23,0,70927
0,8,15,13,23,0,70930
0,8,16,13,23,0,70933
0,8,17,13,23,0,70936
0,8,18,13,23,0,70939
0,8,19,13,23,0,70942
0,8,20,13,23,0,70945
0,8,21,13,23,0,70948
0,8,22,13,23,0,70951
0,8,23,13,23,0,70954
0,8,0,0,23,1,70957
0,8,1,0,23,1,70960
0,8,2,0,23,1,70963
0,8,3,0,23,1,70966
0,8,4,0,23,1,70969
0,8,5,0,23,1,70972
0,8,6,0,23,1,70975
0,8,7,0,23,1,70978
0,8,8,0,23,1,70981
0,8,9,0,23,1,70984
0,8,10,0,23,1,70987
0,8,11,0,23,1,70990
0,8,12,0,23,1,70993
0,8,13,0,23,1,70996
0,8,14,0,23,1,70999
0,8,15,0,23,1,71002
0,8,16,0,23,1,71005
0,8,17,0,23,1,71008
0,8,18,0,23,1,71011
0,8,19,0,23,1,71014
0,8,20,0,23,1,71017
0,8,21,0,23,1,71020
0,8,22,0,23,1,71023
0,8,23,0,23,1,71026
0,8,0,1,23,1,71029
0,8,1,1,23,1,71032
0,8,2,1,23,1,71035
0,8,3,1,23,1,71038
0,8,4,1,23,1,71041
0,8,5,1,23,1,71044
0,8,6,1,23,1,71047
0,8,7,1,23,1,71050
0,8,8,1,23,1,71053
0,8,9,1,23,1,71056
0,8,10,1,23,1,71059
0,8,11,1,23,1,71062
0,8,12,1,23,1,71065
0,8,13,1,23,1,71068
0,8,14,1,23,1,71071
0,8,15,1,23,1,71074
0,8,16,1,23,1,71077
0,8,17,1,23,1,71080
0,8,18,1,23,1,71083
0,8,19,1,23,1,71086
0,8,20,1,23,1,71089
0,8,21,1,23,1,71092
0,8,22,1,23,1,71095
0,8,0,2,23,1,71098
0,8,1,2,23,1,71101
0,8,2,2,23,1,71104
0,8,3,2,23,1,71107
0,8,4,2,23,1,71110
0,8,5,2,23,1,71113
0,8,6,2,23,1,71116
0,8,7,2,23,1,71119
0,8,8,2,23,1,71122
0,8,9,2,23,1,71125
0,8,10,2,23,1,71128
0,8,11,2,23,1,71131
0,8,12,2,23,1,71134
0,8,13,2,23,1,71137
0,8,14,2,23,1,71140
0,8,15,2,23,1,71143
0,8,16,2,23,1,71146
0,8,17,2,23,1,71149
0,8,18,2,23,1,71152
0,8,19,2,23,1,71155
0,8,20,2,23,1,71158
0,8,21,2,23,1,71161
0,8,22,2,23,1,71164
0,8,0,3,23,1,71167
0,8,1,3,23,1,71170
0,8,2,3,23,1,71173
0,8,3,3,23,1,71176
0,8,4,3,23,1,71179
0,8,5,3,23,1,71182
0,8,6,3,23,1,71185
0,8,7,3,23,1,71188
0,8,8,3,23,1,71191
0,8,9,3,23,1,71194
0,8,10,3,23,1,71197
0,8,11,3,23,1,71200
0,8,12,3,23,1,71203
0,8,13,3,23,1,71206
0,8,14,3,23,1,71209
0,8,15,3,23,1,71212
0,8,16,3,23,1,71215
0,8,17,3,23,1,71218
0,8,18,3,23,1,71221
0,8,19,3,23,1,71224
0,8,20,3,23,1,71227
0,8,21,3,23,1,71230
0,8,22,3,23,1,71233
0,8,0,4,23,1,71236
0,8,1,4,23,1,71239
0,8,2,4,23,1,71242
0,8,3,4,23,1,71245
0,8,4,4,23,1,71248
0,8,5,4,23,1,71251
0,8,6,4,23,1,71254
0,8,7,4,23,1,71257
0,8,8,4,23,1,71260
0,8,9,4,23,1,71263
0,8,10,4,23,1,71266
0,8,11,4,23,1,71269
0,8,12,4,23,1,71272
0,8,13,4,23,1,71275
0,8,14,4,23,1,71278
0,8,15,4,23,1,71281
0,8,16,4,23,1,71284
0,8,17,4,23,1,71287
0,8,18,4,23,1,71290
0,8,19,4,23,1,71293
0,8,20,4,23,1,71296
0,8,21,4,23,1,71299
0,8,22,4,23,1,71302
0,8,0,5,23,1,71305
0,8,1,5,23,1,71308
0,8,2,5,23,1,71311
0,8,3,5,23,1,71314
0,8,4,5,23,1,71317
0,8,5,5,23,1,71320
0,8,6,5,23,1,71323
0,8,7,5,23,1,71326
0,8,8,5,23,1,71329
0,8,9,5,23,1,71332
0,8,10,5,23,1,71335
0,8,11,5,23,1,71338
0,8,12,5,23,1,71341
0,8,13,5,23,1,71344
0,8,14,5,23,1,71347
0,8,15,5,23,1,71350
0,8,16,5,23,1,71353
0,8,17,5,23,1,71356
0,8,18,5,23,1,71359
0,8,19,5,23,1,71362
0,8,20,5,23,1,71365
0,8,21,5,23,1,71368
0,8,22,5,23,1,71371
0,8,0,6,23,1,71374
0,8,1,6,23,1,71377
0,8,2,6,23,1,71380
0,8,3,6,23,1,71383
0,8,4,6,23,1,71386
0,8,5,6,23,1,71389
0,8,6,6,23,1,71392
0,8,7,6,23,1,71395
0,8,8,6,23,1,71398
0,8,9,6,23,1,71401
0,8,10,6,23,1,71404
0,8,11,6,23,1,71407
0,8,12,6,23,1,71410
0,8,13,6,23,1,71413
0,8,14,6,23,1,71416
0,8,15,6,23,1,71419
0,8,16,6,23,1,71422
0,8,17,6,23,1,71425
0,8,18,6,23,1,71428
0,8,19,6,23,1,71431
0,8,20,6,23,1,71434
0,8,21,6,23,1,71437
0,8,22,6,23,1,71440
0,8,0,7,23,1,71443
0,8,1,7,23,1,71446
0,8,2,7,23,1,71449
0,8,3,7,23,1,71452
0,8,4,7,23,1,71455
0,8,5,7,23,1,71458
0,8,6,7,23,1,71461
0,8,7,7,23,1,71464
0,8,8,7,23,1,71467
0,8,9,7,23,1,71470
0,8,10,7,23,1,71473
0,8,11,7,23,1,71476
0,8,12,7,23,1,71479
0,8,13,7,23,1,71482
0,8,14,7,23,1,71485
0,8,15,7,23,1,71488
0,8,16,7,23,1,71491
0,8,17,7,23,1,71494
0,8,18,7,23,1,71497
0,8,19,7,23,1,71500
0,8,20,7,23,1,71503
0,8,21,7,23,1,71506
0,8,22,7,23,1,71509
0,8,23,7,23,1,71512
0,8,1,8,23,1,71515
0,8,2,8,23,1,71518
0,8,3,8,23,1,71521
0,8,4,8,23,1,71524
0,8,5,8,23,1,71527
0,8,6,8,23,1,71530
0,8,7,8,23,1,71533
0,8,8,8,23,1,71536
0,8,9,8,23,1,71539
0,8,10,8,23,1,71542
0,8,11,8,23,1,71545
0,8,12,8,23,1,71548
0,8,13,8,23,1,71551
0,8,14,8,23,1,71554
0,8,15,8,23,1,71557
0,8,16,8,23,1,71560
0,8,17,8,23,1,71563
0,8,18,8,23,1,71566
0,8,19,8,23,1,71569
0,8,20,8,23,1,71572
0,8,21,8,23,1,71575
0,8,22,8,23,1,71578
0,8,23,8,23,1,71581
0,8,1,9,23,1,71584
0,8,2,9,23,1,71587
0,8,3,9,23,1,71590
0,8,4,9,23,1,71593
0,8,5,9,23,1,71596
0,8,6,9,23,1,71599
0,8,7,9,23,1,71602
0,8,8,9,23,1,71605
0,8,9,9,23,1,71608
0,8,10,9,23,1,71611
0,8,11,9,23,1,71614
0,8,12,9,23,1,71617
0,8,13,9,23,1,71620
0,8,14,9,23,1,71623
0,8,15,9,23,1,71626
0,8,16,9,23,1,71629
0,8,17,9,23,1,71632
0,8,18,9,23,1,71635
0,8,19,9,23,1,71638
0,8,20,9,23,1,71641
0,8,21,9,23,1,71644
0,8,22,9,23,1,71647
0,8,23,9,23,1,71650
0,8,1,10,23,1,71653
0,8,2,10,23,1,71656
0,8,3,10,23,1,71659
0,8,4,10,23,1,71662
0,8,5,10,23,1,71665
0,8,6,10,23,1,71668
0,8,7,10,23,1,71671
0,8,8,10,23,1,71674
0,8,9,10,23,1,71677
0,8,10,10,23,1,71680
0,8,11,10,23,1,71683
0,8,12,10,23,1,71686
0,8,13,10,23,1,71689
0,8,14,10,23,1,71692
0,8,15,10,23,1,71695
0,8,16,10,23,1,71698
0,8,17,10,23,1,71701
0,8,18,10,23,1,71704
0,8,19,10,23,1,71707
0,8,20,10,23,1,71710
0,8,21,10,23,1,71713
0,8,22,10,23,1,71716
0,8,23,10,23,1,71719
0,8,1,11,23,1,71722
0,8,2,11,23,1,71725
0,8,3,11,23,1,71728
0,8,4,11,23,1,71731
0,8,5,11,23,1,71734
0,8,6,11,23,1,71737
0,8,7,11,23,1,71740
0,8,8,11,23,1,71743
0,8,9,11,23,1,71746
0,8,10,11,23,1,71749
0,8,11,11,23,1,71752
0,8,12,11,23,1,71755
0,8,13,11,23,1,71758
0,8,14,11,23,1,71761
0,8,15,11,23,1,71764
0,8,16,11,23,1,71767
0,8,17,11,23,1,71770
0,8,18,11,23,1,71773
0,8,19,11,23,1,71776
0,8,20,11,23,1,71779
0,8,21,11,23,1,71782
0,8,22,11,23,1,71785
0,8,23,11,23,1,71788
0,8,1,12,23,1,71791
0,8,2,12,23,1,71794
0,8,3,12,23,1,71797
0,8,4,12,23,1,71800
0,8,5,12,23,1,71803
0,8,6,12,23,1,71806
0,8,7,12,23,1,71809
0,8,8,12,23,1,71812
0,8,9,12,23,1,71815
0,8,10,12,23,1,71818
0,8,11,12,23,1,71821
0,8,12,12,23,1,71824
0,8,13,12,23,1,71827
0,8,14,12,23,1,71830
0,8,15,12,23,1,71833
0,8,16,12,23,1,71836
0,8,17,12,23,1,71839
0,8,18,12,23,1,71842
0,8,19,12,23,1,71845
0,8,20,12,23,1,71848
0,8,21,12,23,1,71851
0,8,22,12,23,1,71854
0,8,23,12,23,1,71857
0,8,1,13,23,1,71860
0,8,2,13,23,1,71863
0,8,3,13,23,1,71866
0,8,4,13,23,1,71869
0,8,5,13,23,1,71872
0,8,6,13,23,1,71875
0,8,7,13,23,1,71878
0,8,8,13,23,1,71881
0,8,9,13,23,1,71884
0,8,10,13,23,1,71887
0,8,11,13,23,1,71890
0,8,12,13,23,1,71893
0,8,13,13,23,1,71896
0,8,14,13,23,1,71899
0,8,15,13,23,1,71902
0,8,16,13,23,1,71905
0,8,17,13,23,1,71908
0,8,18,13,23,1,71911
0,8,19,13,23,1,71914
0,8,20,13,23,1,71917
0,8,21,13,23,1,71920
0,8,22,13,23,1,71923
0,8,23,13,23,1,71926
0,8,0,0,23,2,71929
0,8,1,0,23,2,71932
0,8,2,0,23,2,71935
0,8,3,0,23,2,71938
0,8,4,0,23,2,71941
0,8,5,0,23,2,71944
0,8,6,0,23,2,71947
0,8,7,0,23,2,71950
0,8,8,0,23,2,71953
0,8,9,0,23,2,71956
0,8,10,0,23,2,71959
0,8,11,0,23,2,71962
0,8,12,0,23,2,71965
0,8,13,0,23,2,71968
0,8,14,0,23,2,71971
0,8,15,0,23,2,71974
0,8,16,0,23,2,71977
0,8,17,0,23,2,71980
0,8,18,0,23,2,71983
0,8,19,0,23,2,71986
0,8,20,0,23,2,71989
0,8,21,0,23,2,71992
0,8,22,0,23,2,71995
0,8,23,0,23,2,71998
0,8,0,1,23,2,72001
0,8,1,1,23,2,72004
0,8,2,1,23,2,72007
0,8,3,1,23,2,72010
0,8,4,1,23,2,72013
0,8,5,1,23,2,72016
0,8,6,1,23,2,72019
0,8,7,1,23,2,72022
0,8,8,1,23,2,72025
0,8,9,1,23,2,72028
0,8,10,1,23,2,72031
0,8,11,1,23,2,72034
0,8,12,1,23,2,72037
0,8,13,1,23,2,72040
0,8,14,1,23,2,72043
0,8,15,1,23,2,72046
0,8,16,1,23,2,72049
0,8,17,1,23,2,72052
0,8,18,1,23,2,72055
0,8,19,1,23,2,72058
0,8,20,1,23,2,72061
0,8,21,1,23,2,72064
0,8,22,1,23,2,72067
0,8,23,1,23,2,72070
0,8,0,2,23,2,72073
0,8,1,2,23,2,72076
0,8,2,2,23,2,72079
0,8,3,2,23,2,72082
0,8,4,2,23,2,72085
0,8,5,2,23,2,72088
0,8,6,2,23,2,72091
0,8,7,2,23,2,72094
0,8,8,2,23,2,72097
0,8,9,2,23,2,72100
0,8,10,2,23,2,72103
0,8,11,2,23,2,72106
0,8,12,2,23,2,72109
0,8,13,2,23,2,72112
0,8,14,2,23,2,72115
0,8,15,2,23,2,72118
0,8,16,2,23,2,72121
0,8,17,2,23,2,72124
0,8,18,2,23,2,72127
0,8,19,2,23,2,72130
0,8,20,2,23,2,72133
0,8,21,2,23,2,72136
0,8,22,2,23,2,72139
0,8,0,3,23,2,72142
0,8,1,3,23,2,72145
0,8,2,3,23,2,72148
0,8,3,3,23,2,72151
0,8,4,3,23,2,72154
0,8,5,3,23,2,72157
0,8,6,3,23,2,72160
0,8,7,3,23,2,72163
0,8,8,3,23,2,72166
0,8,9,3,23,2,72169
0,8,10,3,23,2,72172
0,8,11,3,23,2,72175
0,8,12,3,23,2,72178
0,8,13,3,23,2,72181
0,8,14,3,23,2,72184
0,8,15,3,23,2,72187
0,8,16,3,23,2,72190
0,8,17,3,23,2,72193
0,8,18,3,23,2,72196
0,8,19,3,23,2,72199
0,8,20,3,23,2,72202
0,8,21,3,23,2,72205
0,8,22,3,23,2,72208
0,8,0,4,23,2,72211
0,8,1,4,23,2,72214
0,8,2,4,23,2,72217
0,8,3,4,23,2,72220
0,8,4,4,23,2,72223
0,8,5,4,23,2,72226
0,8,6,4,23,2,72229
0,8,7,4,23,2,72232
0,8,8,4,23,2,72235
0,8,9,4,23,2,72238
0,8,10,4,23,2,72241
0,8,11,4,23,2,72244
0,8,12,4,23,2,72247
0,8,13,4,23,2,72250
0,8,14,4,23,2,72253
0,8,15,4,23,2,72256
0,8,16,4,23,2,72259
0,8,17,4,23,2,72262
0,8,18,4,23,2,72265
0,8,19,4,23,2,72268
0,8,20,4,23,2,72271
0,8,21,4,23,2,72274
0,8,22,4,23,2,72277
0,8,0,5,23,2,72280
0,8,1,5,23,2,72283
0,8,2,5,23,2,72286
0,8,3,5,23,2,72289
0,8,4,5,23,2,72292
0,8,5,5,23,2,72295
0,8,6,5,23,2,72298
0,8,7,5,23,2,72301
0,8,8,5,23,2,72304
0,8,9,5,23,2,72307
0,8,10,5,23,2,72310
0,8,11,5,23,2,72313
0,8,12,5,23,2,72316
0,8,13,5,23,2,72319
0,8,14,5,23,2,72322
0,8,15,5,23,2,72325
0,8,16,5,23,2,72328
0,8,17,5,23,2,72331
0,8,18,5,23,2,72334
0,8,19,5,23,2,72337
0,8,20,5,23,2,72340
0,8,21,5,23,2,72343
0,8,22,5,23,2,72346
0,8,0,6,23,2,72349
0,8,1,6,23,2,72352
0,8,2,6,23,2,72355
0,8,3,6,23,2,72358
0,8,4,6,23,2,72361
0,8,5,6,23,2,72364
0,8,6,6,23,2,72367
0,8,7,6,23,2,72370
0,8,8,6,23,2,72373
0,8,9,6,23,2,72376
0,8,10,6,23,2,72379
0,8,11,6,23,2,72382
0,8,12,6,23,2,72385
0,8,13,6,23,2,72388
0,8,14,6,23,2,72391
0,8,15,6,23,2,72394
0,8,16,6,23,2,72397
0,8,17,6,23,2,72400
0,8,18,6,23,2,72403
0,8,19,6,23,2,72406
0,8,20,6,23,2,72409
0,8,21,6,23,2,72412
0,8,22,6,23,2,72415
0,8,0,7,23,2,72418
0,8,1,7,23,2,72421
0,8,2,7,23,2,72424
0,8,3,7,23,2,72427
0,8,4,7,23,2,72430
0,8,5,7,23,2,72433
0,8,6,7,23,2,72436
0,8,7,7,23,2,72439
0,8,8,7,23,2,72442
0,8,9,7,23,2,72445
0,8,10,7,23,2,72448
0,8,11,7,23,2,72451
0,8,12,7,23,2,72454
0,8,13,7,23,2,72457
0,8,14,7,23,2,72460
0,8,15,7,23,2,72463
0,8,16,7,23,2,72466
0,8,17,7,23,2,72469
0,8,18,7,23,2,72472
0,8,19,7,23,2,72475
0,8,20,7,23,2,72478
0,8,21,7,23,2,72481
0,8,22,7,23,2,72484
0,8,1,8,23,2,72487
0,8,2,8,23,2,72490
0,8,3,8,23,2,72493
0,8,4,8,23,2,72496
0,8,5,8,23,2,72499
0,8,6,8,23,2,72502
0,8,7,8,23,2,72505
0,8,8,8,23,2,72508
0,8,9,8,23,2,72511
0,8,10,8,23,2,72514
0,8,11,8,23,2,72517
0,8,12,8,23,2,72520
0,8,13,8,23,2,72523
0,8,14,8,23,2,72526
0,8,15,8,23,2,72529
0,8,16,8,23,2,72532
0,8,17,8,23,2,72535
0,8,18,8,23,2,72538
0,8,19,8,23,2,72541
0,8,20,8,23,2,72544
0,8,21,8,23,2,72547
0,8,22,8,23,2,72550
0,8,23,8,23,2,72553
0,8,1,9,23,2,72556
0,8,2,9,23,2,72559
0,8,3,9,23,2,72562
0,8,4,9,23,2,72565
0,8,5,9,23,2,72568
0,8,6,9,23,2,72571
0,8,7,9,23,2,72574
0,8,8,9,23,2,72577
0,8,9,9,23,2,72580
0,8,10,9,23,2,72583
0,8,11,9,23,2,72586
0,8,12,9,23,2,72589
0,8,13,9,23,2,72592
0,8,14,9,23,2,72595
0,8,15,9,23,2,72598
0,8,16,9,23,2,72601
0,8,17,9,23,2,72604
0,8,18,9,23,2,72607
0,8,19,9,23,2,72610
0,8,20,9,23,2,72613
0,8,21,9,23,2,72616
0,8,22,9,23,2,72619
0,8,23,9,23,2,72622
0,8,1,10,23,2,72625
0,8,2,10,23,2,72628
0,8,3,10,23,2,72631
0,8,4,10,23,2,72634
0,8,5,10,23,2,72637
0,8,6,10,23,2,72640
0,8,7,10,23,2,72643
0,8,8,10,23,2,72646
0,8,9,10,23,2,72649
0,8,10,10,23,2,72652
0,8,11,10,23,2,72655
0,8,12,10,23,2,72658
0,8,13,10,23,2,72661
0,8,14,10,23,2,72664
0,8,15,10,23,2,72667
0,8,16,10,23,2,72670
0,8,17,10,23,2,72673
0,8,18,10,23,2,72676
0,8,19,10,23,2,72679
0,8,20,10,23,2,72682
0,8,21,10,23,2,72685
0,8,22,10,23,2,72688
0,8,23,10,23,2,72691
0,8,1,11,23,2,72694
0,8,2,11,23,2,72697
0,8,3,11,23,2,72700
0,8,4,11,23,2,72703
0,8,5,11,23,2,72706
0,8,6,11,23,2,72709
0,8,7,11,23,2,72712
0,8,8,11,23,2,72715
0,8,9,11,23,2,72718
0,8,10,11,23,2,72721
0,8,11,11,23,2,72724
0,8,12,11,23,2,72727
0,8,13,11,23,2,72730
0,8,14,11,23,2,72733
0,8,15,11,23,2,72736
0,8,16,11,23,2,72739
0,8,17,11,23,2,72742
0,8,18,11,23,2,72745
0,8,19,11,23,2,72748
0,8,20,11,23,2,72751
0,8,21,11,23,2,72754
0,8,22,11,23,2,72757
0,8,23,11,23,2,72760
0,8,1,12,23,2,72763
0,8,2,12,23,2,72766
0,8,3,12,23,2,72769
0,8,4,12,23,2,72772
0,8,5,12,23,2,72775
0,8,6,12,23,2,72778
0,8,7,12,23,2,72781
0,8,8,12,23,2,72784
0,8,9,12,23,2,72787
0,8,10,12,23,2,72790
0,8,11,12,23,2,72793
0,8,12,12,23,2,72796
0,8,13,12,23,2,72799
0,8,14,12,23,2,72802
0,8,15,12,23,2,72805
0,8,16,12,23,2,72808
0,8,17,12,23,2,72811
0,8,18,12,23,2,72814
0,8,19,12,23,2,72817
0,8,20,12,23,2,72820
0,8,21,12,23,2,72823
0,8,22,12,23,2,72826
0,8,23,12,23,2,72829
0,8,1,13,23,2,72832
0,8,2,13,23,2,72835
0,8,3,13,23,2,72838
0,8,4,13,23,2,72841
0,8,5,13,23,2,72844
0,8,6,13,23,2,72847
0,8,7,13,23,2,72850
0,8,8,13,23,2,72853
0,8,9,13,23,2,72856
0,8,10,13,23,2,72859
0,8,11,13,23,2,72862
0,8,12,13,23,2,72865
0,8,13,13,23,2,72868
0,8,14,13,23,2,72871
0,8,15,13,23,2,72874
0,8,16,13,23,2,72877
0,8,17,13,23,2,72880
0,8,18,13,23,2,72883
0,8,19,13,23,2,72886
0,8,20,13,23,2,72889
0,8,21,13,23,2,72892
0,8,22,13,23,2,72895
0,8,23,13,23,2,72898
0,8,0,0,23,3,72901
0,8,1,0,23,3,72904
0,8,2,0,23,3,72907
0,8,3,0,23,3,72910
0,8,4,0,23,3,72913
0,8,5,0,23,3,72916
0,8,6,0,23,3,72919
0,8,7,0,23,3,72922
0,8,8,0,23,3,72925
0,8,9,0,23,3,72928
0,8,10,0,23,3,72931
0,8,11,0,23,3,72934
0,8,12,0,23,3,72937
0,8,13,0,23,3,72940
0,8,14,0,23,3,72943
0,8,15,0,23,3,72946
0,8,16,0,23,3,72949
0,8,17,0,23,3,72952
0,8,18,0,23,3,72955
0,8,19,0,23,3,72958
0,8,20,0,23,3,72961
0,8,21,0,23,3,72964
0,8,22,0,23,3,72967
0,8,23,0,23,3,72970
0,8,0,1,23,3,72973
0,8,1,1,23,3,72976
0,8,2,1,23,3,72979
0,8,3,1,23,3,72982
0,8,4,1,23,3,72985
0,8,5,1,23,3,72988
0,8,6,1,23,3,72991
0,8,7,1,23,3,72994
0,8,8,1,23,3,72997
0,8,9,1,23,3,73000
0,8,10,1,23,3,73003
0,8,11,1,23,3,73006
0,8,12,1,23,3,73009
0,8,13,1,23,3,73012
0,8,14,1,23,3,73015
0,8,15,1,23,3,73018
0,8,16,1,23,3,73021
0,8,17,1,23,3,73024
0,8,18,1,23,3,73027
0,8,19,1,23,3,73030
0,8,20,1,23,3,73033
0,8,21,1,23,3,73036
0,8,22,1,23,3,73039
0,8,23,1,23,3,73042
0,8,0,2,23,3,73045
0,8,1,2,23,3,73048
0,8,2,2,23,3,73051
0,8,3,2,23,3,73054
0,8,4,2,23,3,73057
0,8,5,2,23,3,73060
0,8,6,2,23,3,73063
0,8,7,2,23,3,73066
0,8,8,2,23,3,73069
0,8,9,2,23,3,73072
0,8,10,2,23,3,73075
0,8,11,2,23,3,73078
0,8,12,2,23,3,73081
0,8,13,2,23,3,73084
0,8,14,2,23,3,73087
0,8,15,2,23,3,73090
0,8,16,2,23,3,73093
0,8,17,2,23,3,73096
0,8,18,2,23,3,73099
0,8,19,2,23,3,73102
0,8,20,2,23,3,73105
0,8,21,2,23,3,73108
0,8,22,2,23,3,73111
0,8,23,2,23,3,73114
0,8,0,3,23,3,73117
0,8,1,3,23,3,73120
0,8,2,3,23,3,73123
0,8,3,3,23,3,73126
0,8,4,3,23,3,73129
0,8,5,3,23,3,73132
0,8,6,3,23,3,73135
0,8,7,3,23,3,73138
0,8,8,3,23,3,73141
0,8,9,3,23,3,73144
0,8,10,3,23,3,73147
0,8,11,3,23,3,73150
0,8,12,3,23,3,73153
0,8,13,3,23,3,73156
0,8,14,3,23,3,73159
0,8,15,3,23,3,73162
0,8,16,3,23,3,73165
0,8,17,3,23,3,73168
0,8,18,3,23,3,73171
0,8,19,3,23,3,73174
0,8,20,3,23,3,73177
0,8,21,3,23,3,73180
0,8,22,3,23,3,73183
0,8,0,4,23,3,73186
0,8,1,4,23,3,73189
0,8,2,4,23,3,73192
0,8,3,4,23,3,73195
0,8,4,4,23,3,73198
0,8,5,4,23,3,73201
0,8,6,4,23,3,73204
0,8,7,4,23,3,73207
0,8,8,4,23,3,73210
0,8,9,4,23,3,73213
0,8,10,4,23,3,73216
0,8,11,4,23,3,73219
0,8,12,4,23,3,73222
0,8,13,4,23,3,73225
0,8,14,4,23,3,73228
0,8,15,4,23,3,73231
0,8,16,4,23,3,73234
0,8,17,4,23,3,73237
0,8,18,4,23,3,73240
0,8,19,4,23,3,73243
0,8,20,4,23,3,73246
0,8,21,4,23,3,73249
0,8,22,4,23,3,73252
0,8,0,5,23,3,73255
0,8,1,5,23,3,73258
0,8,2,5,23,3,73261
0,8,3,5,23,3,73264
0,8,4,5,23,3,73267
0,8,5,5,23,3,73270
0,8,6,5,23,3,73273
0,8,7,5,23,3,73276
0,8,8,5,23,3,73279
0,8,9,5,23,3,73282
0,8,10,5,23,3,73285
0,8,11,5,23,3,73288
0,8,12,5,23,3,73291
0,8,13,5,23,3,73294
0,8,14,5,23,3,73297
0,8,15,5,23,3,73300
0,8,16,5,23,3,73303
0,8,17,5,23,3,73306
0,8,18,5,23,3,73309
0,8,19,5,23,3,73312
0,8,20,5,23,3,73315
0,8,21,5,23,3,73318
0,8,22,5,23,3,73321
0,8,0,6,23,3,73324
0,8,1,6,23,3,73327
0,8,2,6,23,3,73330
0,8,3,6,23,3,73333
0,8,4,6,23,3,73336
0,8,5,6,23,3,73339
0,8,6,6,23,3,73342
0,8,7,6,23,3,73345
0,8,8,6,23,3,73348
0,8,9,6,23,3,73351
0,8,10,6,23,3,73354
0,8,11,6,23,3,73357
0,8,12,6,23,3,73360
0,8,13,6,23,3,73363
0,8,14,6,23,3,73366
0,8,15,6,23,3,73369
0,8,16,6,23,3,73372
0,8,17,6,23,3,73375
0,8,18,6,23,3,73378
0,8,19,6,23,3,73381
0,8,20,6,23,3,73384
0,8,21,6,23,3,73387
0,8,22,6,23,3,73390
0,8,0,7,23,3,73393
0,8,1,7,23,3,73396
0,8,2,7,23,3,73399
0,8,3,7,23,3,73402
0,8,4,7,23,3,73405
0,8,5,7,23,3,73408
0,8,6,7,23,3,73411
0,8,7,7,23,3,73414
0,8,8,7,23,3,73417
0,8,9,7,23,3,73420
0,8,10,7,23,3,73423
0,8,11,7,23,3,73426
0,8,12,7,23,3,73429
0,8,13,7,23,3,73432
0,8,14,7,23,3,73435
0,8,15,7,23,3,73438
0,8,16,7,23,3,73441
0,8,17,7,23,3,73444
0,8,18,7,23,3,73447
0,8,19,7,23,3,73450
0,8,20,7,23,3,73453
0,8,21,7,23,3,73456
0,8,22,7,23,3,73459
0,8,1,8,23,3,73462
0,8,2,8,23,3,73465
0,8,3,8,23,3,73468
0,8,4,8,23,3,73471
0,8,5,8,23,3,73474
0,8,6,8,23,3,73477
0,8,7,8,23,3,73480
0,8,8,8,23,3,73483
0,8,9,8,23,3,73486
0,8,10,8,23,3,73489
0,8,11,8,23,3,73492
0,8,12,8,23,3,73495
0,8,13,8,23,3,73498
0,8,14,8,23,3,73501
0,8,15,8,23,3,73504
0,8,16,8,23,3,73507
0,8,17,8,23,3,73510
0,8,18,8,23,3,73513
0,8,19,8,23,3,73516
0,8,20,8,23,3,73519
0,8,21,8,23,3,73522
0,8,22,8,23,3,73525
0,8,1,9,23,3,73528
0,8,2,9,23,3,73531
0,8,3,9,23,3,73534
0,8,4,9,23,3,73537
0,8,5,9,23,3,73540
0,8,6,9,23,3,73543
0,8,7,9,23,3,73546
0,8,8,9,23,3,73549
0,8,9,9,23,3,73552
0,8,10,9,23,3,73555
0,8,11,9,23,3,73558
0,8,12,9,23,3,73561
0,8,13,9,23,3,73564
0,8,14,9,23,3,73567
0,8,15,9,23,3,73570
0,8,16,9,23,3,73573
0,8,17,9,23,3,73576
0,8,18,9,23,3,73579
0,8,19,9,23,3,73582
0,8,20,9,23,3,73585
0,8,21,9,23,3,73588
0,8,22,9,23,3,73591
0,8,23,9,23,3,73594
0,8,1,10,23,3,73597
0,8,2,10,23,3,73600
0,8,3,10,23,3,73603
0,8,4,10,23,3,73606
0,8,5,10,23,3,73609
0,8,6,10,23,3,73612
0,8,7,10,23,3,73615
0,8,8,10,23,3,73618
0,8,9,10,23,3,73621
0,8,10,10,23,3,73624
0,8,11,10,23,3,73627
0,8,12,10,23,3,73630
0,8,13,10,23,3,73633
0,8,14,10,23,3,73636
0,8,15,10,23,3,73639
0,8,16,10,23,3,73642
0,8,17,10,23,3,73645
0,8,18,10,23,3,73648
0,8,19,10,23,3,73651
0,8,20,10,23,3,73654
0,8,21,10,23,3,73657
0,8,22,10,23,3,73660
0,8,23,10,23,3,73663
0,8,1,11,23,3,73666
0,8,2,11,23,3,73669
0,8,3,11,23,3,73672
0,8,4,11,23,3,73675
0,8,5,11,23,3,73678
0,8,6,11,23,3,73681
0,8,7,11,23,3,73684
0,8,8,11,23,3,73687
0,8,9,11,23,3,73690
0,8,10,11,23,3,73693
0,8,11,11,23,3,73696
0,8,12,11,23,3,73699
0,8,13,11,23,3,73702
0,8,14,11,23,3,73705
0,8,15,11,23,3,73708
0,8,16,11,23,3,73711
0,8,17,11,23,3,73714
0,8,18,11,23,3,73717
0,8,19,11,23,3,73720
0,8,20,11,23,3,73723
0,8,21,11,23,3,73726
0,8,22,11,23,3,73729
0,8,23,11,23,3,73732
0,8,1,12,23,3,73735
0,8,2,12,23,3,73738
0,8,3,12,23,3,73741
0,8,4,12,23,3,73744
0,8,5,12,23,3,73747
0,8,6,12,23,3,73750
0,8,7,12,23,3,73753
0,8,8,12,23,3,73756
0,8,9,12,23,3,73759
0,8,10,12,23,3,73762
0,8,11,12,23,3,73765
0,8,12,12,23,3,73768
0,8,13,12,23,3,73771
0,8,14,12,23,3,73774
0,8,15,12,23,3,73777
0,8,16,12,23,3,73780
0,8,17,12,23,3,73783
0,8,18,12,23,3,73786
0,8,19,12,23,3,73789
0,8,20,12,23,3,73792
0,8,21,12,23,3,73795
0,8,22,12,23,3,73798
0,8,23,12,23,3,73801
0,8,1,13,23,3,73804
0,8,2,13,23,3,73807
0,8,3,13,23,3,73810
0,8,4,13,23,3,73813
0,8,5,13,23,3,73816
0,8,6,13,23,3,73819
0,8,7,13,23,3,73822
0,8,8,13,23,3,73825
0,8,9,13,23,3,73828
0,8,10,13,23,3,73831
0,8,11,13,23,3,73834
0,8,12,13,23,3,73837
0,8,13,13,23,3,73840
0,8,14,13,23,3,73843
0,8,15,13,23,3,73846
0,8,16,13,23,3,73849
0,8,17,13,23,3,73852
0,8,18,13,23,3,73855
0,8,19,13,23,3,73858
0,8,20,13,23,3,73861
0,8,21,13,23,3,73864
0,8,22,13,23,3,73867
0,8,23,13,23,3,73870
0,8,0,0,23,4,73873
0,8,1,0,23,4,73876
0,8,2,0,23,4,73879
0,8,3,0,23,4,73882
0,8,4,0,23,4,73885
0,8,5,0,23,4,73888
0,8,6,0,23,4,73891
0,8,7,0,23,4,73894
0,8,8,0,23,4,73897
0,8,9,0,23,4,73900
0,8,10,0,23,4,73903
0,8,11,0,23,4,73906
0,8,12,0,23,4,73909
0,8,13,0,23,4,73912
0,8,14,0,23,4,73915
0,8,15,0,23,4,73918
0,8,16,0,23,4,73921
0,8,17,0,23,4,73924
0,8,18,0,23,4,73927
0,8,19,0,23,4,73930
0,8,20,0,23,4,73933
0,8,21,0,23,4,73936
0,8,22,0,23,4,73939
0,8,23,0,23,4,73942
0,8,0,1,23,4,73945
0,8,1,1,23,4,73948
0,8,2,1,23,4,73951
0,8,3,1,23,4,73954
0,8,4,1,23,4,73957
0,8,5,1,23,4,73960
0,8,6,1,23,4,73963
0,8,7,1,23,4,73966
0,8,8,1,23,4,73969
0,8,9,1,23,4,73972
0,8,10,1,23,4,73975
0,8,11,1,23,4,73978
0,8,12,1,23,4,73981
0,8,13,1,23,4,73984
0,8,14,1,23,4,73987
0,8,15,1,23,4,73990
0,8,16,1,23,4,73993
0,8,17,1,23,4,73996
0,8,18,1,23,4,73999
0,8,19,1,23,4,74002
0,8,20,1,23,4,74005
0,8,21,1,23,4,74008
0,8,22,1,23,4,74011
0,8,23,1,23,4,74014
0,8,0,2,23,4,74017
0,8,1,2,23,4,74020
0,8,2,2,23,4,74023
0,8,3,2,23,4,74026
0,8,4,2,23,4,74029
0,8,5,2,23,4,74032
0,8,6,2,23,4,74035
0,8,7,2,23,4,74038
0,8,8,2,23,4,74041
0,8,9,2,23,4,74044
0,8,10,2,23,4,74047
0,8,11,2,23,4,74050
0,8,12,2,23,4,74053
0,8,13,2,23,4,74056
0,8,14,2,23,4,74059
0,8,15,2,23,4,74062
0,8,16,2,23,4,74065
0,8,17,2,23,4,74068
0,8,18,2,23,4,74071
0,8,19,2,23,4,74074
0,8,20,2,23,4,74077
0,8,21,2,23,4,74080
0,8,22,2,23,4,74083
0,8,23,2,23,4,74086
0,8,0,3,23,4,74089
0,8,1,3,23,4,74092
0,8,2,3,23,4,74095
0,8,3,3,23,4,74098
0,8,4,3,23,4,74101
0,8,5,3,23,4,74104
0,8,6,3,23,4,74107
0,8,7,3,23,4,74110
0,8,8,3,23,4,74113
0,8,9,3,23,4,74116
0,8,10,3,23,4,74119
0,8,11,3,23,4,74122
0,8,12,3,23,4,74125
0,8,13,3,23,4,74128
0,8,14,3,23,4,74131
0,8,15,3,23,4,74134
0,8,16,3,23,4,74137
0,8,17,3,23,4,74140
0,8,18,3,23,4,74143
0,8,19,3,23,4,74146
0,8,20,3,23,4,74149
0,8,21,3,23,4,74152
0,8,22,3,23,4,74155
0,8,23,3,23,4,74158
0,8,0,4,23,4,74161
0,8,1,4,23,4,74164
0,8,2,4,23,4,74167
0,8,3,4,23,4,74170
0,8,4,4,23,4,74173
0,8,5,4,23,4,74176
0,8,6,4,23,4,74179
0,8,7,4,23,4,74182
0,8,8,4,23,4,74185
0,8,9,4,23,4,74188
0,8,10,4,23,4,74191
0,8,11,4,23,4,74194
0,8,12,4,23,4,74197
0,8,13,4,23,4,74200
0,8,14,4,23,4,74203
0,8,15,4,23,4,74206
0,8,16,4,23,4,74209
0,8,17,4,23,4,74212
0,8,18,4,23,4,74215
0,8,19,4,23,4,74218
0,8,20,4,23,4,74221
0,8,21,4,23,4,74224
0,8,22,4,23,4,74227
0,8,0,5,23,4,74230
0,8,1,5,23,4,74233
0,8,2,5,23,4,74236
0,8,3,5,23,4,74239
0,8,4,5,23,4,74242
0,8,5,5,23,4,74245
0,8,6,5,23,4,74248
0,8,7,5,23,4,74251
0,8,8,5,23,4,74254
0,8,9,5,23,4,74257
0,8,10,5,23,4,74260
0,8,11,5,23,4,74263
0,8,12,5,23,4,74266
0,8,13,5,23,4,74269
0,8,14,5,23,4,74272
0,8,15,5,23,4,74275
0,8,16,5,23,4,74278
0,8,17,5,23,4,74281
0,8,18,5,23,4,74284
0,8,19,5,23,4,74287
0,8,20,5,23,4,74290
0,8,21,5,23,4,74293
0,8,22,5,23,4,74296
0,8,0,6,23,4,74299
0,8,1,6,23,4,74302
0,8,2,6,23,4,74305
0,8,3,6,23,4,74308
0,8,4,6,23,4,74311
0,8,5,6,23,4,74314
0,8,6,6,23,4,74317
0,8,7,6,23,4,74320
0,8,8,6,23,4,74323
0,8,9,6,23,4,74326
0,8,10,6,23,4,74329
0,8,11,6,23,4,74332
0,8,12,6,23,4,74335
0,8,13,6,23,4,74338
0,8,14,6,23,4,74341
0,8,15,6,23,4,74344
0,8,16,6,23,4,74347
0,8,17,6,23,4,74350
0,8,18,6,23,4,74353
0,8,19,6,23,4,74356
0,8,20,6,23,4,74359
0,8,21,6,23,4,74362
0,8,22,6,23,4,74365
0,8,0,7,23,4,74368
0,8,1,7,23,4,74371
0,8,2,7,23,4,74374
0,8,3,7,23,4,74377
0,8,4,7,23,4,74380
0,8,5,7,23,4,74383
0,8,6,7,23,4,74386
0,8,7,7,23,4,74389
0,8,8,7,23,4,74392
0,8,9,7,23,4,74395
0,8,10,7,23,4,74398
0,8,11,7,23,4,74401
0,8,12,7,23,4,74404
0,8,13,7,23,4,74407
0,8,14,7,23,4,74410
0,8,15,7,23,4,74413
0,8,16,7,23,4,74416
0,8,17,7,23,4,74419
0,8,18,7,23,4,74422
0,8,19,7,23,4,74425
0,8,20,7,23,4,74428
0,8,21,7,23,4,74431
0,8,22,7,23,4,74434
0,8,1,8,23,4,74437
0,8,2,8,23,4,74440
0,8,3,8,23,4,74443
0,8,4,8,23,4,74446
0,8,5,8,23,4,74449
0,8,6,8,23,4,74452
0,8,7,8,23,4,74455
0,8,8,8,23,4,74458
0,8,9,8,23,4,74461
0,8,10,8,23,4,74464
0,8,11,8,23,4,74467
0,8,12,8,23,4,74470
0,8,13,8,23,4,74473
0,8,14,8,23,4,74476
0,8,15,8,23,4,74479
0,8,16,8,23,4,74482
0,8,17,8,23,4,74485
0,8,18,8,23,4,74488
0,8,19,8,23,4,74491
0,8,20,8,23,4,74494
0,8,21,8,23,4,74497
0,8,22,8,23,4,74500
0,8,1,9,23,4,74503
0,8,2,9,23,4,74506
0,8,3,9,23,4,74509
0,8,4,9,23,4,74512
0,8,5,9,23,4,74515
0,8,6,9,23,4,74518
0,8,7,9,23,4,74521
0,8,8,9,23,4,74524
0,8,9,9,23,4,74527
0,8,10,9,23,4,74530
0,8,11,9,23,4,74533
0,8,12,9,23,4,74536
0,8,13,9,23,4,74539
0,8,14,9,23,4,74542
0,8,15,9,23,4,74545
0,8,16,9,23,4,74548
0,8,17,9,23,4,74551
0,8,18,9,23,4,74554
0,8,19,9,23,4,74557
0,8,20,9,23,4,74560
0,8,21,9,23,4,74563
0,8,22,9,23,4,74566
0,8,1,10,23,4,74569
0,8,2,10,23,4,74572
0,8,3,10,23,4,74575
0,8,4,10,23,4,74578
0,8,5,10,23,4,74581
0,8,6,10,23,4,74584
0,8,7,10,23,4,74587
0,8,8,10,23,4,74590
0,8,9,10,23,4,74593
0,8,10,10,23,4,74596
0,8,11,10,23,4,74599
0,8,12,10,23,4,74602
0,8,13,10,23,4,74605
0,8,14,10,23,4,74608
0,8,15,10,23,4,74611
0,8,16,10,23,4,74614
0,8,17,10,23,4,74617
0,8,18,10,23,4,74620
0,8,19,10,23,4,74623
0,8,20,10,23,4,74626
0,8,21,10,23,4,74629
0,8,22,10,23,4,74632
0,8,23,10,23,4,74635
0,8,1,11,23,4,74638
0,8,2,11,23,4,74641
0,8,3,11,23,4,74644
0,8,4,11,23,4,74647
0,8,5,11,23,4,74650
0,8,6,11,23,4,74653
0,8,7,11,23,4,74656
0,8,8,11,23,4,74659
0,8,9,11,23,4,74662
0,8,10,11,23,4,74665
0,8,11,11,23,4,74668
0,8,12,11,23,4,74671
0,8,13,11,23,4,74674
0,8,14,11,23,4,74677
0,8,15,11,23,4,74680
0,8,16,11,23,4,74683
0,8,17,11,23,4,74686
0,8,18,11,23,4,74689
0,8,19,11,23,4,74692
0,8,20,11,23,4,74695
0,8,21,11,23,4,74698
0,8,22,11,23,4,74701
0,8,23,11,23,4,74704
0,8,1,12,23,4,74707
0,8,2,12,23,4,74710
0,8,3,12,23,4,74713
0,8,4,12,23,4,74716
0,8,5,12,23,4,74719
0,8,6,12,23,4,74722
0,8,7,12,23,4,74725
0,8,8,12,23,4,74728
0,8,9,12,23,4,74731
0,8,10,12,23,4,74734
0,8,11,12,23,4,74737
0,8,12,12,23,4,74740
0,8,13,12,23,4,74743
0,8,14,12,23,4,74746
0,8,15,12,23,4,74749
0,8,16,12,23,4,74752
0,8,17,12,23,4,74755
0,8,18,12,23,4,74758
0,8,19,12,23,4,74761
0,8,20,12,23,4,74764
0,8,21,12,23,4,74767
0,8,22,12,23,4,74770
0,8,23,12,23,4,74773
0,8,1,13,23,4,74776
0,8,2,13,23,4,74779
0,8,3,13,23,4,74782
0,8,4,13,23,4,74785
0,8,5,13,23,4,74788
0,8,6,13,23,4,74791
0,8,7,13,23,4,74794
0,8,8,13,23,4,74797
0,8,9,13,23,4,74800
0,8,10,13,23,4,74803
0,8,11,13,23,4,74806
0,8,12,13,23,4,74809
0,8,13,13,23,4,74812
0,8,14,13,23,4,74815
0,8,15,13,23,4,74818
0,8,16,13,23,4,74821
0,8,17,13,23,4,74824
0,8,18,13,23,4,74827
0,8,19,13,23,4,74830
0,8,20,13,23,4,74833
0,8,21,13,23,4,74836
0,8,22,13,23,4,74839
0,8,23,13,23,4,74842
0,8,0,0,23,5,74845
0,8,1,0,23,5,74848
0,8,2,0,23,5,74851
0,8,3,0,23,5,74854
0,8,4,0,23,5,74857
0,8,5,0,23,5,74860
0,8,6,0,23,5,74863
0,8,7,0,23,5,74866
0,8,8,0,23,5,74869
0,8,9,0,23,5,74872
0,8,10,0,23,5,74875
0,8,11,0,23,5,74878
0,8,12,0,23,5,74881
0,8,13,0,23,5,74884
0,8,14,0,23,5,74887
0,8,15,0,23,5,74890
0,8,16,0,23,5,74893
0,8,17,0,23,5,74896
0,8,18,0,23,5,74899
0,8,19,0,23,5,74902
0,8,20,0,23,5,74905
0,8,21,0,23,5,74908
0,8,22,0,23,5,74911
0,8,23,0,23,5,74914
0,8,0,1,23,5,74917
0,8,1,1,23,5,74920
0,8,2,1,23,5,74923
0,8,3,1,23,5,74926
0,8,4,1,23,5,74929
0,8,5,1,23,5,74932
0,8,6,1,23,5,74935
0,8,7,1,23,5,74938
0,8,8,1,23,5,74941
0,8,9,1,23,5,74944
0,8,10,1,23,5,74947
0,8,11,1,23,5,74950
0,8,12,1,23,5,74953
0,8,13,1,23,5,74956
0,8,14,1,23,5,74959
0,8,15,1,23,5,74962
0,8,16,1,23,5,74965
0,8,17,1,23,5,74968
0,8,18,1,23,5,74971
0,8,19,1,23,5,74974
0,8,20,1,23,5,74977
0,8,21,1,23,5,74980
0,8,22,1,23,5,74983
0,8,23,1,23,5,74986
0,8,0,2,23,5,74989
0,8,1,2,23,5,74992
0,8,2,2,23,5,74995
0,8,3,2,23,5,74998
0,8,4,2,23,5,75001
0,8,5,2,23,5,75004
0,8,6,2,23,5,75007
0,8,7,2,23,5,75010
0,8,8,2,23,5,75013
0,8,9,2,23,5,75016
0,8,10,2,23,5,75019
0,8,11,2,23,5,75022
0,8,12,2,23,5,75025
0,8,13,2,23,5,75028
0,8,14,2,23,5,75031
0,8,15,2,23,5,75034
0,8,16,2,23,5,75037
0,8,17,2,23,5,75040
0,8,18,2,23,5,75043
0,8,19,2,23,5,75046
0,8,20,2,23,5,75049
0,8,21,2,23,5,75052
0,8,22,2,23,5,75055
0,8,23,2,23,5,75058
0,8,0,3,23,5,75061
0,8,1,3,23,5,75064
0,8,2,3,23,5,75067
0,8,3,3,23,5,75070
0,8,4,3,23,5,75073
0,8,5,3,23,5,75076
0,8,6,3,23,5,75079
0,8,7,3,23,5,75082
0,8,8,3,23,5,75085
0,8,9,3,23,5,75088
0,8,10,3,23,5,75091
0,8,11,3,23,5,75094
0,8,12,3,23,5,75097
0,8,13,3,23,5,75100
0,8,14,3,23,5,75103
0,8,15,3,23,5,75106
0,8,16,3,23,5,75109
0,8,17,3,23,5,75112
0,8,18,3,23,5,75115
0,8,19,3,23,5,75118
0,8,20,3,23,5,75121
0,8,21,3,23,5,75124
0,8,22,3,23,5,75127
0,8,23,3,23,5,75130
0,8,0,4,23,5,75133
0,8,1,4,23,5,75136
0,8,2,4,23,5,75139
0,8,3,4,23,5,75142
0,8,4,4,23,5,75145
0,8,5,4,23,5,75148
0,8,6,4,23,5,75151
0,8,7,4,23,5,75154
0,8,8,4,23,5,75157
0,8,9,4,23,5,75160
0,8,10,4,23,5,75163
0,8,11,4,23,5,75166
0,8,12,4,23,5,75169
0,8,13,4,23,5,75172
0,8,14,4,23,5,75175
0,8,15,4,23,5,75178
0,8,16,4,23,5,75181
0,8,17,4,23,5,75184
0,8,18,4,23,5,75187
0,8,19,4,23,5,75190
0,8,20,4,23,5,75193
0,8,21,4,23,5,75196
0,8,22,4,23,5,75199
0,8,23,4,23,5,75202
0,8,0,5,23,5,75205
0,8,1,5,23,5,75208
0,8,2,5,23,5,75211
0,8,3,5,23,5,75214
0,8,4,5,23,5,75217
0,8,5,5,23,5,75220
0,8,6,5,23,5,75223
0,8,7,5,23,5,75226
0,8,8,5,23,5,75229
0,8,9,5,23,5,75232
0,8,10,5,23,5,75235
0,8,11,5,23,5,75238
0,8,12,5,23,5,75241
0,8,13,5,23,5,75244
0,8,14,5,23,5,75247
0,8,15,5,23,5,75250
0,8,16,5,23,5,75253
0,8,17,5,23,5,75256
0,8,18,5,23,5,75259
0,8,19,5,23,5,75262
0,8,20,5,23,5,75265
0,8,21,5,23,5,75268
0,8,22,5,23,5,75271
0,8,0,6,23,5,75274
0,8,1,6,23,5,75277
0,8,2,6,23,5,75280
0,8,3,6,23,5,75283
0,8,4,6,23,5,75286
0,8,5,6,23,5,75289
0,8,6,6,23,5,75292
0,8,7,6,23,5,75295
0,8,8,6,23,5,75298
0,8,9,6,23,5,75301
0,8,10,6,23,5,75304
0,8,11,6,23,5,75307
0,8,12,6,23,5,75310
0,8,13,6,23,5,75313
0,8,14,6,23,5,75316
0,8,15,6,23,5,75319
0,8,16,6,23,5,75322
0,8,17,6,23,5,75325
0,8,18,6,23,5,75328
0,8,19,6,23,5,75331
0,8,20,6,23,5,75334
0,8,21,6,23,5,75337
0,8,22,6,23,5,75340
0,8,0,7,23,5,75343
0,8,1,7,23,5,75346
0,8,2,7,23,5,75349
0,8,3,7,23,5,75352
0,8,4,7,23,5,75355
0,8,5,7,23,5,75358
0,8,6,7,23,5,75361
0,8,7,7,23,5,75364
0,8,8,7,23,5,75367
0,8,9,7,23,5,75370
0,8,10,7,23,5,75373
0,8,11,7,23,5,75376
0,8,12,7,23,5,75379
0,8,13,7,23,5,75382
0,8,14,7,23,5,75385
0,8,15,7,23,5,75388
0,8,16,7,23,5,75391
0,8,17,7,23,5,75394
0,8,18,7,23,5,75397
0,8,19,7,23,5,75400
0,8,20,7,23,5,75403
0,8,21,7,23,5,75406
0,8,22,7,23,5,75409
0,8,1,8,23,5,75412
0,8,2,8,23,5,75415
0,8,3,8,23,5,75418
0,8,4,8,23,5,75421
0,8,5,8,23,5,75424
0,8,6,8,23,5,75427
0,8,7,8,23,5,75430
0,8,8,8,23,5,75433
0,8,9,8,23,5,75436
0,8,10,8,23,5,75439
0,8,11,8,23,5,75442
0,8,12,8,23,5,75445
0,8,13,8,23,5,75448
0,8,14,8,23,5,75451
0,8,15,8,23,5,75454
0,8,16,8,23,5,75457
0,8,17,8,23,5,75460
0,8,18,8,23,5,75463
0,8,19,8,23,5,75466
0,8,20,8,23,5,75469
0,8,21,8,23,5,75472
0,8,22,8,23,5,75475
0,8,1,9,23,5,75478
0,8,2,9,23,5,75481
0,8,3,9,23,5,75484
0,8,4,9,23,5,75487
0,8,5,9,23,5,75490
0,8,6,9,23,5,75493
0,8,7,9,23,5,75496
0,8,8,9,23,5,75499
0,8,9,9,23,5,75502
0,8,10,9,23,5,75505
0,8,11,9,23,5,75508
0,8,12,9,23,5,75511
0,8,13,9,23,5,75514
0,8,14,9,23,5,75517
0,8,15,9,23,5,75520
0,8,16,9,23,5,75523
0,8,17,9,23,5,75526
0,8,18,9,23,5,75529
0,8,19,9,23,5,75532
0,8,20,9,23,5,75535
0,8,21,9,23,5,75538
0,8,22,9,23,5,75541
0,8,1,10,23,5,75544
0,8,2,10,23,5,75547
0,8,3,10,23,5,75550
0,8,4,10,23,5,75553
0,8,5,10,23,5,75556
0,8,6,10,23,5,75559
0,8,7,10,23,5,75562
0,8,8,10,23,5,75565
0,8,9,10,23,5,75568
0,8,10,10,23,5,75571
0,8,11,10,23,5,75574
0,8,12,10,23,5,75577
0,8,13,10,23,5,75580
0,8,14,10,23,5,75583
0,8,15,10,23,5,75586
0,8,16,10,23,5,75589
0,8,17,10,23,5,75592
0,8,18,10,23,5,75595
0,8,19,10,23,5,75598
0,8,20,10,23,5,75601
0,8,21,10,23,5,75604
0,8,22,10,23,5,75607
0,8,1,11,23,5,75610
0,8,2,11,23,5,75613
0,8,3,11,23,5,75616
0,8,4,11,23,5,75619
0,8,5,11,23,5,75622
0,8,6,11,23,5,75625
0,8,7,11,23,5,75628
0,8,8,11,23,5,75631
0,8,9,11,23,5,75634
0,8,10,11,23,5,75637
0,8,11,11,23,5,75640
0,8,12,11,23,5,75643
0,8,13,11,23,5,75646
0,8,14,11,23,5,75649
0,8,15,11,23,5,75652
0,8,16,11,23,5,75655
0,8,17,11,23,5,75658
0,8,18,11,23,5,75661
0,8,19,11,23,5,75664
0,8,20,11,23,5,75667
0,8,21,11,23,5,75670
0,8,22,11,23,5,75673
0,8,23,11,23,5,75676
0,8,1,12,23,5,75679
0,8,2,12,23,5,75682
0,8,3,12,23,5,75685
0,8,4,12,23,5,75688
0,8,5,12,23,5,75691
0,8,6,12,23,5,75694
0,8,7,12,23,5,75697
0,8,8,12,23,5,75700
0,8,9,12,23,5,75703
0,8,10,12,23,5,75706
0,8,11,12,23,5,75709
0,8,12,12,23,5,75712
0,8,13,12,23,5,75715
0,8,14,12,23,5,75718
0,8,15,12,23,5,75721
0,8,16,12,23,5,75724
0,8,17,12,23,5,75727
0,8,18,12,23,5,75730
0,8,19,12,23,5,75733
0,8,20,12,23,5,75736
0,8,21,12,23,5,75739
0,8,22,12,23,5,75742
0,8,23,12,23,5,75745
0,8,1,13,23,5,75748
0,8,2,13,23,5,75751
0,8,3,13,23,5,75754
0,8,4,13,23,5,75757
0,8,5,13,23,5,75760
0,8,6,13,23,5,75763
0,8,7,13,23,5,75766
0,8,8,13,23,5,75769
0,8,9,13,23,5,75772
0,8,10,13,23,5,75775
0,8,11,13,23,5,75778
0,8,12,13,23,5,75781
0,8,13,13,23,5,75784
0,8,14,13,23,5,75787
0,8,15,13,23,5,75790
0,8,16,13,23,5,75793
0,8,17,13,23,5,75796
0,8,18,13,23,5,75799
0,8,19,13,23,5,75802
0,8,20,13,23,5,75805
0,8,21,13,23,5,75808
0,8,22,13,23,5,75811
0,8,23,13,23,5,75814
0,8,0,0,23,6,75817
0,8,1,0,23,6,75820
0,8,2,0,23,6,75823
0,8,3,0,23,6,75826
0,8,4,0,23,6,75829
0,8,5,0,23,6,75832
0,8,6,0,23,6,75835
0,8,7,0,23,6,75838
0,8,8,0,23,6,75841
0,8,9,0,23,6,75844
0,8,10,0,23,6,75847
0,8,11,0,23,6,75850
0,8,12,0,23,6,75853
0,8,13,0,23,6,75856
0,8,14,0,23,6,75859
0,8,15,0,23,6,75862
0,8,16,0,23,6,75865
0,8,17,0,23,6,75868
0,8,18,0,23,6,75871
0,8,19,0,23,6,75874
0,8,20,0,23,6,75877
0,8,21,0,23,6,75880
0,8,22,0,23,6,75883
0,8,23,0,23,6,75886
0,8,0,1,23,6,75889
0,8,1,1,23,6,75892
0,8,2,1,23,6,75895
0,8,3,1,23,6,75898
0,8,4,1,23,6,75901
0,8,5,1,23,6,75904
0,8,6,1,23,6,75907
0,8,7,1,23,6,75910
0,8,8,1,23,6,75913
0,8,9,1,23,6,75916
0,8,10,1,23,6,75919
0,8,11,1,23,6,75922
0,8,12,1,23,6,75925
0,8,13,1,23,6,75928
0,8,14,1,23,6,75931
0,8,15,1,23,6,75934
0,8,16,1,23,6,75937
0,8,17,1,23,6,75940
0,8,18,1,23,6,75943
0,8,19,1,23,6,75946
0,8,20,1,23,6,75949
0,8,21,1,23,6,75952
0,8,22,1,23,6,75955
0,8,23,1,23,6,75958
0,8,0,2,23,6,75961
0,8,1,2,23,6,75964
0,8,2,2,23,6,75967
0,8,3,2,23,6,75970
0,8,4,2,23,6,75973
0,8,5,2,23,6,75976
0,8,6,2,23,6,75979
0,8,7,2,23,6,75982
0,8,8,2,23,6,75985
0,8,9,2,23,6,75988
0,8,10,2,23,6,75991
0,8,11,2,23,6,75994
0,8,12,2,23,6,75997
0,8,13,2,23,6,76000
0,8,14,2,23,6,76003
0,8,15,2,23,6,76006
0,8,16,2,23,6,76009
0,8,17,2,23,6,76012
0,8,18,2,23,6,76015
0,8,19,2,23,6,76018
0,8,20,2,23,6,76021
0,8,21,2,23,6,76024
0,8,22,2,23,6,76027
0,8,23,2,23,6,76030
0,8,0,3,23,6,76033
0,8,1,3,23,6,76036
0,8,2,3,23,6,76039
0,8,3,3,23,6,76042
0,8,4,3,23,6,76045
0,8,5,3,23,6,76048
0,8,6,3,23,6,76051
0,8,7,3,23,6,76054
0,8,8,3,23,6,76057
0,8,9,3,23,6,76060
0,8,10,3,23,6,76063
0,8,11,3,23,6,76066
0,8,12,3,23,6,76069
0,8,13,3,23,6,76072
0,8,14,3,23,6,76075
0,8,15,3,23,6,76078
0,8,16,3,23,6,76081
0,8,17,3,23,6,76084
0,8,18,3,23,6,76087
0,8,19,3,23,6,76090
0,8,20,3,23,6,76093
0,8,21,3,23,6,76096
0,8,22,3,23,6,76099
0,8,23,3,23,6,76102
0,8,0,4,23,6,76105
0,8,1,4,23,6,76108
0,8,2,4,23,6,76111
0,8,3,4,23,6,76114
0,8,4,4,23,6,76117
0,8,5,4,23,6,76120
0,8,6,4,23,6,76123
0,8,7,4,23,6,76126
0,8,8,4,23,6,76129
0,8,9,4,23,6,76132
0,8,10,4,23,6,76135
0,8,11,4,23,6,76138
0,8,12,4,23,6,76141
0,8,13,4,23,6,76144
0,8,14,4,23,6,76147
0,8,15,4,23,6,76150
0,8,16,4,23,6,76153
0,8,17,4,23,6,76156
0,8,18,4,23,6,76159
0,8,19,4,23,6,76162
0,8,20,4,23,6,76165
0,8,21,4,23,6,76168
0,8,22,4,23,6,76171
0,8,23,4,23,6,76174
0,8,0,5,23,6,76177
0,8,1,5,23,6,76180
0,8,2,5,23,6,76183
0,8,3,5,23,6,76186
0,8,4,5,23,6,76189
0,8,5,5,23,6,76192
0,8,6,5,23,6,76195
0,8,7,5,23,6,76198
0,8,8,5,23,6,76201
0,8,9,5,23,6,76204
0,8,10,5,23,6,76207
0,8,11,5,23,6,76210
0,8,12,5,23,6,76213
0,8,13,5,23,6,76216
0,8,14,5,23,6,76219
0,8,15,5,23,6,76222
0,8,16,5,23,6,76225
0,8,17,5,23,6,76228
0,8,18,5,23,6,76231
0,8,19,5,23,6,76234
0,8,20,5,23,6,76237
0,8,21,5,23,6,76240
0,8,22,5,23,6,76243
0,8,23,5,23,6,76246
0,8,0,6,23,6,76249
0,8,1,6,23,6,76252
0,8,2,6,23,6,76255
0,8,3,6,23,6,76258
0,8,4,6,23,6,76261
0,8,5,6,23,6,76264
0,8,6,6,23,6,76267
0,8,7,6,23,6,76270
0,8,8,6,23,6,76273
0,8,9,6,23,6,76276
0,8,10,6,23,6,76279
0,8,11,6,23,6,76282
0,8,12,6,23,6,76285
0,8,13,6,23,6,76288
0,8,14,6,23,6,76291
0,8,15,6,23,6,76294
0,8,16,6,23,6,76297
0,8,17,6,23,6,76300
0,8,18,6,23,6,76303
0,8,19,6,23,6,76306
0,8,20,6,23,6,76309
0,8,21,6,23,6,76312
0,8,22,6,23,6,76315
0,8,0,7,23,6,76318
0,8,1,7,23,6,76321
0,8,2,7,23,6,76324
0,8,3,7,23,6,76327
0,8,4,7,23,6,76330
0,8,5,7,23,6,76333
0,8,6,7,23,6,76336
0,8,7,7,23,6,76339
0,8,8,7,23,6,76342
0,8,9,7,23,6,76345
0,8,10,7,23,6,76348
0,8,11,7,23,6,76351
0,8,12,7,23,6,76354
0,8,13,7,23,6,76357
0,8,14,7,23,6,76360
0,8,15,7,23,6,76363
0,8,16,7,23,6,76366
0,8,17,7,23,6,76369
0,8,18,7,23,6,76372
0,8,19,7,23,6,76375
0,8,20,7,23,6,76378
0,8,21,7,23,6,76381
0,8,22,7,23,6,76384
0,8,1,8,23,6,76387
0,8,2,8,23,6,76390
0,8,3,8,23,6,76393
0,8,4,8,23,6,76396
0,8,5,8,23,6,76399
0,8,6,8,23,6,76402
0,8,7,8,23,6,76405
0,8,8,8,23,6,76408
0,8,9,8,23,6,76411
0,8,10,8,23,6,76414
0,8,11,8,23,6,76417
0,8,12,8,23,6,76420
0,8,13,8,23,6,76423
0,8,14,8,23,6,76426
0,8,15,8,23,6,76429
0,8,16,8,23,6,76432
0,8,17,8,23,6,76435
0,8,18,8,23,6,76438
0,8,19,8,23,6,76441
0,8,20,8,23,6,76444
0,8,21,8,23,6,76447
0,8,22,8,23,6,76450
0,8,1,9,23,6,76453
0,8,2,9,23,6,76456
0,8,3,9,23,6,76459
0,8,4,9,23,6,76462
0,8,5,9,23,6,76465
0,8,6,9,23,6,76468
0,8,7,9,23,6,76471
0,8,8,9,23,6,76474
0,8,9,9,23,6,76477
0,8,10,9,23,6,76480
0,8,11,9,23,6,76483
0,8,12,9,23,6,76486
0,8,13,9,23,6,76489
0,8,14,9,23,6,76492
0,8,15,9,23,6,76495
0,8,16,9,23,6,76498
0,8,17,9,23,6,76501
0,8,18,9,23,6,76504
0,8,19,9,23,6,76507
0,8,20,9,23,6,76510
0,8,21,9,23,6,76513
0,8,22,9,23,6,76516
0,8,1,10,23,6,76519
0,8,2,10,23,6,76522
0,8,3,10,23,6,76525
0,8,4,10,23,6,76528
0,8,5,10,23,6,76531
0,8,6,10,23,6,76534
0,8,7,10,23,6,76537
0,8,8,10,23,6,76540
0,8,9,10,23,6,76543
0,8,10,10,23,6,76546
0,8,11,10,23,6,76549
0,8,12,10,23,6,76552
0,8,13,10,23,6,76555
0,8,14,10,23,6,76558
0,8,15,10,23,6,76561
0,8,16,10,23,6,76564
0,8,17,10,23,6,76567
0,8,18,10,23,6,76570
0,8,19,10,23,6,76573
0,8,20,10,23,6,76576
0,8,21,10,23,6,76579
0,8,22,10,23,6,76582
0,8,1,11,23,6,76585
0,8,2,11,23,6,76588
0,8,3,11,23,6,76591
0,8,4,11,23,6,76594
0,8,5,11,23,6,76597
0,8,6,11,23,6,76600
0,8,7,11,23,6,76603
0,8,8,11,23,6,76606
0,8,9,11,23,6,76609
0,8,10,11,23,6,76612
0,8,11,11,23,6,76615
0,8,12,11,23,6,76618
0,8,13,11,23,6,76621
0,8,14,11,23,6,76624
0,8,15,11,23,6,76627
0,8,16,11,23,6,76630
0,8,17,11,23,6,76633
0,8,18,11,23,6,76636
0,8,19,11,23,6,76639
0,8,20,11,23,6,76642
0,8,21,11,23,6,76645
0,8,22,11,23,6,76648
0,8,1,12,23,6,76651
0,8,2,12,23,6,76654
0,8,3,12,23,6,76657
0,8,4,12,23,6,76660
0,8,5,12,23,6,76663
0,8,6,12,23,6,76666
0,8,7,12,23,6,76669
0,8,8,12,23,6,76672
0,8,9,12,23,6,76675
0,8,10,12,23,6,76678
0,8,11,12,23,6,76681
0,8,12,12,23,6,76684
0,8,13,12,23,6,76687
0,8,14,12,23,6,76690
0,8,15,12,23,6,76693
0,8,16,12,23,6,76696
0,8,17,12,23,6,76699
0,8,18,12,23,6,76702
0,8,19,12,23,6,76705
0,8,20,12,23,6,76708
0,8,21,12,23,6,76711
0,8,22,12,23,6,76714
0,8,23,12,23,6,76717
0,8,1,13,23,6,76720
0,8,2,13,23,6,76723
0,8,3,13,23,6,76726
0,8,4,13,23,6,76729
0,8,5,13,23,6,76732
0,8,6,13,23,6,76735
0,8,7,13,23,6,76738
0,8,8,13,23,6,76741
0,8,9,13,23,6,76744
0,8,10,13,23,6,76747
0,8,11,13,23,6,76750
0,8,12,13,23,6,76753
0,8,13,13,23,6,76756
0,8,14,13,23,6,76759
0,8,15,13,23,6,76762
0,8,16,13,23,6,76765
0,8,17,13,23,6,76768
0,8,18,13,23,6,76771
0,8,19,13,23,6,76774
0,8,20,13,23,6,76777
0,8,21,13,23,6,76780
0,8,22,13,23,6,76783
0,8,23,13,23,6,76786
0,8,0,0,23,7,76789
0,8,1,0,23,7,76792
0,8,2,0,23,7,76795
0,8,3,0,23,7,76798
0,8,4,0,23,7,76801
0,8,5,0,23,7,76804
0,8,6,0,23,7,76807
0,8,7,0,23,7,76810
0,8,8,0,23,7,76813
0,8,9,0,23,7,76816
0,8,10,0,23,7,76819
0,8,11,0,23,7,76822
0,8,12,0,23,7,76825
0,8,13,0,23,7,76828
0,8,14,0,23,7,76831
0,8,15,0,23,7,76834
0,8,16,0,23,7,76837
0,8,17,0,23,7,76840
0,8,18,0,23,7,76843
0,8,19,0,23,7,76846
0,8,20,0,23,7,76849
0,8,21,0,23,7,76852
0,8,22,0,23,7,76855
0,8,23,0,23,7,76858
0,8,0,1,23,7,76861
0,8,1,1,23,7,76864
0,8,2,1,23,7,76867
0,8,3,1,23,7,76870
0,8,4,1,23,7,76873
0,8,5,1,23,7,76876
0,8,6,1,23,7,76879
0,8,7,1,23,7,76882
0,8,8,1,23,7,76885
0,8,9,1,23,7,76888
0,8,10,1,23,7,76891
0,8,11,1,23,7,76894
0,8,12,1,23,7,76897
0,8,13,1,23,7,76900
0,8,14,1,23,7,76903
0,8,15,1,23,7,76906
0,8,16,1,23,7,76909
0,8,17,1,23,7,76912
0,8,18,1,23,7,76915
0,8,19,1,23,7,76918
0,8,20,1,23,7,76921
0,8,21,1,23,7,76924
0,8,22,1,23,7,76927
0,8,23,1,23,7,76930
0,8,0,2,23,7,76933
0,8,1,2,23,7,76936
0,8,2,2,23,7,76939
0,8,3,2,23,7,76942
0,8,4,2,23,7,76945
0,8,5,2,23,7,76948
0,8,6,2,23,7,76951
0,8,7,2,23,7,76954
0,8,8,2,23,7,76957
0,8,9,2,23,7,76960
0,8,10,2,23,7,76963
0,8,11,2,23,7,76966
0,8,12,2,23,7,76969
0,8,13,2,23,7,76972
0,8,14,2,23,7,76975
0,8,15,2,23,7,76978
0,8,16,2,23,7,76981
0,8,17,2,23,7,76984
0,8,18,2,23,7,76987
0,8,19,2,23,7,76990
0,8,20,2,23,7,76993
0,8,21,2,23,7,76996
0,8,22,2,23,7,76999
0,8,23,2,23,7,77002
0,8,0,3,23,7,77005
0,8,1,3,23,7,77008
0,8,2,3,23,7,77011
0,8,3,3,23,7,77014
0,8,4,3,23,7,77017
0,8,5,3,23,7,77020
0,8,6,3,23,7,77023
0,8,7,3,23,7,77026
0,8,8,3,23,7,77029
0,8,9,3,23,7,77032
0,8,10,3,23,7,77035
0,8,11,3,23,7,77038
0,8,12,3,23,7,77041
0,8,13,3,23,7,77044
0,8,14,3,23,7,77047
0,8,15,3,23,7,77050
0,8,16,3,23,7,77053
0,8,17,3,23,7,77056
0,8,18,3,23,7,77059
0,8,19,3,23,7,77062
0,8,20,3,23,7,77065
0,8,21,3,23,7,77068
0,8,22,3,23,7,77071
0,8,23,3,23,7,77074
0,8,0,4,23,7,77077
0,8,1,4,23,7,77080
0,8,2,4,23,7,77083
0,8,3,4,23,7,77086
0,8,4,4,23,7,77089
0,8,5,4,23,7,77092
0,8,6,4,23,7,77095
0,8,7,4,23,7,77098
0,8,8,4,23,7,77101
0,8,9,4,23,7,77104
0,8,10,4,23,7,77107
0,8,11,4,23,7,77110
0,8,12,4,23,7,77113
0,8,13,4,23,7,77116
0,8,14,4,23,7,77119
0,8,15,4,23,7,77122
0,8,16,4,23,7,77125
0,8,17,4,23,7,77128
0,8,18,4,23,7,77131
0,8,19,4,23,7,77134
0,8,20,4,23,7,77137
0,8,21,4,23,7,77140
0,8,22,4,23,7,77143
0,8,23,4,23,7,77146
0,8,0,5,23,7,77149
0,8,1,5,23,7,77152
0,8,2,5,23,7,77155
0,8,3,5,23,7,77158
0,8,4,5,23,7,77161
0,8,5,5,23,7,77164
0,8,6,5,23,7,77167
0,8,7,5,23,7,77170
0,8,8,5,23,7,77173
0,8,9,5,23,7,77176
0,8,10,5,23,7,77179
0,8,11,5,23,7,77182
0,8,12,5,23,7,77185
0,8,13,5,23,7,77188
0,8,14,5,23,7,77191
0,8,15,5,23,7,77194
0,8,16,5,23,7,77197
0,8,17,5,23,7,77200
0,8,18,5,23,7,77203
0,8,19,5,23,7,77206
0,8,20,5,23,7,77209
0,8,21,5,23,7,77212
0,8,22,5,23,7,77215
0,8,23,5,23,7,77218
0,8,0,6,23,7,77221
0,8,1,6,23,7,77224
0,8,2,6,23,7,77227
0,8,3,6,23,7,77230
0,8,4,6,23,7,77233
0,8,5,6,23,7,77236
0,8,6,6,23,7,77239
0,8,7,6,23,7,77242
0,8,8,6,23,7,77245
0,8,9,6,23,7,77248
0,8,10,6,23,7,77251
0,8,11,6,23,7,77254
0,8,12,6,23,7,77257
0,8,13,6,23,7,77260
0,8,14,6,23,7,77263
0,8,15,6,23,7,77266
0,8,16,6,23,7,77269
0,8,17,6,23,7,77272
0,8,18,6,23,7,77275
0,8,19,6,23,7,77278
0,8,20,6,23,7,77281
0,8,21,6,23,7,77284
0,8,22,6,23,7,77287
0,8,23,6,23,7,77290
0,8,0,7,23,7,77293
0,8,1,7,23,7,77296
0,8,2,7,23,7,77299
0,8,3,7,23,7,77302
0,8,4,7,23,7,77305
0,8,5,7,23,7,77308
0,8,6,7,23,7,77311
0,8,7,7,23,7,77314
0,8,8,7,23,7,77317
0,8,9,7,23,7,77320
0,8,10,7,23,7,77323
0,8,11,7,23,7,77326
0,8,12,7,23,7,77329
0,8,13,7,23,7,77332
0,8,14,7,23,7,77335
0,8,15,7,23,7,77338
0,8,16,7,23,7,77341
0,8,17,7,23,7,77344
0,8,18,7,23,7,77347
0,8,19,7,23,7,77350
0,8,20,7,23,7,77353
0,8,21,7,23,7,77356
0,8,22,7,23,7,77359
0,8,1,8,23,7,77362
0,8,2,8,23,7,77365
0,8,3,8,23,7,77368
0,8,4,8,23,7,77371
0,8,5,8,23,7,77374
0,8,6,8,23,7,77377
0,8,7,8,23,7,77380
0,8,8,8,23,7,77383
0,8,9,8,23,7,77386
0,8,10,8,23,7,77389
0,8,11,8,23,7,77392
0,8,12,8,23,7,77395
0,8,13,8,23,7,77398
0,8,14,8,23,7,77401
0,8,15,8,23,7,77404
0,8,16,8,23,7,77407
0,8,17,8,23,7,77410
0,8,18,8,23,7,77413
0,8,19,8,23,7,77416
0,8,20,8,23,7,77419
0,8,21,8,23,7,77422
0,8,22,8,23,7,77425
0,8,1,9,23,7,77428
0,8,2,9,23,7,77431
0,8,3,9,23,7,77434
0,8,4,9,23,7,77437
0,8,5,9,23,7,77440
0,8,6,9,23,7,77443
0,8,7,9,23,7,77446
0,8,8,9,23,7,77449
0,8,9,9,23,7,77452
0,8,10,9,23,7,77455
0,8,11,9,23,7,77458
0,8,12,9,23,7,77461
0,8,13,9,23,7,77464
0,8,14,9,23,7,77467
0,8,15,9,23,7,77470
0,8,16,9,23,7,77473
0,8,17,9,23,7,77476
0,8,18,9,23,7,77479
0,8,19,9,23,7,77482
0,8,20,9,23,7,77485
0,8,21,9,23,7,77488
0,8,22,9,23,7,77491
0,8,1,10,23,7,77494
0,8,2,10,23,7,77497
0,8,3,10,23,7,77500
0,8,4,10,23,7,77503
0,8,5,10,23,7,77506
0,8,6,10,23,7,77509
0,8,7,10,23,7,77512
0,8,8,10,23,7,77515
0,8,9,10,23,7,77518
0,8,10,10,23,7,77521
0,8,11,10,23,7,77524
0,8,12,10,23,7,77527
0,8,13,10,23,7,77530
0,8,14,10,23,7,77533
0,8,15,10,23,7,77536
0,8,16,10,23,7,77539
0,8,17,10,23,7,77542
0,8,18,10,23,7,77545
0,8,19,10,23,7,77548
0,8,20,10,23,7,77551
0,8,21,10,23,7,77554
0,8,22,10,23,7,77557
0,8,1,11,23,7,77560
0,8,2,11,23,7,77563
0,8,3,11,23,7,77566
0,8,4,11,23,7,77569
0,8,5,11,23,7,77572
0,8,6,11,23,7,77575
0,8,7,11,23,7,77578
0,8,8,11,23,7,77581
0,8,9,11,23,7,77584
0,8,10,11,23,7,77587
0,8,11,11,23,7,77590
0,8,12,11,23,7,77593
0,8,13,11,23,7,77596
0,8,14,11,23,7,77599
0,8,15,11,23,7,77602
0,8,16,11,23,7,77605
0,8,17,11,23,7,77608
0,8,18,11,23,7,77611
0,8,19,11,23,7,77614
0,8,20,11,23,7,77617
0,8,21,11,23,7,77620
0,8,22,11,23,7,77623
0,8,1,12,23,7,77626
0,8,2,12,23,7,77629
0,8,3,12,23,7,77632
0,8,4,12,23,7,77635
0,8,5,12,23,7,77638
0,8,6,12,23,7,77641
0,8,7,12,23,7,77644
0,8,8,12,23,7,77647
0,8,9,12,23,7,77650
0,8,10,12,23,7,77653
0,8,11,12,23,7,77656
0,8,12,12,23,7,77659
0,8,13,12,23,7,77662
0,8,14,12,23,7,77665
0,8,15,12,23,7,77668
0,8,16,12,23,7,77671
0,8,17,12,23,7,77674
0,8,18,12,23,7,77677
0,8,19,12,23,7,77680
0,8,20,12,23,7,77683
0,8,21,12,23,7,77686
0,8,22,12,23,7,77689
0,8,1,13,23,7,77692
0,8,2,13,23,7,77695
0,8,3,13,23,7,77698
0,8,4,13,23,7,77701
0,8,5,13,23,7,77704
0,8,6,13,23,7,77707
0,8,7,13,23,7,77710
0,8,8,13,23,7,77713
0,8,9,13,23,7,77716
0,8,10,13,23,7,77719
0,8,11,13,23,7,77722
0,8,12,13,23,7,77725
0,8,13,13,23,7,77728
0,8,14,13,23,7,77731
0,8,15,13,23,7,77734
0,8,16,13,23,7,77737
0,8,17,13,23,7,77740
0,8,18,13,23,7,77743
0,8,19,13,23,7,77746
0,8,20,13,23,7,77749
0,8,21,13,23,7,77752
0,8,22,13,23,7,77755
0,8,23,13,23,7,77758
0,8,0,0,23,8,77761
0,8,1,0,23,8,77764
0,8,2,0,23,8,77767
0,8,3,0,23,8,77770
0,8,4,0,23,8,77773
0,8,5,0,23,8,77776
0,8,6,0,23,8,77779
0,8,7,0,23,8,77782
0,8,8,0,23,8,77785
0,8,9,0,23,8,77788
0,8,10,0,23,8,77791
0,8,11,0,23,8,77794
0,8,12,0,23,8,77797
0,8,13,0,23,8,77800
0,8,14,0,23,8,77803
0,8,15,0,23,8,77806
0,8,16,0,23,8,77809
0,8,17,0,23,8,77812
0,8,18,0,23,8,77815
0,8,19,0,23,8,77818
0,8,20,0,23,8,77821
0,8,21,0,23,8,77824
0,8,22,0,23,8,77827
0,8,23,0,23,8,77830
0,8,0,1,23,8,77833
0,8,1,1,23,8,77836
0,8,2,1,23,8,77839
0,8,3,1,23,8,77842
0,8,4,1,23,8,77845
0,8,5,1,23,8,77848
0,8,6,1,23,8,77851
0,8,7,1,23,8,77854
0,8,8,1,23,8,77857
0,8,9,1,23,8,77860
0,8,10,1,23,8,77863
0,8,11,1,23,8,77866
0,8,12,1,23,8,77869
0,8,13,1,23,8,77872
0,8,14,1,23,8,77875
0,8,15,1,23,8,77878
0,8,16,1,23,8,77881
0,8,17,1,23,8,77884
0,8,18,1,23,8,77887
0,8,19,1,23,8,77890
0,8,20,1,23,8,77893
0,8,21,1,23,8,77896
0,8,22,1,23,8,77899
0,8,23,1,23,8,77902
0,8,0,2,23,8,77905
0,8,1,2,23,8,77908
0,8,2,2,23,8,77911
0,8,3,2,23,8,77914
0,8,4,2,23,8,77917
0,8,5,2,23,8,77920
0,8,6,2,23,8,77923
0,8,7,2,23,8,77926
0,8,8,2,23,8,77929
0,8,9,2,23,8,77932
0,8,10,2,23,8,77935
0,8,11,2,23,8,77938
0,8,12,2,23,8,77941
0,8,13,2,23,8,77944
0,8,14,2,23,8,77947
0,8,15,2,23,8,77950
0,8,16,2,23,8,77953
0,8,17,2,23,8,77956
0,8,18,2,23,8,77959
0,8,19,2,23,8,77962
0,8,20,2,23,8,77965
0,8,21,2,23,8,77968
0,8,22,2,23,8,77971
0,8,23,2,23,8,77974
0,8,0,3,23,8,77977
0,8,1,3,23,8,77980
0,8,2,3,23,8,77983
0,8,3,3,23,8,77986
0,8,4,3,23,8,77989
0,8,5,3,23,8,77992
0,8,6,3,23,8,77995
0,8,7,3,23,8,77998
0,8,8,3,23,8,78001
0,8,9,3,23,8,78004
0,8,10,3,23,8,78007
0,8,11,3,23,8,78010
0,8,12,3,23,8,78013
0,8,13,3,23,8,78016
0,8,14,3,23,8,78019
0,8,15,3,23,8,78022
0,8,16,3,23,8,78025
0,8,17,3,23,8,78028
0,8,18,3,23,8,78031
0,8,19,3,23,8,78034
0,8,20,3,23,8,78037
0,8,21,3,23,8,78040
0,8,22,3,23,8,78043
0,8,23,3,23,8,78046
0,8,0,4,23,8,78049
0,8,1,4,23,8,78052
0,8,2,4,23,8,78055
0,8,3,4,23,8,78058
0,8,4,4,23,8,78061
0,8,5,4,23,8,78064
0,8,6,4,23,8,78067
0,8,7,4,23,8,78070
0,8,8,4,23,8,78073
0,8,9,4,23,8,78076
0,8,10,4,23,8,78079
0,8,11,4,23,8,78082
0,8,12,4,23,8,78085
0,8,13,4,23,8,78088
0,8,14,4,23,8,78091
0,8,15,4,23,8,78094
0,8,16,4,23,8,78097
0,8,17,4,23,8,78100
0,8,18,4,23,8,78103
0,8,19,4,23,8,78106
0,8,20,4,23,8,78109
0,8,21,4,23,8,78112
0,8,22,4,23,8,78115
0,8,23,4,23,8,78118
0,8,0,5,23,8,78121
0,8,1,5,23,8,78124
0,8,2,5,23,8,78127
0,8,3,5,23,8,78130
0,8,4,5,23,8,78133
0,8,5,5,23,8,78136
0,8,6,5,23,8,78139
0,8,7,5,23,8,78142
0,8,8,5,23,8,78145
0,8,9,5,23,8,78148
0,8,10,5,23,8,78151
0,8,11,5,23,8,78154
0,8,12,5,23,8,78157
0,8,13,5,23,8,78160
0,8,14,5,23,8,78163
0,8,15,5,23,8,78166
0,8,16,5,23,8,78169
0,8,17,5,23,8,78172
0,8,18,5,23,8,78175
0,8,19,5,23,8,78178
0,8,20,5,23,8,78181
0,8,21,5,23,8,78184
0,8,22,5,23,8,78187
0,8,23,5,23,8,78190
0,8,0,6,23,8,78193
0,8,1,6,23,8,78196
0,8,2,6,23,8,78199
0,8,3,6,23,8,78202
0,8,4,6,23,8,78205
0,8,5,6,23,8,78208
0,8,6,6,23,8,78211
0,8,7,6,23,8,78214
0,8,8,6,23,8,78217
0,8,9,6,23,8,78220
0,8,10,6,23,8,78223
0,8,11,6,23,8,78226
0,8,12,6,23,8,78229
0,8,13,6,23,8,78232
0,8,14,6,23,8,78235
0,8,15,6,23,8,78238
0,8,16,6,23,8,78241
0,8,17,6,23,8,78244
0,8,18,6,23,8,78247
0,8,19,6,23,8,78250
0,8,20,6,23,8,78253
0,8,21,6,23,8,78256
0,8,22,6,23,8,78259
0,8,23,6,23,8,78262
0,8,0,7,23,8,78265
0,8,1,7,23,8,78268
0,8,2,7,23,8,78271
0,8,3,7,23,8,78274
0,8,4,7,23,8,78277
0,8,5,7,23,8,78280
0,8,6,7,23,8,78283
0,8,7,7,23,8,78286
0,8,8,7,23,8,78289
0,8,9,7,23,8,78292
0,8,10,7,23,8,78295
0,8,11,7,23,8,78298
0,8,12,7,23,8,78301
0,8,13,7,23,8,78304
0,8,14,7,23,8,78307
0,8,15,7,23,8,78310
0,8,16,7,23,8,78313
0,8,17,7,23,8,78316
0,8,18,7,23,8,78319
0,8,19,7,23,8,78322
0,8,20,7,23,8,78325
0,8,21,7,23,8,78328
0,8,22,7,23,8,78331
0,8,23,7,23,8,78334
0,8,1,8,23,8,78337
0,8,2,8,23,8,78340
0,8,3,8,23,8,78343
0,8,4,8,23,8,78346
0,8,5,8,23,8,78349
0,8,6,8,23,8,78352
0,8,7,8,23,8,78355
0,8,8,8,23,8,78358
0,8,9,8,23,8,78361
0,8,10,8,23,8,78364
0,8,11,8,23,8,78367
0,8,12,8,23,8,78370
0,8,13,8,23,8,78373
0,8,14,8,23,8,78376
0,8,15,8,23,8,78379
0,8,16,8,23,8,78382
0,8,17,8,23,8,78385
0,8,18,8,23,8,78388
0,8,19,8,23,8,78391
0,8,20,8,23,8,78394
0,8,21,8,23,8,78397
0,8,22,8,23,8,78400
0,8,1,9,23,8,78403
0,8,2,9,23,8,78406
0,8,3,9,23,8,78409
0,8,4,9,23,8,78412
0,8,5,9,23,8,78415
0,8,6,9,23,8,78418
0,8,7,9,23,8,78421
0,8,8,9,23,8,78424
0,8,9,9,23,8,78427
0,8,10,9,23,8,78430
0,8,11,9,23,8,78433
0,8,12,9,23,8,78436
0,8,13,9,23,8,78439
0,8,14,9,23,8,78442
0,8,15,9,23,8,78445
0,8,16,9,23,8,78448
0,8,17,9,23,8,78451
0,8,18,9,23,8,78454
0,8,19,9,23,8,78457
0,8,20,9,23,8,78460
0,8,21,9,23,8,78463
0,8,22,9,23,8,78466
0,8,1,10,23,8,78469
0,8,2,10,23,8,78472
0,8,3,10,23,8,78475
0,8,4,10,23,8,78478
0,8,5,10,23,8,78481
0,8,6,10,23,8,78484
0,8,7,10,23,8,78487
0,8,8,10,23,8,78490
0,8,9,10,23,8,78493
0,8,10,10,23,8,78496
0,8,11,10,23,8,78499
0,8,12,10,23,8,78502
0,8,13,10,23,8,78505
0,8,14,10,23,8,78508
0,8,15,10,23,8,78511
0,8,16,10,23,8,78514
0,8,17,10,23,8,78517
0,8,18,10,23,8,78520
0,8,19,10,23,8,78523
0,8,20,10,23,8,78526
0,8,21,10,23,8,78529
0,8,22,10,23,8,78532
0,8,1,11,23,8,78535
0,8,2,11,23,8,78538
0,8,3,11,23,8,78541
0,8,4,11,23,8,78544
0,8,5,11,23,8,78547
0,8,6,11,23,8,78550
0,8,7,11,23,8,78553
0,8,8,11,23,8,78556
0,8,9,11,23,8,78559
0,8,10,11,23,8,78562
0,8,11,11,23,8,78565
0,8,12,11,23,8,78568
0,8,13,11,23,8,78571
0,8,14,11,23,8,78574
0,8,15,11,23,8,78577
0,8,16,11,23,8,78580
0,8,17,11,23,8,78583
0,8,18,11,23,8,78586
0,8,19,11,23,8,78589
0,8,20,11,23,8,78592
0,8,21,11,23,8,78595
0,8,22,11,23,8,78598
0,8,1,12,23,8,78601
0,8,2,12,23,8,78604
0,8,3,12,23,8,78607
0,8,4,12,23,8,78610
0,8,5,12,23,8,78613
0,8,6,12,23,8,78616
0,8,7,12,23,8,78619
0,8,8,12,23,8,78622
0,8,9,12,23,8,78625
0,8,10,12,23,8,78628
0,8,11,12,23,8,78631
0,8,12,12,23,8,78634
0,8,13,12,23,8,78637
0,8,14,12,23,8,78640
0,8,15,12,23,8,78643
0,8,16,12,23,8,78646
0,8,17,12,23,8,78649
0,8,18,12,23,8,78652
0,8,19,12,23,8,78655
0,8,20,12,23,8,78658
0,8,21,12,23,8,78661
0,8,22,12,23,8,78664
0,8,1,13,23,8,78667
0,8,2,13,23,8,78670
0,8,3,13,23,8,78673
0,8,4,13,23,8,78676
0,8,5,13,23,8,78679
0,8,6,13,23,8,78682
0,8,7,13,23,8,78685
0,8,8,13,23,8,78688
0,8,9,13,23,8,78691
0,8,10,13,23,8,78694
0,8,11,13,23,8,78697
0,8,12,13,23,8,78700
0,8,13,13,23,8,78703
0,8,14,13,23,8,78706
0,8,15,13,23,8,78709
0,8,16,13,23,8,78712
0,8,17,13,23,8,78715
0,8,18,13,23,8,78718
0,8,19,13,23,8,78721
0,8,20,13,23,8,78724
0,8,21,13,23,8,78727
0,8,22,13,23,8,78730
